[0.000000] (-) TimerEvent: {}
[0.000348] (joy_teleop) JobQueued: {'identifier': 'joy_teleop', 'dependencies': OrderedDict()}
[0.000409] (trolley_bringup) JobQueued: {'identifier': 'trolley_bringup', 'dependencies': OrderedDict()}
[0.000436] (trolley_cmd_mux) JobQueued: {'identifier': 'trolley_cmd_mux', 'dependencies': OrderedDict()}
[0.000457] (trolley_interfaces) JobQueued: {'identifier': 'trolley_interfaces', 'dependencies': OrderedDict()}
[0.000476] (trolley_api) JobQueued: {'identifier': 'trolley_api', 'dependencies': OrderedDict({'trolley_interfaces': '/home/zuiken/Documents/ichosai_2026_trolley/ros2_ws/src/install/trolley_interfaces'})}
[0.000816] (trolley_drive) JobQueued: {'identifier': 'trolley_drive', 'dependencies': OrderedDict({'trolley_interfaces': '/home/zuiken/Documents/ichosai_2026_trolley/ros2_ws/src/install/trolley_interfaces'})}
[0.000849] (trolley_interfaces) JobStarted: {'identifier': 'trolley_interfaces'}
[0.025399] (joy_teleop) JobStarted: {'identifier': 'joy_teleop'}
[0.052351] (trolley_bringup) JobStarted: {'identifier': 'trolley_bringup'}
[0.099712] (-) TimerEvent: {}
[0.200140] (-) TimerEvent: {}
[0.300544] (-) TimerEvent: {}
[0.400944] (-) TimerEvent: {}
[0.484006] (trolley_cmd_mux) JobStarted: {'identifier': 'trolley_cmd_mux'}
[0.493699] (trolley_interfaces) JobProgress: {'identifier': 'trolley_interfaces', 'progress': 'cmake'}
[0.501016] (-) TimerEvent: {}
[0.502077] (trolley_interfaces) JobProgress: {'identifier': 'trolley_interfaces', 'progress': 'build'}
[0.502927] (trolley_interfaces) Command: {'cmd': ['/usr/bin/cmake', '--build', '/home/zuiken/Documents/ichosai_2026_trolley/ros2_ws/src/build/trolley_interfaces', '--', '-j4', '-l4'], 'cwd': '/home/zuiken/Documents/ichosai_2026_trolley/ros2_ws/src/build/trolley_interfaces', 'env': OrderedDict({'LESSOPEN': '| /usr/bin/lesspipe %s', 'USER': 'zuiken', 'SSH_CLIENT': 'fe80::6602:f97c:cba5:7eae%wlan0 59220 22', 'XDG_SESSION_TYPE': 'tty', 'GIT_ASKPASS': '/home/zuiken/.vscode-server/cli/servers/Stable-a44adf7f53e00964ab890f9f8758a334f1fc15bc/server/extensions/git/dist/askpass.sh', 'SHLVL': '1', 'LD_LIBRARY_PATH': '/opt/ros/jazzy/opt/rviz_ogre_vendor/lib:/opt/ros/jazzy/lib/aarch64-linux-gnu:/opt/ros/jazzy/opt/gz_math_vendor/lib:/opt/ros/jazzy/opt/gz_utils_vendor/lib:/opt/ros/jazzy/opt/gz_cmake_vendor/lib:/opt/ros/jazzy/lib', 'BROWSER': '/home/zuiken/.vscode-server/cli/servers/Stable-a44adf7f53e00964ab890f9f8758a334f1fc15bc/server/bin/helpers/browser.sh', 'HOME': '/home/zuiken', 'OLDPWD': '/home/zuiken/Documents/ichosai_2026_trolley/ros2_ws', 'TERM_PROGRAM_VERSION': '1.136.1', 'VSCODE_IPC_HOOK_CLI': '/run/user/1000/vscode-ipc-c36184e9-140e-4b1b-9d23-fae309b2ab8d.sock', 'ROS_PYTHON_VERSION': '3', 'VSCODE_GIT_ASKPASS_MAIN': '/home/zuiken/.vscode-server/cli/servers/Stable-a44adf7f53e00964ab890f9f8758a334f1fc15bc/server/extensions/git/dist/askpass-main.js', 'VSCODE_GIT_ASKPASS_NODE': '/home/zuiken/.vscode-server/cli/servers/Stable-a44adf7f53e00964ab890f9f8758a334f1fc15bc/server/node', 'VSCODE_PYTHON_AUTOACTIVATE_GUARD': '1', 'DBUS_SESSION_BUS_ADDRESS': 'unix:path=/run/user/1000/bus', 'COLORTERM': 'truecolor', 'ROS_DISTRO': 'jazzy', 'LOGNAME': 'zuiken', '_': '/usr/bin/colcon', 'ROS_VERSION': '2', 'XDG_SESSION_CLASS': 'user', 'TERM': 'xterm-256color', 'XDG_SESSION_ID': '3', 'PATH': '/opt/ros/jazzy/bin:/home/zuiken/.vscode-server/data/User/globalStorage/github.copilot-chat/debugCommand:/home/zuiken/.vscode-server/data/User/globalStorage/github.copilot-chat/copilotCli:/home/zuiken/.vscode-server/cli/servers/Stable-a44adf7f53e00964ab890f9f8758a334f1fc15bc/server/bin/remote-cli:/usr/local/sbin:/usr/local/bin:/usr/sbin:/usr/bin:/sbin:/bin:/usr/games:/usr/local/games:/snap/bin', 'XDG_RUNTIME_DIR': '/run/user/1000', 'LANG': 'C.UTF-8', 'LS_COLORS': 'rs=0:di=01;34:ln=01;36:mh=00:pi=40;33:so=01;35:do=01;35:bd=40;33;01:cd=40;33;01:or=40;31;01:mi=00:su=37;41:sg=30;43:ca=00:tw=30;42:ow=34;42:st=37;44:ex=01;32:*.tar=01;31:*.tgz=01;31:*.arc=01;31:*.arj=01;31:*.taz=01;31:*.lha=01;31:*.lz4=01;31:*.lzh=01;31:*.lzma=01;31:*.tlz=01;31:*.txz=01;31:*.tzo=01;31:*.t7z=01;31:*.zip=01;31:*.z=01;31:*.dz=01;31:*.gz=01;31:*.lrz=01;31:*.lz=01;31:*.lzo=01;31:*.xz=01;31:*.zst=01;31:*.tzst=01;31:*.bz2=01;31:*.bz=01;31:*.tbz=01;31:*.tbz2=01;31:*.tz=01;31:*.deb=01;31:*.rpm=01;31:*.jar=01;31:*.war=01;31:*.ear=01;31:*.sar=01;31:*.rar=01;31:*.alz=01;31:*.ace=01;31:*.zoo=01;31:*.cpio=01;31:*.7z=01;31:*.rz=01;31:*.cab=01;31:*.wim=01;31:*.swm=01;31:*.dwm=01;31:*.esd=01;31:*.avif=01;35:*.jpg=01;35:*.jpeg=01;35:*.mjpg=01;35:*.mjpeg=01;35:*.gif=01;35:*.bmp=01;35:*.pbm=01;35:*.pgm=01;35:*.ppm=01;35:*.tga=01;35:*.xbm=01;35:*.xpm=01;35:*.tif=01;35:*.tiff=01;35:*.png=01;35:*.svg=01;35:*.svgz=01;35:*.mng=01;35:*.pcx=01;35:*.mov=01;35:*.mpg=01;35:*.mpeg=01;35:*.m2v=01;35:*.mkv=01;35:*.webm=01;35:*.webp=01;35:*.ogm=01;35:*.mp4=01;35:*.m4v=01;35:*.mp4v=01;35:*.vob=01;35:*.qt=01;35:*.nuv=01;35:*.wmv=01;35:*.asf=01;35:*.rm=01;35:*.rmvb=01;35:*.flc=01;35:*.avi=01;35:*.fli=01;35:*.flv=01;35:*.gl=01;35:*.dl=01;35:*.xcf=01;35:*.xwd=01;35:*.yuv=01;35:*.cgm=01;35:*.emf=01;35:*.ogv=01;35:*.ogx=01;35:*.aac=00;36:*.au=00;36:*.flac=00;36:*.m4a=00;36:*.mid=00;36:*.midi=00;36:*.mka=00;36:*.mp3=00;36:*.mpc=00;36:*.ogg=00;36:*.ra=00;36:*.wav=00;36:*.oga=00;36:*.opus=00;36:*.spx=00;36:*.xspf=00;36:*~=00;90:*#=00;90:*.bak=00;90:*.crdownload=00;90:*.dpkg-dist=00;90:*.dpkg-new=00;90:*.dpkg-old=00;90:*.dpkg-tmp=00;90:*.old=00;90:*.orig=00;90:*.part=00;90:*.rej=00;90:*.rpmnew=00;90:*.rpmorig=00;90:*.rpmsave=00;90:*.swp=00;90:*.tmp=00;90:*.ucf-dist=00;90:*.ucf-new=00;90:*.ucf-old=00;90:', 'VSCODE_GIT_IPC_HANDLE': '/run/user/1000/vscode-git-3264b45195.sock', 'TERM_PROGRAM': 'vscode', 'AMENT_PREFIX_PATH': '/opt/ros/jazzy', 'SHELL': '/bin/bash', 'LESSCLOSE': '/usr/bin/lesspipe %s %s', 'ROS_AUTOMATIC_DISCOVERY_RANGE': 'SUBNET', 'VSCODE_GIT_ASKPASS_EXTRA_ARGS': '', 'PWD': '/home/zuiken/Documents/ichosai_2026_trolley/ros2_ws/src/build/trolley_interfaces', 'COPILOT_DEBUG_NONCE': '588d225576d72e8c3f0154716e9a6b5b', 'SSH_CONNECTION': 'fe80::6602:f97c:cba5:7eae%wlan0 59220 fe80::54fc:92a4:ab0f:dff3%wlan0 22', 'PYTHONPATH': '/opt/ros/jazzy/lib/python3.12/site-packages', 'COLCON': '1', 'CMAKE_PREFIX_PATH': '/opt/ros/jazzy/opt/gz_math_vendor:/opt/ros/jazzy/opt/gz_utils_vendor:/opt/ros/jazzy/opt/gz_cmake_vendor:/opt/ros/jazzy'}), 'shell': False}
[0.601127] (-) TimerEvent: {}
[0.701515] (-) TimerEvent: {}
[0.801892] (-) TimerEvent: {}
[0.904475] (-) TimerEvent: {}
[1.004936] (-) TimerEvent: {}
[1.105352] (-) TimerEvent: {}
[1.206154] (-) TimerEvent: {}
[1.306814] (-) TimerEvent: {}
[1.339933] (trolley_interfaces) StdoutLine: {'line': b'[  2%] Built target trolley_interfaces__rosidl_generator_type_description\n'}
[1.342227] (trolley_interfaces) StdoutLine: {'line': b'[  4%] Built target trolley_interfaces__rs\n'}
[1.342422] (trolley_interfaces) StdoutLine: {'line': b'[  6%] Built target trolley_interfaces__cpp\n'}
[1.342563] (trolley_interfaces) StdoutLine: {'line': b'[  6%] Built target ament_cmake_python_copy_trolley_interfaces\n'}
[1.342679] (trolley_interfaces) StdoutLine: {'line': b'[ 24%] Built target trolley_interfaces__rosidl_generator_c\n'}
[1.342783] (trolley_interfaces) StdoutLine: {'line': b'[ 33%] Built target trolley_interfaces__rosidl_typesupport_cpp\n'}
[1.342943] (trolley_interfaces) StdoutLine: {'line': b'[ 42%] Built target trolley_interfaces__rosidl_typesupport_fastrtps_cpp\n'}
[1.343057] (trolley_interfaces) StdoutLine: {'line': b'[ 51%] Built target trolley_interfaces__rosidl_typesupport_introspection_cpp\n'}
[1.343149] (trolley_interfaces) StdoutLine: {'line': b'[ 60%] Built target trolley_interfaces__rosidl_typesupport_introspection_c\n'}
[1.343245] (trolley_interfaces) StdoutLine: {'line': b'[ 68%] Built target trolley_interfaces__rosidl_typesupport_c\n'}
[1.343487] (trolley_interfaces) StdoutLine: {'line': b'[ 77%] Built target trolley_interfaces__rosidl_typesupport_fastrtps_c\n'}
[1.343597] (trolley_interfaces) StdoutLine: {'line': b'[ 77%] Built target trolley_interfaces\n'}
[1.343925] (trolley_interfaces) StdoutLine: {'line': b'[ 80%] Built target trolley_interfaces__py\n'}
[1.344214] (trolley_interfaces) StdoutLine: {'line': b'running egg_info\n'}
[1.344468] (trolley_interfaces) StdoutLine: {'line': b'writing trolley_interfaces.egg-info/PKG-INFO\n'}
[1.345167] (trolley_interfaces) StdoutLine: {'line': b'writing dependency_links to trolley_interfaces.egg-info/dependency_links.txt\n'}
[1.345337] (trolley_interfaces) StdoutLine: {'line': b'writing top-level names to trolley_interfaces.egg-info/top_level.txt\n'}
[1.345449] (trolley_interfaces) StdoutLine: {'line': b'[ 86%] Built target trolley_interfaces__rosidl_generator_py\n'}
[1.355994] (trolley_interfaces) StdoutLine: {'line': b"reading manifest file 'trolley_interfaces.egg-info/SOURCES.txt'\n"}
[1.358305] (trolley_interfaces) StdoutLine: {'line': b"writing manifest file 'trolley_interfaces.egg-info/SOURCES.txt'\n"}
[1.387974] (trolley_interfaces) StdoutLine: {'line': b'[ 91%] Built target trolley_interfaces_s__rosidl_typesupport_c\n'}
[1.389137] (trolley_interfaces) StdoutLine: {'line': b'[ 95%] Built target trolley_interfaces_s__rosidl_typesupport_introspection_c\n'}
[1.404217] (trolley_interfaces) StdoutLine: {'line': b'[100%] Built target trolley_interfaces_s__rosidl_typesupport_fastrtps_c\n'}
[1.408920] (-) TimerEvent: {}
[1.450317] (trolley_interfaces) StdoutLine: {'line': b'[100%] Built target ament_cmake_python_build_trolley_interfaces_egg\n'}
[1.509015] (-) TimerEvent: {}
[1.609351] (-) TimerEvent: {}
[1.709670] (-) TimerEvent: {}
[1.716350] (trolley_interfaces) CommandEnded: {'returncode': 0}
[1.719849] (trolley_interfaces) JobProgress: {'identifier': 'trolley_interfaces', 'progress': 'install'}
[1.739074] (trolley_interfaces) Command: {'cmd': ['/usr/bin/cmake', '--install', '/home/zuiken/Documents/ichosai_2026_trolley/ros2_ws/src/build/trolley_interfaces'], 'cwd': '/home/zuiken/Documents/ichosai_2026_trolley/ros2_ws/src/build/trolley_interfaces', 'env': OrderedDict({'LESSOPEN': '| /usr/bin/lesspipe %s', 'USER': 'zuiken', 'SSH_CLIENT': 'fe80::6602:f97c:cba5:7eae%wlan0 59220 22', 'XDG_SESSION_TYPE': 'tty', 'GIT_ASKPASS': '/home/zuiken/.vscode-server/cli/servers/Stable-a44adf7f53e00964ab890f9f8758a334f1fc15bc/server/extensions/git/dist/askpass.sh', 'SHLVL': '1', 'LD_LIBRARY_PATH': '/opt/ros/jazzy/opt/rviz_ogre_vendor/lib:/opt/ros/jazzy/lib/aarch64-linux-gnu:/opt/ros/jazzy/opt/gz_math_vendor/lib:/opt/ros/jazzy/opt/gz_utils_vendor/lib:/opt/ros/jazzy/opt/gz_cmake_vendor/lib:/opt/ros/jazzy/lib', 'BROWSER': '/home/zuiken/.vscode-server/cli/servers/Stable-a44adf7f53e00964ab890f9f8758a334f1fc15bc/server/bin/helpers/browser.sh', 'HOME': '/home/zuiken', 'OLDPWD': '/home/zuiken/Documents/ichosai_2026_trolley/ros2_ws', 'TERM_PROGRAM_VERSION': '1.136.1', 'VSCODE_IPC_HOOK_CLI': '/run/user/1000/vscode-ipc-c36184e9-140e-4b1b-9d23-fae309b2ab8d.sock', 'ROS_PYTHON_VERSION': '3', 'VSCODE_GIT_ASKPASS_MAIN': '/home/zuiken/.vscode-server/cli/servers/Stable-a44adf7f53e00964ab890f9f8758a334f1fc15bc/server/extensions/git/dist/askpass-main.js', 'VSCODE_GIT_ASKPASS_NODE': '/home/zuiken/.vscode-server/cli/servers/Stable-a44adf7f53e00964ab890f9f8758a334f1fc15bc/server/node', 'VSCODE_PYTHON_AUTOACTIVATE_GUARD': '1', 'DBUS_SESSION_BUS_ADDRESS': 'unix:path=/run/user/1000/bus', 'COLORTERM': 'truecolor', 'ROS_DISTRO': 'jazzy', 'LOGNAME': 'zuiken', '_': '/usr/bin/colcon', 'ROS_VERSION': '2', 'XDG_SESSION_CLASS': 'user', 'TERM': 'xterm-256color', 'XDG_SESSION_ID': '3', 'PATH': '/opt/ros/jazzy/bin:/home/zuiken/.vscode-server/data/User/globalStorage/github.copilot-chat/debugCommand:/home/zuiken/.vscode-server/data/User/globalStorage/github.copilot-chat/copilotCli:/home/zuiken/.vscode-server/cli/servers/Stable-a44adf7f53e00964ab890f9f8758a334f1fc15bc/server/bin/remote-cli:/usr/local/sbin:/usr/local/bin:/usr/sbin:/usr/bin:/sbin:/bin:/usr/games:/usr/local/games:/snap/bin', 'XDG_RUNTIME_DIR': '/run/user/1000', 'LANG': 'C.UTF-8', 'LS_COLORS': 'rs=0:di=01;34:ln=01;36:mh=00:pi=40;33:so=01;35:do=01;35:bd=40;33;01:cd=40;33;01:or=40;31;01:mi=00:su=37;41:sg=30;43:ca=00:tw=30;42:ow=34;42:st=37;44:ex=01;32:*.tar=01;31:*.tgz=01;31:*.arc=01;31:*.arj=01;31:*.taz=01;31:*.lha=01;31:*.lz4=01;31:*.lzh=01;31:*.lzma=01;31:*.tlz=01;31:*.txz=01;31:*.tzo=01;31:*.t7z=01;31:*.zip=01;31:*.z=01;31:*.dz=01;31:*.gz=01;31:*.lrz=01;31:*.lz=01;31:*.lzo=01;31:*.xz=01;31:*.zst=01;31:*.tzst=01;31:*.bz2=01;31:*.bz=01;31:*.tbz=01;31:*.tbz2=01;31:*.tz=01;31:*.deb=01;31:*.rpm=01;31:*.jar=01;31:*.war=01;31:*.ear=01;31:*.sar=01;31:*.rar=01;31:*.alz=01;31:*.ace=01;31:*.zoo=01;31:*.cpio=01;31:*.7z=01;31:*.rz=01;31:*.cab=01;31:*.wim=01;31:*.swm=01;31:*.dwm=01;31:*.esd=01;31:*.avif=01;35:*.jpg=01;35:*.jpeg=01;35:*.mjpg=01;35:*.mjpeg=01;35:*.gif=01;35:*.bmp=01;35:*.pbm=01;35:*.pgm=01;35:*.ppm=01;35:*.tga=01;35:*.xbm=01;35:*.xpm=01;35:*.tif=01;35:*.tiff=01;35:*.png=01;35:*.svg=01;35:*.svgz=01;35:*.mng=01;35:*.pcx=01;35:*.mov=01;35:*.mpg=01;35:*.mpeg=01;35:*.m2v=01;35:*.mkv=01;35:*.webm=01;35:*.webp=01;35:*.ogm=01;35:*.mp4=01;35:*.m4v=01;35:*.mp4v=01;35:*.vob=01;35:*.qt=01;35:*.nuv=01;35:*.wmv=01;35:*.asf=01;35:*.rm=01;35:*.rmvb=01;35:*.flc=01;35:*.avi=01;35:*.fli=01;35:*.flv=01;35:*.gl=01;35:*.dl=01;35:*.xcf=01;35:*.xwd=01;35:*.yuv=01;35:*.cgm=01;35:*.emf=01;35:*.ogv=01;35:*.ogx=01;35:*.aac=00;36:*.au=00;36:*.flac=00;36:*.m4a=00;36:*.mid=00;36:*.midi=00;36:*.mka=00;36:*.mp3=00;36:*.mpc=00;36:*.ogg=00;36:*.ra=00;36:*.wav=00;36:*.oga=00;36:*.opus=00;36:*.spx=00;36:*.xspf=00;36:*~=00;90:*#=00;90:*.bak=00;90:*.crdownload=00;90:*.dpkg-dist=00;90:*.dpkg-new=00;90:*.dpkg-old=00;90:*.dpkg-tmp=00;90:*.old=00;90:*.orig=00;90:*.part=00;90:*.rej=00;90:*.rpmnew=00;90:*.rpmorig=00;90:*.rpmsave=00;90:*.swp=00;90:*.tmp=00;90:*.ucf-dist=00;90:*.ucf-new=00;90:*.ucf-old=00;90:', 'VSCODE_GIT_IPC_HANDLE': '/run/user/1000/vscode-git-3264b45195.sock', 'TERM_PROGRAM': 'vscode', 'AMENT_PREFIX_PATH': '/opt/ros/jazzy', 'SHELL': '/bin/bash', 'LESSCLOSE': '/usr/bin/lesspipe %s %s', 'ROS_AUTOMATIC_DISCOVERY_RANGE': 'SUBNET', 'VSCODE_GIT_ASKPASS_EXTRA_ARGS': '', 'PWD': '/home/zuiken/Documents/ichosai_2026_trolley/ros2_ws/src/build/trolley_interfaces', 'COPILOT_DEBUG_NONCE': '588d225576d72e8c3f0154716e9a6b5b', 'SSH_CONNECTION': 'fe80::6602:f97c:cba5:7eae%wlan0 59220 fe80::54fc:92a4:ab0f:dff3%wlan0 22', 'PYTHONPATH': '/opt/ros/jazzy/lib/python3.12/site-packages', 'COLCON': '1', 'CMAKE_PREFIX_PATH': '/opt/ros/jazzy/opt/gz_math_vendor:/opt/ros/jazzy/opt/gz_utils_vendor:/opt/ros/jazzy/opt/gz_cmake_vendor:/opt/ros/jazzy'}), 'shell': False}
[1.774085] (trolley_interfaces) StdoutLine: {'line': b'-- Install configuration: ""\n'}
[1.774409] (trolley_interfaces) StdoutLine: {'line': b'-- Up-to-date: /home/zuiken/Documents/ichosai_2026_trolley/ros2_ws/src/install/trolley_interfaces/share/ament_index/resource_index/rosidl_interfaces/trolley_interfaces\n'}
[1.774550] (trolley_interfaces) StdoutLine: {'line': b'-- Up-to-date: /home/zuiken/Documents/ichosai_2026_trolley/ros2_ws/src/install/trolley_interfaces/share/trolley_interfaces/srv/SetDriveEnabled.json\n'}
[1.774663] (trolley_interfaces) StdoutLine: {'line': b'-- Up-to-date: /home/zuiken/Documents/ichosai_2026_trolley/ros2_ws/src/install/trolley_interfaces/share/trolley_interfaces/srv/SetDriveMode.json\n'}
[1.774772] (trolley_interfaces) StdoutLine: {'line': b'-- Up-to-date: /home/zuiken/Documents/ichosai_2026_trolley/ros2_ws/src/install/trolley_interfaces/include/trolley_interfaces/trolley_interfaces\n'}
[1.775395] (trolley_interfaces) StdoutLine: {'line': b'-- Up-to-date: /home/zuiken/Documents/ichosai_2026_trolley/ros2_ws/src/install/trolley_interfaces/include/trolley_interfaces/trolley_interfaces/msg\n'}
[1.775747] (trolley_interfaces) StdoutLine: {'line': b'-- Up-to-date: /home/zuiken/Documents/ichosai_2026_trolley/ros2_ws/src/install/trolley_interfaces/include/trolley_interfaces/trolley_interfaces/msg/rosidl_generator_c__visibility_control.h\n'}
[1.775909] (trolley_interfaces) StdoutLine: {'line': b'-- Up-to-date: /home/zuiken/Documents/ichosai_2026_trolley/ros2_ws/src/install/trolley_interfaces/include/trolley_interfaces/trolley_interfaces/srv\n'}
[1.776023] (trolley_interfaces) StdoutLine: {'line': b'-- Up-to-date: /home/zuiken/Documents/ichosai_2026_trolley/ros2_ws/src/install/trolley_interfaces/include/trolley_interfaces/trolley_interfaces/srv/detail\n'}
[1.776130] (trolley_interfaces) StdoutLine: {'line': b'-- Up-to-date: /home/zuiken/Documents/ichosai_2026_trolley/ros2_ws/src/install/trolley_interfaces/include/trolley_interfaces/trolley_interfaces/srv/detail/set_drive_mode__struct.h\n'}
[1.776511] (trolley_interfaces) StdoutLine: {'line': b'-- Up-to-date: /home/zuiken/Documents/ichosai_2026_trolley/ros2_ws/src/install/trolley_interfaces/include/trolley_interfaces/trolley_interfaces/srv/detail/set_drive_enabled__struct.h\n'}
[1.777074] (trolley_interfaces) StdoutLine: {'line': b'-- Up-to-date: /home/zuiken/Documents/ichosai_2026_trolley/ros2_ws/src/install/trolley_interfaces/include/trolley_interfaces/trolley_interfaces/srv/detail/set_drive_enabled__description.c\n'}
[1.777337] (trolley_interfaces) StdoutLine: {'line': b'-- Up-to-date: /home/zuiken/Documents/ichosai_2026_trolley/ros2_ws/src/install/trolley_interfaces/include/trolley_interfaces/trolley_interfaces/srv/detail/set_drive_mode__description.c\n'}
[1.778049] (trolley_interfaces) StdoutLine: {'line': b'-- Up-to-date: /home/zuiken/Documents/ichosai_2026_trolley/ros2_ws/src/install/trolley_interfaces/include/trolley_interfaces/trolley_interfaces/srv/detail/set_drive_mode__functions.h\n'}
[1.778234] (trolley_interfaces) StdoutLine: {'line': b'-- Up-to-date: /home/zuiken/Documents/ichosai_2026_trolley/ros2_ws/src/install/trolley_interfaces/include/trolley_interfaces/trolley_interfaces/srv/detail/set_drive_enabled__type_support.h\n'}
[1.778341] (trolley_interfaces) StdoutLine: {'line': b'-- Up-to-date: /home/zuiken/Documents/ichosai_2026_trolley/ros2_ws/src/install/trolley_interfaces/include/trolley_interfaces/trolley_interfaces/srv/detail/set_drive_enabled__functions.h\n'}
[1.778433] (trolley_interfaces) StdoutLine: {'line': b'-- Up-to-date: /home/zuiken/Documents/ichosai_2026_trolley/ros2_ws/src/install/trolley_interfaces/include/trolley_interfaces/trolley_interfaces/srv/detail/set_drive_mode__functions.c\n'}
[1.778555] (trolley_interfaces) StdoutLine: {'line': b'-- Installing: /home/zuiken/Documents/ichosai_2026_trolley/ros2_ws/src/install/trolley_interfaces/include/trolley_interfaces/trolley_interfaces/srv/detail/set_drive_mode__type_support.c\n'}
[1.780922] (trolley_interfaces) StdoutLine: {'line': b'-- Installing: /home/zuiken/Documents/ichosai_2026_trolley/ros2_ws/src/install/trolley_interfaces/include/trolley_interfaces/trolley_interfaces/srv/detail/set_drive_enabled__type_support.c\n'}
[1.782582] (trolley_interfaces) StdoutLine: {'line': b'-- Up-to-date: /home/zuiken/Documents/ichosai_2026_trolley/ros2_ws/src/install/trolley_interfaces/include/trolley_interfaces/trolley_interfaces/srv/detail/set_drive_enabled__functions.c\n'}
[1.783097] (trolley_interfaces) StdoutLine: {'line': b'-- Up-to-date: /home/zuiken/Documents/ichosai_2026_trolley/ros2_ws/src/install/trolley_interfaces/include/trolley_interfaces/trolley_interfaces/srv/detail/set_drive_mode__type_support.h\n'}
[1.784163] (trolley_interfaces) StdoutLine: {'line': b'-- Up-to-date: /home/zuiken/Documents/ichosai_2026_trolley/ros2_ws/src/install/trolley_interfaces/include/trolley_interfaces/trolley_interfaces/srv/set_drive_mode.h\n'}
[1.784383] (trolley_interfaces) StdoutLine: {'line': b'-- Up-to-date: /home/zuiken/Documents/ichosai_2026_trolley/ros2_ws/src/install/trolley_interfaces/include/trolley_interfaces/trolley_interfaces/srv/set_drive_enabled.h\n'}
[1.784492] (trolley_interfaces) StdoutLine: {'line': b'-- Up-to-date: /home/zuiken/Documents/ichosai_2026_trolley/ros2_ws/src/install/trolley_interfaces/share/trolley_interfaces/environment/library_path.sh\n'}
[1.784588] (trolley_interfaces) StdoutLine: {'line': b'-- Up-to-date: /home/zuiken/Documents/ichosai_2026_trolley/ros2_ws/src/install/trolley_interfaces/share/trolley_interfaces/environment/library_path.dsv\n'}
[1.787827] (trolley_interfaces) StdoutLine: {'line': b'-- Up-to-date: /home/zuiken/Documents/ichosai_2026_trolley/ros2_ws/src/install/trolley_interfaces/lib/libtrolley_interfaces__rosidl_generator_c.so\n'}
[1.788449] (trolley_interfaces) StdoutLine: {'line': b'-- Up-to-date: /home/zuiken/Documents/ichosai_2026_trolley/ros2_ws/src/install/trolley_interfaces/include/trolley_interfaces/trolley_interfaces\n'}
[1.788712] (trolley_interfaces) StdoutLine: {'line': b'-- Up-to-date: /home/zuiken/Documents/ichosai_2026_trolley/ros2_ws/src/install/trolley_interfaces/include/trolley_interfaces/trolley_interfaces/msg\n'}
[1.788848] (trolley_interfaces) StdoutLine: {'line': b'-- Up-to-date: /home/zuiken/Documents/ichosai_2026_trolley/ros2_ws/src/install/trolley_interfaces/include/trolley_interfaces/trolley_interfaces/msg/rosidl_typesupport_fastrtps_c__visibility_control.h\n'}
[1.788991] (trolley_interfaces) StdoutLine: {'line': b'-- Up-to-date: /home/zuiken/Documents/ichosai_2026_trolley/ros2_ws/src/install/trolley_interfaces/include/trolley_interfaces/trolley_interfaces/srv\n'}
[1.789085] (trolley_interfaces) StdoutLine: {'line': b'-- Up-to-date: /home/zuiken/Documents/ichosai_2026_trolley/ros2_ws/src/install/trolley_interfaces/include/trolley_interfaces/trolley_interfaces/srv/detail\n'}
[1.789180] (trolley_interfaces) StdoutLine: {'line': b'-- Up-to-date: /home/zuiken/Documents/ichosai_2026_trolley/ros2_ws/src/install/trolley_interfaces/include/trolley_interfaces/trolley_interfaces/srv/detail/set_drive_enabled__rosidl_typesupport_fastrtps_c.h\n'}
[1.789322] (trolley_interfaces) StdoutLine: {'line': b'-- Up-to-date: /home/zuiken/Documents/ichosai_2026_trolley/ros2_ws/src/install/trolley_interfaces/include/trolley_interfaces/trolley_interfaces/srv/detail/set_drive_mode__rosidl_typesupport_fastrtps_c.h\n'}
[1.791818] (trolley_interfaces) StdoutLine: {'line': b'-- Up-to-date: /home/zuiken/Documents/ichosai_2026_trolley/ros2_ws/src/install/trolley_interfaces/lib/libtrolley_interfaces__rosidl_typesupport_fastrtps_c.so\n'}
[1.792184] (trolley_interfaces) StdoutLine: {'line': b'-- Up-to-date: /home/zuiken/Documents/ichosai_2026_trolley/ros2_ws/src/install/trolley_interfaces/include/trolley_interfaces/trolley_interfaces\n'}
[1.792403] (trolley_interfaces) StdoutLine: {'line': b'-- Up-to-date: /home/zuiken/Documents/ichosai_2026_trolley/ros2_ws/src/install/trolley_interfaces/include/trolley_interfaces/trolley_interfaces/msg\n'}
[1.792517] (trolley_interfaces) StdoutLine: {'line': b'-- Up-to-date: /home/zuiken/Documents/ichosai_2026_trolley/ros2_ws/src/install/trolley_interfaces/include/trolley_interfaces/trolley_interfaces/msg/rosidl_typesupport_introspection_c__visibility_control.h\n'}
[1.792627] (trolley_interfaces) StdoutLine: {'line': b'-- Up-to-date: /home/zuiken/Documents/ichosai_2026_trolley/ros2_ws/src/install/trolley_interfaces/include/trolley_interfaces/trolley_interfaces/srv\n'}
[1.792729] (trolley_interfaces) StdoutLine: {'line': b'-- Up-to-date: /home/zuiken/Documents/ichosai_2026_trolley/ros2_ws/src/install/trolley_interfaces/include/trolley_interfaces/trolley_interfaces/srv/detail\n'}
[1.792894] (trolley_interfaces) StdoutLine: {'line': b'-- Up-to-date: /home/zuiken/Documents/ichosai_2026_trolley/ros2_ws/src/install/trolley_interfaces/include/trolley_interfaces/trolley_interfaces/srv/detail/set_drive_enabled__rosidl_typesupport_introspection_c.h\n'}
[1.793030] (trolley_interfaces) StdoutLine: {'line': b'-- Up-to-date: /home/zuiken/Documents/ichosai_2026_trolley/ros2_ws/src/install/trolley_interfaces/include/trolley_interfaces/trolley_interfaces/srv/detail/set_drive_mode__rosidl_typesupport_introspection_c.h\n'}
[1.793154] (trolley_interfaces) StdoutLine: {'line': b'-- Installing: /home/zuiken/Documents/ichosai_2026_trolley/ros2_ws/src/install/trolley_interfaces/include/trolley_interfaces/trolley_interfaces/srv/detail/set_drive_mode__type_support.c\n'}
[1.795570] (trolley_interfaces) StdoutLine: {'line': b'-- Installing: /home/zuiken/Documents/ichosai_2026_trolley/ros2_ws/src/install/trolley_interfaces/include/trolley_interfaces/trolley_interfaces/srv/detail/set_drive_enabled__type_support.c\n'}
[1.801188] (trolley_interfaces) StdoutLine: {'line': b'-- Up-to-date: /home/zuiken/Documents/ichosai_2026_trolley/ros2_ws/src/install/trolley_interfaces/lib/libtrolley_interfaces__rosidl_typesupport_introspection_c.so\n'}
[1.805693] (trolley_interfaces) StdoutLine: {'line': b'-- Up-to-date: /home/zuiken/Documents/ichosai_2026_trolley/ros2_ws/src/install/trolley_interfaces/lib/libtrolley_interfaces__rosidl_typesupport_c.so\n'}
[1.806174] (trolley_interfaces) StdoutLine: {'line': b'-- Up-to-date: /home/zuiken/Documents/ichosai_2026_trolley/ros2_ws/src/install/trolley_interfaces/include/trolley_interfaces/trolley_interfaces\n'}
[1.806346] (trolley_interfaces) StdoutLine: {'line': b'-- Up-to-date: /home/zuiken/Documents/ichosai_2026_trolley/ros2_ws/src/install/trolley_interfaces/include/trolley_interfaces/trolley_interfaces/msg\n'}
[1.806468] (trolley_interfaces) StdoutLine: {'line': b'-- Up-to-date: /home/zuiken/Documents/ichosai_2026_trolley/ros2_ws/src/install/trolley_interfaces/include/trolley_interfaces/trolley_interfaces/msg/rosidl_generator_cpp__visibility_control.hpp\n'}
[1.806861] (trolley_interfaces) StdoutLine: {'line': b'-- Up-to-date: /home/zuiken/Documents/ichosai_2026_trolley/ros2_ws/src/install/trolley_interfaces/include/trolley_interfaces/trolley_interfaces/srv\n'}
[1.808187] (trolley_interfaces) StdoutLine: {'line': b'-- Up-to-date: /home/zuiken/Documents/ichosai_2026_trolley/ros2_ws/src/install/trolley_interfaces/include/trolley_interfaces/trolley_interfaces/srv/set_drive_mode.hpp\n'}
[1.808313] (trolley_interfaces) StdoutLine: {'line': b'-- Up-to-date: /home/zuiken/Documents/ichosai_2026_trolley/ros2_ws/src/install/trolley_interfaces/include/trolley_interfaces/trolley_interfaces/srv/set_drive_enabled.hpp\n'}
[1.808429] (trolley_interfaces) StdoutLine: {'line': b'-- Up-to-date: /home/zuiken/Documents/ichosai_2026_trolley/ros2_ws/src/install/trolley_interfaces/include/trolley_interfaces/trolley_interfaces/srv/detail\n'}
[1.808527] (trolley_interfaces) StdoutLine: {'line': b'-- Up-to-date: /home/zuiken/Documents/ichosai_2026_trolley/ros2_ws/src/install/trolley_interfaces/include/trolley_interfaces/trolley_interfaces/srv/detail/set_drive_enabled__builder.hpp\n'}
[1.808625] (trolley_interfaces) StdoutLine: {'line': b'-- Up-to-date: /home/zuiken/Documents/ichosai_2026_trolley/ros2_ws/src/install/trolley_interfaces/include/trolley_interfaces/trolley_interfaces/srv/detail/set_drive_mode__traits.hpp\n'}
[1.808726] (trolley_interfaces) StdoutLine: {'line': b'-- Up-to-date: /home/zuiken/Documents/ichosai_2026_trolley/ros2_ws/src/install/trolley_interfaces/include/trolley_interfaces/trolley_interfaces/srv/detail/set_drive_enabled__struct.hpp\n'}
[1.808827] (trolley_interfaces) StdoutLine: {'line': b'-- Up-to-date: /home/zuiken/Documents/ichosai_2026_trolley/ros2_ws/src/install/trolley_interfaces/include/trolley_interfaces/trolley_interfaces/srv/detail/set_drive_mode__type_support.hpp\n'}
[1.808978] (trolley_interfaces) StdoutLine: {'line': b'-- Up-to-date: /home/zuiken/Documents/ichosai_2026_trolley/ros2_ws/src/install/trolley_interfaces/include/trolley_interfaces/trolley_interfaces/srv/detail/set_drive_mode__struct.hpp\n'}
[1.809079] (trolley_interfaces) StdoutLine: {'line': b'-- Up-to-date: /home/zuiken/Documents/ichosai_2026_trolley/ros2_ws/src/install/trolley_interfaces/include/trolley_interfaces/trolley_interfaces/srv/detail/set_drive_enabled__traits.hpp\n'}
[1.809175] (trolley_interfaces) StdoutLine: {'line': b'-- Up-to-date: /home/zuiken/Documents/ichosai_2026_trolley/ros2_ws/src/install/trolley_interfaces/include/trolley_interfaces/trolley_interfaces/srv/detail/set_drive_mode__builder.hpp\n'}
[1.809269] (trolley_interfaces) StdoutLine: {'line': b'-- Up-to-date: /home/zuiken/Documents/ichosai_2026_trolley/ros2_ws/src/install/trolley_interfaces/include/trolley_interfaces/trolley_interfaces/srv/detail/set_drive_enabled__type_support.hpp\n'}
[1.809363] (trolley_interfaces) StdoutLine: {'line': b'-- Up-to-date: /home/zuiken/Documents/ichosai_2026_trolley/ros2_ws/src/install/trolley_interfaces/include/trolley_interfaces/trolley_interfaces\n'}
[1.811105] (trolley_interfaces) StdoutLine: {'line': b'-- Up-to-date: /home/zuiken/Documents/ichosai_2026_trolley/ros2_ws/src/install/trolley_interfaces/include/trolley_interfaces/trolley_interfaces/msg\n'}
[1.811395] (-) TimerEvent: {}
[1.811751] (trolley_interfaces) StdoutLine: {'line': b'-- Up-to-date: /home/zuiken/Documents/ichosai_2026_trolley/ros2_ws/src/install/trolley_interfaces/include/trolley_interfaces/trolley_interfaces/msg/rosidl_typesupport_fastrtps_cpp__visibility_control.h\n'}
[1.812047] (trolley_interfaces) StdoutLine: {'line': b'-- Up-to-date: /home/zuiken/Documents/ichosai_2026_trolley/ros2_ws/src/install/trolley_interfaces/include/trolley_interfaces/trolley_interfaces/srv\n'}
[1.812173] (trolley_interfaces) StdoutLine: {'line': b'-- Up-to-date: /home/zuiken/Documents/ichosai_2026_trolley/ros2_ws/src/install/trolley_interfaces/include/trolley_interfaces/trolley_interfaces/srv/detail\n'}
[1.812283] (trolley_interfaces) StdoutLine: {'line': b'-- Up-to-date: /home/zuiken/Documents/ichosai_2026_trolley/ros2_ws/src/install/trolley_interfaces/include/trolley_interfaces/trolley_interfaces/srv/detail/set_drive_mode__rosidl_typesupport_fastrtps_cpp.hpp\n'}
[1.812378] (trolley_interfaces) StdoutLine: {'line': b'-- Up-to-date: /home/zuiken/Documents/ichosai_2026_trolley/ros2_ws/src/install/trolley_interfaces/include/trolley_interfaces/trolley_interfaces/srv/detail/set_drive_enabled__rosidl_typesupport_fastrtps_cpp.hpp\n'}
[1.812480] (trolley_interfaces) StdoutLine: {'line': b'-- Up-to-date: /home/zuiken/Documents/ichosai_2026_trolley/ros2_ws/src/install/trolley_interfaces/include/trolley_interfaces/trolley_interfaces/srv/detail/dds_fastrtps\n'}
[1.812578] (trolley_interfaces) StdoutLine: {'line': b'-- Up-to-date: /home/zuiken/Documents/ichosai_2026_trolley/ros2_ws/src/install/trolley_interfaces/lib/libtrolley_interfaces__rosidl_typesupport_fastrtps_cpp.so\n'}
[1.812666] (trolley_interfaces) StdoutLine: {'line': b'-- Up-to-date: /home/zuiken/Documents/ichosai_2026_trolley/ros2_ws/src/install/trolley_interfaces/include/trolley_interfaces/trolley_interfaces\n'}
[1.812749] (trolley_interfaces) StdoutLine: {'line': b'-- Up-to-date: /home/zuiken/Documents/ichosai_2026_trolley/ros2_ws/src/install/trolley_interfaces/include/trolley_interfaces/trolley_interfaces/srv\n'}
[1.812842] (trolley_interfaces) StdoutLine: {'line': b'-- Up-to-date: /home/zuiken/Documents/ichosai_2026_trolley/ros2_ws/src/install/trolley_interfaces/include/trolley_interfaces/trolley_interfaces/srv/detail\n'}
[1.812946] (trolley_interfaces) StdoutLine: {'line': b'-- Up-to-date: /home/zuiken/Documents/ichosai_2026_trolley/ros2_ws/src/install/trolley_interfaces/include/trolley_interfaces/trolley_interfaces/srv/detail/set_drive_mode__type_support.cpp\n'}
[1.813037] (trolley_interfaces) StdoutLine: {'line': b'-- Up-to-date: /home/zuiken/Documents/ichosai_2026_trolley/ros2_ws/src/install/trolley_interfaces/include/trolley_interfaces/trolley_interfaces/srv/detail/set_drive_mode__rosidl_typesupport_introspection_cpp.hpp\n'}
[1.813126] (trolley_interfaces) StdoutLine: {'line': b'-- Up-to-date: /home/zuiken/Documents/ichosai_2026_trolley/ros2_ws/src/install/trolley_interfaces/include/trolley_interfaces/trolley_interfaces/srv/detail/set_drive_enabled__type_support.cpp\n'}
[1.813215] (trolley_interfaces) StdoutLine: {'line': b'-- Up-to-date: /home/zuiken/Documents/ichosai_2026_trolley/ros2_ws/src/install/trolley_interfaces/include/trolley_interfaces/trolley_interfaces/srv/detail/set_drive_enabled__rosidl_typesupport_introspection_cpp.hpp\n'}
[1.817908] (trolley_interfaces) StdoutLine: {'line': b'-- Up-to-date: /home/zuiken/Documents/ichosai_2026_trolley/ros2_ws/src/install/trolley_interfaces/lib/libtrolley_interfaces__rosidl_typesupport_introspection_cpp.so\n'}
[1.819584] (trolley_interfaces) StdoutLine: {'line': b'-- Up-to-date: /home/zuiken/Documents/ichosai_2026_trolley/ros2_ws/src/install/trolley_interfaces/lib/libtrolley_interfaces__rosidl_typesupport_cpp.so\n'}
[1.819988] (trolley_interfaces) StdoutLine: {'line': b'-- Up-to-date: /home/zuiken/Documents/ichosai_2026_trolley/ros2_ws/src/install/trolley_interfaces/share/trolley_interfaces/environment/pythonpath.sh\n'}
[1.820265] (trolley_interfaces) StdoutLine: {'line': b'-- Up-to-date: /home/zuiken/Documents/ichosai_2026_trolley/ros2_ws/src/install/trolley_interfaces/share/trolley_interfaces/environment/pythonpath.dsv\n'}
[1.820418] (trolley_interfaces) StdoutLine: {'line': b'-- Up-to-date: /home/zuiken/Documents/ichosai_2026_trolley/ros2_ws/src/install/trolley_interfaces/lib/python3.12/site-packages/trolley_interfaces-0.0.0-py3.12.egg-info\n'}
[1.820561] (trolley_interfaces) StdoutLine: {'line': b'-- Installing: /home/zuiken/Documents/ichosai_2026_trolley/ros2_ws/src/install/trolley_interfaces/lib/python3.12/site-packages/trolley_interfaces-0.0.0-py3.12.egg-info/top_level.txt\n'}
[1.820742] (trolley_interfaces) StdoutLine: {'line': b'-- Installing: /home/zuiken/Documents/ichosai_2026_trolley/ros2_ws/src/install/trolley_interfaces/lib/python3.12/site-packages/trolley_interfaces-0.0.0-py3.12.egg-info/PKG-INFO\n'}
[1.820918] (trolley_interfaces) StdoutLine: {'line': b'-- Installing: /home/zuiken/Documents/ichosai_2026_trolley/ros2_ws/src/install/trolley_interfaces/lib/python3.12/site-packages/trolley_interfaces-0.0.0-py3.12.egg-info/SOURCES.txt\n'}
[1.821116] (trolley_interfaces) StdoutLine: {'line': b'-- Installing: /home/zuiken/Documents/ichosai_2026_trolley/ros2_ws/src/install/trolley_interfaces/lib/python3.12/site-packages/trolley_interfaces-0.0.0-py3.12.egg-info/dependency_links.txt\n'}
[1.821317] (trolley_interfaces) StdoutLine: {'line': b'-- Up-to-date: /home/zuiken/Documents/ichosai_2026_trolley/ros2_ws/src/install/trolley_interfaces/lib/python3.12/site-packages/trolley_interfaces\n'}
[1.821706] (trolley_interfaces) StdoutLine: {'line': b'-- Up-to-date: /home/zuiken/Documents/ichosai_2026_trolley/ros2_ws/src/install/trolley_interfaces/lib/python3.12/site-packages/trolley_interfaces/trolley_interfaces_s__rosidl_typesupport_introspection_c.so\n'}
[1.821937] (trolley_interfaces) StdoutLine: {'line': b'-- Up-to-date: /home/zuiken/Documents/ichosai_2026_trolley/ros2_ws/src/install/trolley_interfaces/lib/python3.12/site-packages/trolley_interfaces/__init__.py\n'}
[1.822087] (trolley_interfaces) StdoutLine: {'line': b'-- Up-to-date: /home/zuiken/Documents/ichosai_2026_trolley/ros2_ws/src/install/trolley_interfaces/lib/python3.12/site-packages/trolley_interfaces/_trolley_interfaces_s.ep.rosidl_typesupport_introspection_c.c\n'}
[1.822205] (trolley_interfaces) StdoutLine: {'line': b'-- Up-to-date: /home/zuiken/Documents/ichosai_2026_trolley/ros2_ws/src/install/trolley_interfaces/lib/python3.12/site-packages/trolley_interfaces/srv\n'}
[1.822345] (trolley_interfaces) StdoutLine: {'line': b'-- Up-to-date: /home/zuiken/Documents/ichosai_2026_trolley/ros2_ws/src/install/trolley_interfaces/lib/python3.12/site-packages/trolley_interfaces/srv/_set_drive_enabled.py\n'}
[1.822467] (trolley_interfaces) StdoutLine: {'line': b'-- Up-to-date: /home/zuiken/Documents/ichosai_2026_trolley/ros2_ws/src/install/trolley_interfaces/lib/python3.12/site-packages/trolley_interfaces/srv/__init__.py\n'}
[1.822573] (trolley_interfaces) StdoutLine: {'line': b'-- Up-to-date: /home/zuiken/Documents/ichosai_2026_trolley/ros2_ws/src/install/trolley_interfaces/lib/python3.12/site-packages/trolley_interfaces/srv/_set_drive_mode_s.c\n'}
[1.822679] (trolley_interfaces) StdoutLine: {'line': b'-- Up-to-date: /home/zuiken/Documents/ichosai_2026_trolley/ros2_ws/src/install/trolley_interfaces/lib/python3.12/site-packages/trolley_interfaces/srv/_set_drive_mode.py\n'}
[1.822774] (trolley_interfaces) StdoutLine: {'line': b'-- Up-to-date: /home/zuiken/Documents/ichosai_2026_trolley/ros2_ws/src/install/trolley_interfaces/lib/python3.12/site-packages/trolley_interfaces/srv/_set_drive_enabled_s.c\n'}
[1.822907] (trolley_interfaces) StdoutLine: {'line': b'-- Up-to-date: /home/zuiken/Documents/ichosai_2026_trolley/ros2_ws/src/install/trolley_interfaces/lib/python3.12/site-packages/trolley_interfaces/trolley_interfaces_s__rosidl_typesupport_c.so\n'}
[1.823003] (trolley_interfaces) StdoutLine: {'line': b'-- Up-to-date: /home/zuiken/Documents/ichosai_2026_trolley/ros2_ws/src/install/trolley_interfaces/lib/python3.12/site-packages/trolley_interfaces/trolley_interfaces_s__rosidl_typesupport_fastrtps_c.so\n'}
[1.823124] (trolley_interfaces) StdoutLine: {'line': b'-- Up-to-date: /home/zuiken/Documents/ichosai_2026_trolley/ros2_ws/src/install/trolley_interfaces/lib/python3.12/site-packages/trolley_interfaces/_trolley_interfaces_s.ep.rosidl_typesupport_c.c\n'}
[1.823214] (trolley_interfaces) StdoutLine: {'line': b'-- Up-to-date: /home/zuiken/Documents/ichosai_2026_trolley/ros2_ws/src/install/trolley_interfaces/lib/python3.12/site-packages/trolley_interfaces/_trolley_interfaces_s.ep.rosidl_typesupport_fastrtps_c.c\n'}
[1.909934] (trolley_interfaces) StdoutLine: {'line': b"Listing '/home/zuiken/Documents/ichosai_2026_trolley/ros2_ws/src/install/trolley_interfaces/lib/python3.12/site-packages/trolley_interfaces'...\n"}
[1.910338] (trolley_interfaces) StdoutLine: {'line': b"Listing '/home/zuiken/Documents/ichosai_2026_trolley/ros2_ws/src/install/trolley_interfaces/lib/python3.12/site-packages/trolley_interfaces/srv'...\n"}
[1.911522] (-) TimerEvent: {}
[1.933583] (trolley_interfaces) StdoutLine: {'line': b'-- Up-to-date: /home/zuiken/Documents/ichosai_2026_trolley/ros2_ws/src/install/trolley_interfaces/lib/python3.12/site-packages/trolley_interfaces/trolley_interfaces_s__rosidl_typesupport_fastrtps_c.so\n'}
[1.938097] (trolley_interfaces) StdoutLine: {'line': b'-- Up-to-date: /home/zuiken/Documents/ichosai_2026_trolley/ros2_ws/src/install/trolley_interfaces/lib/python3.12/site-packages/trolley_interfaces/trolley_interfaces_s__rosidl_typesupport_introspection_c.so\n'}
[1.941478] (trolley_interfaces) StdoutLine: {'line': b'-- Up-to-date: /home/zuiken/Documents/ichosai_2026_trolley/ros2_ws/src/install/trolley_interfaces/lib/python3.12/site-packages/trolley_interfaces/trolley_interfaces_s__rosidl_typesupport_c.so\n'}
[1.944990] (trolley_interfaces) StdoutLine: {'line': b'-- Up-to-date: /home/zuiken/Documents/ichosai_2026_trolley/ros2_ws/src/install/trolley_interfaces/lib/libtrolley_interfaces__rosidl_generator_py.so\n'}
[1.945295] (trolley_interfaces) StdoutLine: {'line': b'-- Up-to-date: /home/zuiken/Documents/ichosai_2026_trolley/ros2_ws/src/install/trolley_interfaces/share/ament_index/resource_index/rust_packages/trolley_interfaces\n'}
[1.945623] (trolley_interfaces) StdoutLine: {'line': b'-- Up-to-date: /home/zuiken/Documents/ichosai_2026_trolley/ros2_ws/src/install/trolley_interfaces/share/trolley_interfaces/rust\n'}
[1.946128] (trolley_interfaces) StdoutLine: {'line': b'-- Up-to-date: /home/zuiken/Documents/ichosai_2026_trolley/ros2_ws/src/install/trolley_interfaces/share/trolley_interfaces/rust/build.rs\n'}
[1.946764] (trolley_interfaces) StdoutLine: {'line': b'-- Up-to-date: /home/zuiken/Documents/ichosai_2026_trolley/ros2_ws/src/install/trolley_interfaces/share/trolley_interfaces/rust/src\n'}
[1.946920] (trolley_interfaces) StdoutLine: {'line': b'-- Up-to-date: /home/zuiken/Documents/ichosai_2026_trolley/ros2_ws/src/install/trolley_interfaces/share/trolley_interfaces/rust/src/lib.rs\n'}
[1.947024] (trolley_interfaces) StdoutLine: {'line': b'-- Up-to-date: /home/zuiken/Documents/ichosai_2026_trolley/ros2_ws/src/install/trolley_interfaces/share/trolley_interfaces/rust/src/srv\n'}
[1.947109] (trolley_interfaces) StdoutLine: {'line': b'-- Up-to-date: /home/zuiken/Documents/ichosai_2026_trolley/ros2_ws/src/install/trolley_interfaces/share/trolley_interfaces/rust/src/srv/rmw.rs\n'}
[1.947194] (trolley_interfaces) StdoutLine: {'line': b'-- Up-to-date: /home/zuiken/Documents/ichosai_2026_trolley/ros2_ws/src/install/trolley_interfaces/share/trolley_interfaces/rust/src/srv.rs\n'}
[1.947306] (trolley_interfaces) StdoutLine: {'line': b'-- Up-to-date: /home/zuiken/Documents/ichosai_2026_trolley/ros2_ws/src/install/trolley_interfaces/share/trolley_interfaces/rust/Cargo.toml\n'}
[1.947391] (trolley_interfaces) StdoutLine: {'line': b'-- Up-to-date: /home/zuiken/Documents/ichosai_2026_trolley/ros2_ws/src/install/trolley_interfaces/share/trolley_interfaces/srv/SetDriveEnabled.idl\n'}
[1.947475] (trolley_interfaces) StdoutLine: {'line': b'-- Up-to-date: /home/zuiken/Documents/ichosai_2026_trolley/ros2_ws/src/install/trolley_interfaces/share/trolley_interfaces/srv/SetDriveMode.idl\n'}
[1.947566] (trolley_interfaces) StdoutLine: {'line': b'-- Up-to-date: /home/zuiken/Documents/ichosai_2026_trolley/ros2_ws/src/install/trolley_interfaces/share/trolley_interfaces/srv/SetDriveEnabled.srv\n'}
[1.947652] (trolley_interfaces) StdoutLine: {'line': b'-- Up-to-date: /home/zuiken/Documents/ichosai_2026_trolley/ros2_ws/src/install/trolley_interfaces/share/trolley_interfaces/srv/SetDriveMode.srv\n'}
[1.947746] (trolley_interfaces) StdoutLine: {'line': b'-- Up-to-date: /home/zuiken/Documents/ichosai_2026_trolley/ros2_ws/src/install/trolley_interfaces/share/ament_index/resource_index/package_run_dependencies/trolley_interfaces\n'}
[1.947845] (trolley_interfaces) StdoutLine: {'line': b'-- Up-to-date: /home/zuiken/Documents/ichosai_2026_trolley/ros2_ws/src/install/trolley_interfaces/share/ament_index/resource_index/parent_prefix_path/trolley_interfaces\n'}
[1.947958] (trolley_interfaces) StdoutLine: {'line': b'-- Up-to-date: /home/zuiken/Documents/ichosai_2026_trolley/ros2_ws/src/install/trolley_interfaces/share/trolley_interfaces/environment/ament_prefix_path.sh\n'}
[1.948045] (trolley_interfaces) StdoutLine: {'line': b'-- Up-to-date: /home/zuiken/Documents/ichosai_2026_trolley/ros2_ws/src/install/trolley_interfaces/share/trolley_interfaces/environment/ament_prefix_path.dsv\n'}
[1.948128] (trolley_interfaces) StdoutLine: {'line': b'-- Up-to-date: /home/zuiken/Documents/ichosai_2026_trolley/ros2_ws/src/install/trolley_interfaces/share/trolley_interfaces/environment/path.sh\n'}
[1.948213] (trolley_interfaces) StdoutLine: {'line': b'-- Up-to-date: /home/zuiken/Documents/ichosai_2026_trolley/ros2_ws/src/install/trolley_interfaces/share/trolley_interfaces/environment/path.dsv\n'}
[1.948302] (trolley_interfaces) StdoutLine: {'line': b'-- Up-to-date: /home/zuiken/Documents/ichosai_2026_trolley/ros2_ws/src/install/trolley_interfaces/share/trolley_interfaces/local_setup.bash\n'}
[1.948396] (trolley_interfaces) StdoutLine: {'line': b'-- Up-to-date: /home/zuiken/Documents/ichosai_2026_trolley/ros2_ws/src/install/trolley_interfaces/share/trolley_interfaces/local_setup.sh\n'}
[1.948488] (trolley_interfaces) StdoutLine: {'line': b'-- Up-to-date: /home/zuiken/Documents/ichosai_2026_trolley/ros2_ws/src/install/trolley_interfaces/share/trolley_interfaces/local_setup.zsh\n'}
[1.948577] (trolley_interfaces) StdoutLine: {'line': b'-- Up-to-date: /home/zuiken/Documents/ichosai_2026_trolley/ros2_ws/src/install/trolley_interfaces/share/trolley_interfaces/local_setup.dsv\n'}
[1.948660] (trolley_interfaces) StdoutLine: {'line': b'-- Installing: /home/zuiken/Documents/ichosai_2026_trolley/ros2_ws/src/install/trolley_interfaces/share/trolley_interfaces/package.dsv\n'}
[1.952748] (trolley_interfaces) StdoutLine: {'line': b'-- Up-to-date: /home/zuiken/Documents/ichosai_2026_trolley/ros2_ws/src/install/trolley_interfaces/share/ament_index/resource_index/packages/trolley_interfaces\n'}
[1.953033] (trolley_interfaces) StdoutLine: {'line': b'-- Up-to-date: /home/zuiken/Documents/ichosai_2026_trolley/ros2_ws/src/install/trolley_interfaces/share/trolley_interfaces/cmake/export_trolley_interfaces__rosidl_generator_cExport.cmake\n'}
[1.956502] (trolley_interfaces) StdoutLine: {'line': b'-- Up-to-date: /home/zuiken/Documents/ichosai_2026_trolley/ros2_ws/src/install/trolley_interfaces/share/trolley_interfaces/cmake/export_trolley_interfaces__rosidl_generator_cExport-noconfig.cmake\n'}
[1.957900] (trolley_interfaces) StdoutLine: {'line': b'-- Up-to-date: /home/zuiken/Documents/ichosai_2026_trolley/ros2_ws/src/install/trolley_interfaces/share/trolley_interfaces/cmake/export_trolley_interfaces__rosidl_typesupport_fastrtps_cExport.cmake\n'}
[1.958220] (trolley_interfaces) StdoutLine: {'line': b'-- Up-to-date: /home/zuiken/Documents/ichosai_2026_trolley/ros2_ws/src/install/trolley_interfaces/share/trolley_interfaces/cmake/export_trolley_interfaces__rosidl_typesupport_fastrtps_cExport-noconfig.cmake\n'}
[1.959156] (trolley_interfaces) StdoutLine: {'line': b'-- Up-to-date: /home/zuiken/Documents/ichosai_2026_trolley/ros2_ws/src/install/trolley_interfaces/share/trolley_interfaces/cmake/trolley_interfaces__rosidl_typesupport_introspection_cExport.cmake\n'}
[1.959438] (trolley_interfaces) StdoutLine: {'line': b'-- Up-to-date: /home/zuiken/Documents/ichosai_2026_trolley/ros2_ws/src/install/trolley_interfaces/share/trolley_interfaces/cmake/trolley_interfaces__rosidl_typesupport_introspection_cExport-noconfig.cmake\n'}
[1.960460] (trolley_interfaces) StdoutLine: {'line': b'-- Up-to-date: /home/zuiken/Documents/ichosai_2026_trolley/ros2_ws/src/install/trolley_interfaces/share/trolley_interfaces/cmake/trolley_interfaces__rosidl_typesupport_cExport.cmake\n'}
[1.960733] (trolley_interfaces) StdoutLine: {'line': b'-- Up-to-date: /home/zuiken/Documents/ichosai_2026_trolley/ros2_ws/src/install/trolley_interfaces/share/trolley_interfaces/cmake/trolley_interfaces__rosidl_typesupport_cExport-noconfig.cmake\n'}
[1.961449] (trolley_interfaces) StdoutLine: {'line': b'-- Up-to-date: /home/zuiken/Documents/ichosai_2026_trolley/ros2_ws/src/install/trolley_interfaces/share/trolley_interfaces/cmake/export_trolley_interfaces__rosidl_generator_cppExport.cmake\n'}
[1.962288] (trolley_interfaces) StdoutLine: {'line': b'-- Up-to-date: /home/zuiken/Documents/ichosai_2026_trolley/ros2_ws/src/install/trolley_interfaces/share/trolley_interfaces/cmake/export_trolley_interfaces__rosidl_typesupport_fastrtps_cppExport.cmake\n'}
[1.962516] (trolley_interfaces) StdoutLine: {'line': b'-- Up-to-date: /home/zuiken/Documents/ichosai_2026_trolley/ros2_ws/src/install/trolley_interfaces/share/trolley_interfaces/cmake/export_trolley_interfaces__rosidl_typesupport_fastrtps_cppExport-noconfig.cmake\n'}
[1.963459] (trolley_interfaces) StdoutLine: {'line': b'-- Up-to-date: /home/zuiken/Documents/ichosai_2026_trolley/ros2_ws/src/install/trolley_interfaces/share/trolley_interfaces/cmake/trolley_interfaces__rosidl_typesupport_introspection_cppExport.cmake\n'}
[1.963713] (trolley_interfaces) StdoutLine: {'line': b'-- Up-to-date: /home/zuiken/Documents/ichosai_2026_trolley/ros2_ws/src/install/trolley_interfaces/share/trolley_interfaces/cmake/trolley_interfaces__rosidl_typesupport_introspection_cppExport-noconfig.cmake\n'}
[1.964552] (trolley_interfaces) StdoutLine: {'line': b'-- Up-to-date: /home/zuiken/Documents/ichosai_2026_trolley/ros2_ws/src/install/trolley_interfaces/share/trolley_interfaces/cmake/trolley_interfaces__rosidl_typesupport_cppExport.cmake\n'}
[1.964807] (trolley_interfaces) StdoutLine: {'line': b'-- Up-to-date: /home/zuiken/Documents/ichosai_2026_trolley/ros2_ws/src/install/trolley_interfaces/share/trolley_interfaces/cmake/trolley_interfaces__rosidl_typesupport_cppExport-noconfig.cmake\n'}
[1.967007] (trolley_interfaces) StdoutLine: {'line': b'-- Up-to-date: /home/zuiken/Documents/ichosai_2026_trolley/ros2_ws/src/install/trolley_interfaces/share/trolley_interfaces/cmake/export_trolley_interfaces__rosidl_generator_pyExport.cmake\n'}
[1.967764] (trolley_interfaces) StdoutLine: {'line': b'-- Up-to-date: /home/zuiken/Documents/ichosai_2026_trolley/ros2_ws/src/install/trolley_interfaces/share/trolley_interfaces/cmake/export_trolley_interfaces__rosidl_generator_pyExport-noconfig.cmake\n'}
[1.969279] (trolley_interfaces) StdoutLine: {'line': b'-- Up-to-date: /home/zuiken/Documents/ichosai_2026_trolley/ros2_ws/src/install/trolley_interfaces/share/trolley_interfaces/cmake/rosidl_cmake-extras.cmake\n'}
[1.969430] (trolley_interfaces) StdoutLine: {'line': b'-- Up-to-date: /home/zuiken/Documents/ichosai_2026_trolley/ros2_ws/src/install/trolley_interfaces/share/trolley_interfaces/cmake/ament_cmake_export_dependencies-extras.cmake\n'}
[1.969559] (trolley_interfaces) StdoutLine: {'line': b'-- Up-to-date: /home/zuiken/Documents/ichosai_2026_trolley/ros2_ws/src/install/trolley_interfaces/share/trolley_interfaces/cmake/ament_cmake_export_include_directories-extras.cmake\n'}
[1.969680] (trolley_interfaces) StdoutLine: {'line': b'-- Up-to-date: /home/zuiken/Documents/ichosai_2026_trolley/ros2_ws/src/install/trolley_interfaces/share/trolley_interfaces/cmake/ament_cmake_export_libraries-extras.cmake\n'}
[1.969809] (trolley_interfaces) StdoutLine: {'line': b'-- Up-to-date: /home/zuiken/Documents/ichosai_2026_trolley/ros2_ws/src/install/trolley_interfaces/share/trolley_interfaces/cmake/ament_cmake_export_targets-extras.cmake\n'}
[1.969966] (trolley_interfaces) StdoutLine: {'line': b'-- Up-to-date: /home/zuiken/Documents/ichosai_2026_trolley/ros2_ws/src/install/trolley_interfaces/share/trolley_interfaces/cmake/rosidl_cmake_export_typesupport_targets-extras.cmake\n'}
[1.970102] (trolley_interfaces) StdoutLine: {'line': b'-- Up-to-date: /home/zuiken/Documents/ichosai_2026_trolley/ros2_ws/src/install/trolley_interfaces/share/trolley_interfaces/cmake/rosidl_cmake_export_typesupport_libraries-extras.cmake\n'}
[1.970227] (trolley_interfaces) StdoutLine: {'line': b'-- Up-to-date: /home/zuiken/Documents/ichosai_2026_trolley/ros2_ws/src/install/trolley_interfaces/share/trolley_interfaces/cmake/rosidl_cmake_aggregate_target-extras.cmake\n'}
[1.970348] (trolley_interfaces) StdoutLine: {'line': b'-- Up-to-date: /home/zuiken/Documents/ichosai_2026_trolley/ros2_ws/src/install/trolley_interfaces/share/trolley_interfaces/cmake/trolley_interfacesConfig.cmake\n'}
[1.970454] (trolley_interfaces) StdoutLine: {'line': b'-- Up-to-date: /home/zuiken/Documents/ichosai_2026_trolley/ros2_ws/src/install/trolley_interfaces/share/trolley_interfaces/cmake/trolley_interfacesConfig-version.cmake\n'}
[1.970541] (trolley_interfaces) StdoutLine: {'line': b'-- Up-to-date: /home/zuiken/Documents/ichosai_2026_trolley/ros2_ws/src/install/trolley_interfaces/share/trolley_interfaces/package.xml\n'}
[1.975879] (trolley_interfaces) CommandEnded: {'returncode': 0}
[2.013907] (-) TimerEvent: {}
[2.114722] (-) TimerEvent: {}
[2.215076] (-) TimerEvent: {}
[2.315460] (-) TimerEvent: {}
[2.329303] (trolley_interfaces) JobEnded: {'identifier': 'trolley_interfaces', 'rc': 0}
[2.341555] (trolley_api) JobStarted: {'identifier': 'trolley_api'}
[2.415566] (-) TimerEvent: {}
[2.515894] (-) TimerEvent: {}
[2.616256] (-) TimerEvent: {}
[2.716575] (-) TimerEvent: {}
[2.816890] (-) TimerEvent: {}
[2.917217] (-) TimerEvent: {}
[3.017525] (-) TimerEvent: {}
[3.117855] (-) TimerEvent: {}
[3.218173] (-) TimerEvent: {}
[3.318532] (-) TimerEvent: {}
[3.421051] (-) TimerEvent: {}
[3.523892] (-) TimerEvent: {}
[3.624226] (-) TimerEvent: {}
[3.724561] (-) TimerEvent: {}
[3.824887] (-) TimerEvent: {}
[3.926939] (-) TimerEvent: {}
[4.027505] (-) TimerEvent: {}
[4.128570] (-) TimerEvent: {}
[4.148107] (joy_teleop) Command: {'cmd': ['/usr/bin/python3', '-W', 'ignore:setup.py install is deprecated', '-W', 'ignore:easy_install command is deprecated', 'setup.py', 'egg_info', '--egg-base', '../build/joy_teleop', 'build', '--build-base', '/home/zuiken/Documents/ichosai_2026_trolley/ros2_ws/src/build/joy_teleop/build', 'install', '--record', '/home/zuiken/Documents/ichosai_2026_trolley/ros2_ws/src/build/joy_teleop/install.log', '--install-scripts', '$base/lib/joy_teleop', '--single-version-externally-managed', 'install_data'], 'cwd': '/home/zuiken/Documents/ichosai_2026_trolley/ros2_ws/src/joy_teleop', 'env': {'LESSOPEN': '| /usr/bin/lesspipe %s', 'USER': 'zuiken', 'SSH_CLIENT': 'fe80::6602:f97c:cba5:7eae%wlan0 59220 22', 'XDG_SESSION_TYPE': 'tty', 'GIT_ASKPASS': '/home/zuiken/.vscode-server/cli/servers/Stable-a44adf7f53e00964ab890f9f8758a334f1fc15bc/server/extensions/git/dist/askpass.sh', 'SHLVL': '1', 'LD_LIBRARY_PATH': '/opt/ros/jazzy/opt/rviz_ogre_vendor/lib:/opt/ros/jazzy/lib/aarch64-linux-gnu:/opt/ros/jazzy/opt/gz_math_vendor/lib:/opt/ros/jazzy/opt/gz_utils_vendor/lib:/opt/ros/jazzy/opt/gz_cmake_vendor/lib:/opt/ros/jazzy/lib', 'BROWSER': '/home/zuiken/.vscode-server/cli/servers/Stable-a44adf7f53e00964ab890f9f8758a334f1fc15bc/server/bin/helpers/browser.sh', 'HOME': '/home/zuiken', 'OLDPWD': '/home/zuiken/Documents/ichosai_2026_trolley/ros2_ws', 'TERM_PROGRAM_VERSION': '1.136.1', 'VSCODE_IPC_HOOK_CLI': '/run/user/1000/vscode-ipc-c36184e9-140e-4b1b-9d23-fae309b2ab8d.sock', 'ROS_PYTHON_VERSION': '3', 'VSCODE_GIT_ASKPASS_MAIN': '/home/zuiken/.vscode-server/cli/servers/Stable-a44adf7f53e00964ab890f9f8758a334f1fc15bc/server/extensions/git/dist/askpass-main.js', 'VSCODE_GIT_ASKPASS_NODE': '/home/zuiken/.vscode-server/cli/servers/Stable-a44adf7f53e00964ab890f9f8758a334f1fc15bc/server/node', 'VSCODE_PYTHON_AUTOACTIVATE_GUARD': '1', 'DBUS_SESSION_BUS_ADDRESS': 'unix:path=/run/user/1000/bus', 'COLORTERM': 'truecolor', 'ROS_DISTRO': 'jazzy', 'LOGNAME': 'zuiken', '_': '/usr/bin/colcon', 'ROS_VERSION': '2', 'XDG_SESSION_CLASS': 'user', 'TERM': 'xterm-256color', 'XDG_SESSION_ID': '3', 'PATH': '/opt/ros/jazzy/bin:/home/zuiken/.vscode-server/data/User/globalStorage/github.copilot-chat/debugCommand:/home/zuiken/.vscode-server/data/User/globalStorage/github.copilot-chat/copilotCli:/home/zuiken/.vscode-server/cli/servers/Stable-a44adf7f53e00964ab890f9f8758a334f1fc15bc/server/bin/remote-cli:/usr/local/sbin:/usr/local/bin:/usr/sbin:/usr/bin:/sbin:/bin:/usr/games:/usr/local/games:/snap/bin', 'XDG_RUNTIME_DIR': '/run/user/1000', 'LANG': 'C.UTF-8', 'LS_COLORS': 'rs=0:di=01;34:ln=01;36:mh=00:pi=40;33:so=01;35:do=01;35:bd=40;33;01:cd=40;33;01:or=40;31;01:mi=00:su=37;41:sg=30;43:ca=00:tw=30;42:ow=34;42:st=37;44:ex=01;32:*.tar=01;31:*.tgz=01;31:*.arc=01;31:*.arj=01;31:*.taz=01;31:*.lha=01;31:*.lz4=01;31:*.lzh=01;31:*.lzma=01;31:*.tlz=01;31:*.txz=01;31:*.tzo=01;31:*.t7z=01;31:*.zip=01;31:*.z=01;31:*.dz=01;31:*.gz=01;31:*.lrz=01;31:*.lz=01;31:*.lzo=01;31:*.xz=01;31:*.zst=01;31:*.tzst=01;31:*.bz2=01;31:*.bz=01;31:*.tbz=01;31:*.tbz2=01;31:*.tz=01;31:*.deb=01;31:*.rpm=01;31:*.jar=01;31:*.war=01;31:*.ear=01;31:*.sar=01;31:*.rar=01;31:*.alz=01;31:*.ace=01;31:*.zoo=01;31:*.cpio=01;31:*.7z=01;31:*.rz=01;31:*.cab=01;31:*.wim=01;31:*.swm=01;31:*.dwm=01;31:*.esd=01;31:*.avif=01;35:*.jpg=01;35:*.jpeg=01;35:*.mjpg=01;35:*.mjpeg=01;35:*.gif=01;35:*.bmp=01;35:*.pbm=01;35:*.pgm=01;35:*.ppm=01;35:*.tga=01;35:*.xbm=01;35:*.xpm=01;35:*.tif=01;35:*.tiff=01;35:*.png=01;35:*.svg=01;35:*.svgz=01;35:*.mng=01;35:*.pcx=01;35:*.mov=01;35:*.mpg=01;35:*.mpeg=01;35:*.m2v=01;35:*.mkv=01;35:*.webm=01;35:*.webp=01;35:*.ogm=01;35:*.mp4=01;35:*.m4v=01;35:*.mp4v=01;35:*.vob=01;35:*.qt=01;35:*.nuv=01;35:*.wmv=01;35:*.asf=01;35:*.rm=01;35:*.rmvb=01;35:*.flc=01;35:*.avi=01;35:*.fli=01;35:*.flv=01;35:*.gl=01;35:*.dl=01;35:*.xcf=01;35:*.xwd=01;35:*.yuv=01;35:*.cgm=01;35:*.emf=01;35:*.ogv=01;35:*.ogx=01;35:*.aac=00;36:*.au=00;36:*.flac=00;36:*.m4a=00;36:*.mid=00;36:*.midi=00;36:*.mka=00;36:*.mp3=00;36:*.mpc=00;36:*.ogg=00;36:*.ra=00;36:*.wav=00;36:*.oga=00;36:*.opus=00;36:*.spx=00;36:*.xspf=00;36:*~=00;90:*#=00;90:*.bak=00;90:*.crdownload=00;90:*.dpkg-dist=00;90:*.dpkg-new=00;90:*.dpkg-old=00;90:*.dpkg-tmp=00;90:*.old=00;90:*.orig=00;90:*.part=00;90:*.rej=00;90:*.rpmnew=00;90:*.rpmorig=00;90:*.rpmsave=00;90:*.swp=00;90:*.tmp=00;90:*.ucf-dist=00;90:*.ucf-new=00;90:*.ucf-old=00;90:', 'VSCODE_GIT_IPC_HANDLE': '/run/user/1000/vscode-git-3264b45195.sock', 'TERM_PROGRAM': 'vscode', 'AMENT_PREFIX_PATH': '/opt/ros/jazzy', 'SHELL': '/bin/bash', 'LESSCLOSE': '/usr/bin/lesspipe %s %s', 'ROS_AUTOMATIC_DISCOVERY_RANGE': 'SUBNET', 'VSCODE_GIT_ASKPASS_EXTRA_ARGS': '', 'PWD': '/home/zuiken/Documents/ichosai_2026_trolley/ros2_ws/src/build/joy_teleop', 'COPILOT_DEBUG_NONCE': '588d225576d72e8c3f0154716e9a6b5b', 'SSH_CONNECTION': 'fe80::6602:f97c:cba5:7eae%wlan0 59220 fe80::54fc:92a4:ab0f:dff3%wlan0 22', 'PYTHONPATH': '/home/zuiken/Documents/ichosai_2026_trolley/ros2_ws/src/build/joy_teleop/prefix_override:/usr/lib/python3/dist-packages/colcon_core/task/python/colcon_distutils_commands:/home/zuiken/Documents/ichosai_2026_trolley/ros2_ws/src/install/joy_teleop/lib/python3.12/site-packages:/opt/ros/jazzy/lib/python3.12/site-packages', 'COLCON': '1', 'CMAKE_PREFIX_PATH': '/opt/ros/jazzy/opt/gz_math_vendor:/opt/ros/jazzy/opt/gz_utils_vendor:/opt/ros/jazzy/opt/gz_cmake_vendor'}, 'shell': False}
[4.153084] (trolley_cmd_mux) Command: {'cmd': ['/usr/bin/python3', '-W', 'ignore:setup.py install is deprecated', '-W', 'ignore:easy_install command is deprecated', 'setup.py', 'egg_info', '--egg-base', '../build/trolley_cmd_mux', 'build', '--build-base', '/home/zuiken/Documents/ichosai_2026_trolley/ros2_ws/src/build/trolley_cmd_mux/build', 'install', '--record', '/home/zuiken/Documents/ichosai_2026_trolley/ros2_ws/src/build/trolley_cmd_mux/install.log', '--install-scripts', '$base/lib/trolley_cmd_mux', '--single-version-externally-managed', 'install_data'], 'cwd': '/home/zuiken/Documents/ichosai_2026_trolley/ros2_ws/src/trolley_cmd_mux', 'env': {'LESSOPEN': '| /usr/bin/lesspipe %s', 'USER': 'zuiken', 'SSH_CLIENT': 'fe80::6602:f97c:cba5:7eae%wlan0 59220 22', 'XDG_SESSION_TYPE': 'tty', 'GIT_ASKPASS': '/home/zuiken/.vscode-server/cli/servers/Stable-a44adf7f53e00964ab890f9f8758a334f1fc15bc/server/extensions/git/dist/askpass.sh', 'SHLVL': '1', 'LD_LIBRARY_PATH': '/opt/ros/jazzy/opt/rviz_ogre_vendor/lib:/opt/ros/jazzy/lib/aarch64-linux-gnu:/opt/ros/jazzy/opt/gz_math_vendor/lib:/opt/ros/jazzy/opt/gz_utils_vendor/lib:/opt/ros/jazzy/opt/gz_cmake_vendor/lib:/opt/ros/jazzy/lib', 'BROWSER': '/home/zuiken/.vscode-server/cli/servers/Stable-a44adf7f53e00964ab890f9f8758a334f1fc15bc/server/bin/helpers/browser.sh', 'HOME': '/home/zuiken', 'OLDPWD': '/home/zuiken/Documents/ichosai_2026_trolley/ros2_ws', 'TERM_PROGRAM_VERSION': '1.136.1', 'VSCODE_IPC_HOOK_CLI': '/run/user/1000/vscode-ipc-c36184e9-140e-4b1b-9d23-fae309b2ab8d.sock', 'ROS_PYTHON_VERSION': '3', 'VSCODE_GIT_ASKPASS_MAIN': '/home/zuiken/.vscode-server/cli/servers/Stable-a44adf7f53e00964ab890f9f8758a334f1fc15bc/server/extensions/git/dist/askpass-main.js', 'VSCODE_GIT_ASKPASS_NODE': '/home/zuiken/.vscode-server/cli/servers/Stable-a44adf7f53e00964ab890f9f8758a334f1fc15bc/server/node', 'VSCODE_PYTHON_AUTOACTIVATE_GUARD': '1', 'DBUS_SESSION_BUS_ADDRESS': 'unix:path=/run/user/1000/bus', 'COLORTERM': 'truecolor', 'ROS_DISTRO': 'jazzy', 'LOGNAME': 'zuiken', '_': '/usr/bin/colcon', 'ROS_VERSION': '2', 'XDG_SESSION_CLASS': 'user', 'TERM': 'xterm-256color', 'XDG_SESSION_ID': '3', 'PATH': '/opt/ros/jazzy/bin:/home/zuiken/.vscode-server/data/User/globalStorage/github.copilot-chat/debugCommand:/home/zuiken/.vscode-server/data/User/globalStorage/github.copilot-chat/copilotCli:/home/zuiken/.vscode-server/cli/servers/Stable-a44adf7f53e00964ab890f9f8758a334f1fc15bc/server/bin/remote-cli:/usr/local/sbin:/usr/local/bin:/usr/sbin:/usr/bin:/sbin:/bin:/usr/games:/usr/local/games:/snap/bin', 'XDG_RUNTIME_DIR': '/run/user/1000', 'LANG': 'C.UTF-8', 'LS_COLORS': 'rs=0:di=01;34:ln=01;36:mh=00:pi=40;33:so=01;35:do=01;35:bd=40;33;01:cd=40;33;01:or=40;31;01:mi=00:su=37;41:sg=30;43:ca=00:tw=30;42:ow=34;42:st=37;44:ex=01;32:*.tar=01;31:*.tgz=01;31:*.arc=01;31:*.arj=01;31:*.taz=01;31:*.lha=01;31:*.lz4=01;31:*.lzh=01;31:*.lzma=01;31:*.tlz=01;31:*.txz=01;31:*.tzo=01;31:*.t7z=01;31:*.zip=01;31:*.z=01;31:*.dz=01;31:*.gz=01;31:*.lrz=01;31:*.lz=01;31:*.lzo=01;31:*.xz=01;31:*.zst=01;31:*.tzst=01;31:*.bz2=01;31:*.bz=01;31:*.tbz=01;31:*.tbz2=01;31:*.tz=01;31:*.deb=01;31:*.rpm=01;31:*.jar=01;31:*.war=01;31:*.ear=01;31:*.sar=01;31:*.rar=01;31:*.alz=01;31:*.ace=01;31:*.zoo=01;31:*.cpio=01;31:*.7z=01;31:*.rz=01;31:*.cab=01;31:*.wim=01;31:*.swm=01;31:*.dwm=01;31:*.esd=01;31:*.avif=01;35:*.jpg=01;35:*.jpeg=01;35:*.mjpg=01;35:*.mjpeg=01;35:*.gif=01;35:*.bmp=01;35:*.pbm=01;35:*.pgm=01;35:*.ppm=01;35:*.tga=01;35:*.xbm=01;35:*.xpm=01;35:*.tif=01;35:*.tiff=01;35:*.png=01;35:*.svg=01;35:*.svgz=01;35:*.mng=01;35:*.pcx=01;35:*.mov=01;35:*.mpg=01;35:*.mpeg=01;35:*.m2v=01;35:*.mkv=01;35:*.webm=01;35:*.webp=01;35:*.ogm=01;35:*.mp4=01;35:*.m4v=01;35:*.mp4v=01;35:*.vob=01;35:*.qt=01;35:*.nuv=01;35:*.wmv=01;35:*.asf=01;35:*.rm=01;35:*.rmvb=01;35:*.flc=01;35:*.avi=01;35:*.fli=01;35:*.flv=01;35:*.gl=01;35:*.dl=01;35:*.xcf=01;35:*.xwd=01;35:*.yuv=01;35:*.cgm=01;35:*.emf=01;35:*.ogv=01;35:*.ogx=01;35:*.aac=00;36:*.au=00;36:*.flac=00;36:*.m4a=00;36:*.mid=00;36:*.midi=00;36:*.mka=00;36:*.mp3=00;36:*.mpc=00;36:*.ogg=00;36:*.ra=00;36:*.wav=00;36:*.oga=00;36:*.opus=00;36:*.spx=00;36:*.xspf=00;36:*~=00;90:*#=00;90:*.bak=00;90:*.crdownload=00;90:*.dpkg-dist=00;90:*.dpkg-new=00;90:*.dpkg-old=00;90:*.dpkg-tmp=00;90:*.old=00;90:*.orig=00;90:*.part=00;90:*.rej=00;90:*.rpmnew=00;90:*.rpmorig=00;90:*.rpmsave=00;90:*.swp=00;90:*.tmp=00;90:*.ucf-dist=00;90:*.ucf-new=00;90:*.ucf-old=00;90:', 'VSCODE_GIT_IPC_HANDLE': '/run/user/1000/vscode-git-3264b45195.sock', 'TERM_PROGRAM': 'vscode', 'AMENT_PREFIX_PATH': '/opt/ros/jazzy', 'SHELL': '/bin/bash', 'LESSCLOSE': '/usr/bin/lesspipe %s %s', 'ROS_AUTOMATIC_DISCOVERY_RANGE': 'SUBNET', 'VSCODE_GIT_ASKPASS_EXTRA_ARGS': '', 'PWD': '/home/zuiken/Documents/ichosai_2026_trolley/ros2_ws/src/build/trolley_cmd_mux', 'COPILOT_DEBUG_NONCE': '588d225576d72e8c3f0154716e9a6b5b', 'SSH_CONNECTION': 'fe80::6602:f97c:cba5:7eae%wlan0 59220 fe80::54fc:92a4:ab0f:dff3%wlan0 22', 'PYTHONPATH': '/home/zuiken/Documents/ichosai_2026_trolley/ros2_ws/src/build/trolley_cmd_mux/prefix_override:/usr/lib/python3/dist-packages/colcon_core/task/python/colcon_distutils_commands:/home/zuiken/Documents/ichosai_2026_trolley/ros2_ws/src/install/trolley_cmd_mux/lib/python3.12/site-packages:/opt/ros/jazzy/lib/python3.12/site-packages', 'COLCON': '1', 'CMAKE_PREFIX_PATH': '/opt/ros/jazzy/opt/gz_math_vendor:/opt/ros/jazzy/opt/gz_utils_vendor:/opt/ros/jazzy/opt/gz_cmake_vendor'}, 'shell': False}
[4.158354] (trolley_bringup) Command: {'cmd': ['/usr/bin/python3', '-W', 'ignore:setup.py install is deprecated', '-W', 'ignore:easy_install command is deprecated', 'setup.py', 'egg_info', '--egg-base', '../build/trolley_bringup', 'build', '--build-base', '/home/zuiken/Documents/ichosai_2026_trolley/ros2_ws/src/build/trolley_bringup/build', 'install', '--record', '/home/zuiken/Documents/ichosai_2026_trolley/ros2_ws/src/build/trolley_bringup/install.log', '--install-scripts', '$base/lib/trolley_bringup', '--single-version-externally-managed', 'install_data'], 'cwd': '/home/zuiken/Documents/ichosai_2026_trolley/ros2_ws/src/trolley_bringup', 'env': {'LESSOPEN': '| /usr/bin/lesspipe %s', 'USER': 'zuiken', 'SSH_CLIENT': 'fe80::6602:f97c:cba5:7eae%wlan0 59220 22', 'XDG_SESSION_TYPE': 'tty', 'GIT_ASKPASS': '/home/zuiken/.vscode-server/cli/servers/Stable-a44adf7f53e00964ab890f9f8758a334f1fc15bc/server/extensions/git/dist/askpass.sh', 'SHLVL': '1', 'LD_LIBRARY_PATH': '/opt/ros/jazzy/opt/rviz_ogre_vendor/lib:/opt/ros/jazzy/lib/aarch64-linux-gnu:/opt/ros/jazzy/opt/gz_math_vendor/lib:/opt/ros/jazzy/opt/gz_utils_vendor/lib:/opt/ros/jazzy/opt/gz_cmake_vendor/lib:/opt/ros/jazzy/lib', 'BROWSER': '/home/zuiken/.vscode-server/cli/servers/Stable-a44adf7f53e00964ab890f9f8758a334f1fc15bc/server/bin/helpers/browser.sh', 'HOME': '/home/zuiken', 'OLDPWD': '/home/zuiken/Documents/ichosai_2026_trolley/ros2_ws', 'TERM_PROGRAM_VERSION': '1.136.1', 'VSCODE_IPC_HOOK_CLI': '/run/user/1000/vscode-ipc-c36184e9-140e-4b1b-9d23-fae309b2ab8d.sock', 'ROS_PYTHON_VERSION': '3', 'VSCODE_GIT_ASKPASS_MAIN': '/home/zuiken/.vscode-server/cli/servers/Stable-a44adf7f53e00964ab890f9f8758a334f1fc15bc/server/extensions/git/dist/askpass-main.js', 'VSCODE_GIT_ASKPASS_NODE': '/home/zuiken/.vscode-server/cli/servers/Stable-a44adf7f53e00964ab890f9f8758a334f1fc15bc/server/node', 'VSCODE_PYTHON_AUTOACTIVATE_GUARD': '1', 'DBUS_SESSION_BUS_ADDRESS': 'unix:path=/run/user/1000/bus', 'COLORTERM': 'truecolor', 'ROS_DISTRO': 'jazzy', 'LOGNAME': 'zuiken', '_': '/usr/bin/colcon', 'ROS_VERSION': '2', 'XDG_SESSION_CLASS': 'user', 'TERM': 'xterm-256color', 'XDG_SESSION_ID': '3', 'PATH': '/opt/ros/jazzy/bin:/home/zuiken/.vscode-server/data/User/globalStorage/github.copilot-chat/debugCommand:/home/zuiken/.vscode-server/data/User/globalStorage/github.copilot-chat/copilotCli:/home/zuiken/.vscode-server/cli/servers/Stable-a44adf7f53e00964ab890f9f8758a334f1fc15bc/server/bin/remote-cli:/usr/local/sbin:/usr/local/bin:/usr/sbin:/usr/bin:/sbin:/bin:/usr/games:/usr/local/games:/snap/bin', 'XDG_RUNTIME_DIR': '/run/user/1000', 'LANG': 'C.UTF-8', 'LS_COLORS': 'rs=0:di=01;34:ln=01;36:mh=00:pi=40;33:so=01;35:do=01;35:bd=40;33;01:cd=40;33;01:or=40;31;01:mi=00:su=37;41:sg=30;43:ca=00:tw=30;42:ow=34;42:st=37;44:ex=01;32:*.tar=01;31:*.tgz=01;31:*.arc=01;31:*.arj=01;31:*.taz=01;31:*.lha=01;31:*.lz4=01;31:*.lzh=01;31:*.lzma=01;31:*.tlz=01;31:*.txz=01;31:*.tzo=01;31:*.t7z=01;31:*.zip=01;31:*.z=01;31:*.dz=01;31:*.gz=01;31:*.lrz=01;31:*.lz=01;31:*.lzo=01;31:*.xz=01;31:*.zst=01;31:*.tzst=01;31:*.bz2=01;31:*.bz=01;31:*.tbz=01;31:*.tbz2=01;31:*.tz=01;31:*.deb=01;31:*.rpm=01;31:*.jar=01;31:*.war=01;31:*.ear=01;31:*.sar=01;31:*.rar=01;31:*.alz=01;31:*.ace=01;31:*.zoo=01;31:*.cpio=01;31:*.7z=01;31:*.rz=01;31:*.cab=01;31:*.wim=01;31:*.swm=01;31:*.dwm=01;31:*.esd=01;31:*.avif=01;35:*.jpg=01;35:*.jpeg=01;35:*.mjpg=01;35:*.mjpeg=01;35:*.gif=01;35:*.bmp=01;35:*.pbm=01;35:*.pgm=01;35:*.ppm=01;35:*.tga=01;35:*.xbm=01;35:*.xpm=01;35:*.tif=01;35:*.tiff=01;35:*.png=01;35:*.svg=01;35:*.svgz=01;35:*.mng=01;35:*.pcx=01;35:*.mov=01;35:*.mpg=01;35:*.mpeg=01;35:*.m2v=01;35:*.mkv=01;35:*.webm=01;35:*.webp=01;35:*.ogm=01;35:*.mp4=01;35:*.m4v=01;35:*.mp4v=01;35:*.vob=01;35:*.qt=01;35:*.nuv=01;35:*.wmv=01;35:*.asf=01;35:*.rm=01;35:*.rmvb=01;35:*.flc=01;35:*.avi=01;35:*.fli=01;35:*.flv=01;35:*.gl=01;35:*.dl=01;35:*.xcf=01;35:*.xwd=01;35:*.yuv=01;35:*.cgm=01;35:*.emf=01;35:*.ogv=01;35:*.ogx=01;35:*.aac=00;36:*.au=00;36:*.flac=00;36:*.m4a=00;36:*.mid=00;36:*.midi=00;36:*.mka=00;36:*.mp3=00;36:*.mpc=00;36:*.ogg=00;36:*.ra=00;36:*.wav=00;36:*.oga=00;36:*.opus=00;36:*.spx=00;36:*.xspf=00;36:*~=00;90:*#=00;90:*.bak=00;90:*.crdownload=00;90:*.dpkg-dist=00;90:*.dpkg-new=00;90:*.dpkg-old=00;90:*.dpkg-tmp=00;90:*.old=00;90:*.orig=00;90:*.part=00;90:*.rej=00;90:*.rpmnew=00;90:*.rpmorig=00;90:*.rpmsave=00;90:*.swp=00;90:*.tmp=00;90:*.ucf-dist=00;90:*.ucf-new=00;90:*.ucf-old=00;90:', 'VSCODE_GIT_IPC_HANDLE': '/run/user/1000/vscode-git-3264b45195.sock', 'TERM_PROGRAM': 'vscode', 'AMENT_PREFIX_PATH': '/opt/ros/jazzy', 'SHELL': '/bin/bash', 'LESSCLOSE': '/usr/bin/lesspipe %s %s', 'ROS_AUTOMATIC_DISCOVERY_RANGE': 'SUBNET', 'VSCODE_GIT_ASKPASS_EXTRA_ARGS': '', 'PWD': '/home/zuiken/Documents/ichosai_2026_trolley/ros2_ws/src/build/trolley_bringup', 'COPILOT_DEBUG_NONCE': '588d225576d72e8c3f0154716e9a6b5b', 'SSH_CONNECTION': 'fe80::6602:f97c:cba5:7eae%wlan0 59220 fe80::54fc:92a4:ab0f:dff3%wlan0 22', 'PYTHONPATH': '/home/zuiken/Documents/ichosai_2026_trolley/ros2_ws/src/build/trolley_bringup/prefix_override:/usr/lib/python3/dist-packages/colcon_core/task/python/colcon_distutils_commands:/home/zuiken/Documents/ichosai_2026_trolley/ros2_ws/src/install/trolley_bringup/lib/python3.12/site-packages:/opt/ros/jazzy/lib/python3.12/site-packages', 'COLCON': '1', 'CMAKE_PREFIX_PATH': '/opt/ros/jazzy/opt/gz_math_vendor:/opt/ros/jazzy/opt/gz_utils_vendor:/opt/ros/jazzy/opt/gz_cmake_vendor'}, 'shell': False}
[4.166803] (trolley_api) Command: {'cmd': ['/usr/bin/python3', '-W', 'ignore:setup.py install is deprecated', '-W', 'ignore:easy_install command is deprecated', 'setup.py', 'egg_info', '--egg-base', '../build/trolley_api', 'build', '--build-base', '/home/zuiken/Documents/ichosai_2026_trolley/ros2_ws/src/build/trolley_api/build', 'install', '--record', '/home/zuiken/Documents/ichosai_2026_trolley/ros2_ws/src/build/trolley_api/install.log', '--install-scripts', '$base/lib/trolley_api', '--single-version-externally-managed', 'install_data'], 'cwd': '/home/zuiken/Documents/ichosai_2026_trolley/ros2_ws/src/trolley_api', 'env': {'LESSOPEN': '| /usr/bin/lesspipe %s', 'USER': 'zuiken', 'SSH_CLIENT': 'fe80::6602:f97c:cba5:7eae%wlan0 59220 22', 'XDG_SESSION_TYPE': 'tty', 'GIT_ASKPASS': '/home/zuiken/.vscode-server/cli/servers/Stable-a44adf7f53e00964ab890f9f8758a334f1fc15bc/server/extensions/git/dist/askpass.sh', 'SHLVL': '1', 'LD_LIBRARY_PATH': '/home/zuiken/Documents/ichosai_2026_trolley/ros2_ws/src/install/trolley_interfaces/lib:/opt/ros/jazzy/opt/rviz_ogre_vendor/lib:/opt/ros/jazzy/lib/aarch64-linux-gnu:/opt/ros/jazzy/opt/gz_math_vendor/lib:/opt/ros/jazzy/opt/gz_utils_vendor/lib:/opt/ros/jazzy/opt/gz_cmake_vendor/lib:/opt/ros/jazzy/lib', 'BROWSER': '/home/zuiken/.vscode-server/cli/servers/Stable-a44adf7f53e00964ab890f9f8758a334f1fc15bc/server/bin/helpers/browser.sh', 'HOME': '/home/zuiken', 'OLDPWD': '/home/zuiken/Documents/ichosai_2026_trolley/ros2_ws', 'TERM_PROGRAM_VERSION': '1.136.1', 'VSCODE_IPC_HOOK_CLI': '/run/user/1000/vscode-ipc-c36184e9-140e-4b1b-9d23-fae309b2ab8d.sock', 'ROS_PYTHON_VERSION': '3', 'VSCODE_GIT_ASKPASS_MAIN': '/home/zuiken/.vscode-server/cli/servers/Stable-a44adf7f53e00964ab890f9f8758a334f1fc15bc/server/extensions/git/dist/askpass-main.js', 'VSCODE_GIT_ASKPASS_NODE': '/home/zuiken/.vscode-server/cli/servers/Stable-a44adf7f53e00964ab890f9f8758a334f1fc15bc/server/node', 'VSCODE_PYTHON_AUTOACTIVATE_GUARD': '1', 'DBUS_SESSION_BUS_ADDRESS': 'unix:path=/run/user/1000/bus', 'COLORTERM': 'truecolor', 'ROS_DISTRO': 'jazzy', 'LOGNAME': 'zuiken', '_': '/usr/bin/colcon', 'ROS_VERSION': '2', 'XDG_SESSION_CLASS': 'user', 'TERM': 'xterm-256color', 'XDG_SESSION_ID': '3', 'PATH': '/opt/ros/jazzy/bin:/home/zuiken/.vscode-server/data/User/globalStorage/github.copilot-chat/debugCommand:/home/zuiken/.vscode-server/data/User/globalStorage/github.copilot-chat/copilotCli:/home/zuiken/.vscode-server/cli/servers/Stable-a44adf7f53e00964ab890f9f8758a334f1fc15bc/server/bin/remote-cli:/usr/local/sbin:/usr/local/bin:/usr/sbin:/usr/bin:/sbin:/bin:/usr/games:/usr/local/games:/snap/bin', 'XDG_RUNTIME_DIR': '/run/user/1000', 'LANG': 'C.UTF-8', 'LS_COLORS': 'rs=0:di=01;34:ln=01;36:mh=00:pi=40;33:so=01;35:do=01;35:bd=40;33;01:cd=40;33;01:or=40;31;01:mi=00:su=37;41:sg=30;43:ca=00:tw=30;42:ow=34;42:st=37;44:ex=01;32:*.tar=01;31:*.tgz=01;31:*.arc=01;31:*.arj=01;31:*.taz=01;31:*.lha=01;31:*.lz4=01;31:*.lzh=01;31:*.lzma=01;31:*.tlz=01;31:*.txz=01;31:*.tzo=01;31:*.t7z=01;31:*.zip=01;31:*.z=01;31:*.dz=01;31:*.gz=01;31:*.lrz=01;31:*.lz=01;31:*.lzo=01;31:*.xz=01;31:*.zst=01;31:*.tzst=01;31:*.bz2=01;31:*.bz=01;31:*.tbz=01;31:*.tbz2=01;31:*.tz=01;31:*.deb=01;31:*.rpm=01;31:*.jar=01;31:*.war=01;31:*.ear=01;31:*.sar=01;31:*.rar=01;31:*.alz=01;31:*.ace=01;31:*.zoo=01;31:*.cpio=01;31:*.7z=01;31:*.rz=01;31:*.cab=01;31:*.wim=01;31:*.swm=01;31:*.dwm=01;31:*.esd=01;31:*.avif=01;35:*.jpg=01;35:*.jpeg=01;35:*.mjpg=01;35:*.mjpeg=01;35:*.gif=01;35:*.bmp=01;35:*.pbm=01;35:*.pgm=01;35:*.ppm=01;35:*.tga=01;35:*.xbm=01;35:*.xpm=01;35:*.tif=01;35:*.tiff=01;35:*.png=01;35:*.svg=01;35:*.svgz=01;35:*.mng=01;35:*.pcx=01;35:*.mov=01;35:*.mpg=01;35:*.mpeg=01;35:*.m2v=01;35:*.mkv=01;35:*.webm=01;35:*.webp=01;35:*.ogm=01;35:*.mp4=01;35:*.m4v=01;35:*.mp4v=01;35:*.vob=01;35:*.qt=01;35:*.nuv=01;35:*.wmv=01;35:*.asf=01;35:*.rm=01;35:*.rmvb=01;35:*.flc=01;35:*.avi=01;35:*.fli=01;35:*.flv=01;35:*.gl=01;35:*.dl=01;35:*.xcf=01;35:*.xwd=01;35:*.yuv=01;35:*.cgm=01;35:*.emf=01;35:*.ogv=01;35:*.ogx=01;35:*.aac=00;36:*.au=00;36:*.flac=00;36:*.m4a=00;36:*.mid=00;36:*.midi=00;36:*.mka=00;36:*.mp3=00;36:*.mpc=00;36:*.ogg=00;36:*.ra=00;36:*.wav=00;36:*.oga=00;36:*.opus=00;36:*.spx=00;36:*.xspf=00;36:*~=00;90:*#=00;90:*.bak=00;90:*.crdownload=00;90:*.dpkg-dist=00;90:*.dpkg-new=00;90:*.dpkg-old=00;90:*.dpkg-tmp=00;90:*.old=00;90:*.orig=00;90:*.part=00;90:*.rej=00;90:*.rpmnew=00;90:*.rpmorig=00;90:*.rpmsave=00;90:*.swp=00;90:*.tmp=00;90:*.ucf-dist=00;90:*.ucf-new=00;90:*.ucf-old=00;90:', 'VSCODE_GIT_IPC_HANDLE': '/run/user/1000/vscode-git-3264b45195.sock', 'TERM_PROGRAM': 'vscode', 'AMENT_PREFIX_PATH': '/home/zuiken/Documents/ichosai_2026_trolley/ros2_ws/src/install/trolley_interfaces:/opt/ros/jazzy', 'SHELL': '/bin/bash', 'LESSCLOSE': '/usr/bin/lesspipe %s %s', 'ROS_AUTOMATIC_DISCOVERY_RANGE': 'SUBNET', 'VSCODE_GIT_ASKPASS_EXTRA_ARGS': '', 'PWD': '/home/zuiken/Documents/ichosai_2026_trolley/ros2_ws/src/build/trolley_api', 'COPILOT_DEBUG_NONCE': '588d225576d72e8c3f0154716e9a6b5b', 'SSH_CONNECTION': 'fe80::6602:f97c:cba5:7eae%wlan0 59220 fe80::54fc:92a4:ab0f:dff3%wlan0 22', 'PYTHONPATH': '/home/zuiken/Documents/ichosai_2026_trolley/ros2_ws/src/build/trolley_api/prefix_override:/usr/lib/python3/dist-packages/colcon_core/task/python/colcon_distutils_commands:/home/zuiken/Documents/ichosai_2026_trolley/ros2_ws/src/install/trolley_api/lib/python3.12/site-packages:/home/zuiken/Documents/ichosai_2026_trolley/ros2_ws/src/install/trolley_interfaces/lib/python3.12/site-packages:/opt/ros/jazzy/lib/python3.12/site-packages', 'COLCON': '1', 'CMAKE_PREFIX_PATH': '/home/zuiken/Documents/ichosai_2026_trolley/ros2_ws/src/install/trolley_interfaces:/opt/ros/jazzy/opt/gz_math_vendor:/opt/ros/jazzy/opt/gz_utils_vendor:/opt/ros/jazzy/opt/gz_cmake_vendor'}, 'shell': False}
[4.229945] (-) TimerEvent: {}
[4.334093] (-) TimerEvent: {}
[4.434466] (-) TimerEvent: {}
[4.534797] (-) TimerEvent: {}
[4.601973] (joy_teleop) StdoutLine: {'line': b'running egg_info\n'}
[4.615948] (trolley_api) StdoutLine: {'line': b'running egg_info\n'}
[4.625776] (trolley_cmd_mux) StdoutLine: {'line': b'running egg_info\n'}
[4.626240] (trolley_cmd_mux) StdoutLine: {'line': b'creating ../build/trolley_cmd_mux/trolley_cmd_mux.egg-info\n'}
[4.627459] (joy_teleop) StdoutLine: {'line': b'writing ../build/joy_teleop/joy_teleop.egg-info/PKG-INFO\n'}
[4.627712] (joy_teleop) StdoutLine: {'line': b'writing dependency_links to ../build/joy_teleop/joy_teleop.egg-info/dependency_links.txt\n'}
[4.630878] (joy_teleop) StdoutLine: {'line': b'writing entry points to ../build/joy_teleop/joy_teleop.egg-info/entry_points.txt\n'}
[4.631116] (joy_teleop) StdoutLine: {'line': b'writing requirements to ../build/joy_teleop/joy_teleop.egg-info/requires.txt\n'}
[4.631224] (joy_teleop) StdoutLine: {'line': b'writing top-level names to ../build/joy_teleop/joy_teleop.egg-info/top_level.txt\n'}
[4.634885] (-) TimerEvent: {}
[4.635241] (trolley_bringup) StdoutLine: {'line': b'running egg_info\n'}
[4.644542] (trolley_api) StdoutLine: {'line': b'writing ../build/trolley_api/trolley_api.egg-info/PKG-INFO\n'}
[4.645489] (trolley_api) StdoutLine: {'line': b'writing dependency_links to ../build/trolley_api/trolley_api.egg-info/dependency_links.txt\n'}
[4.645863] (trolley_api) StdoutLine: {'line': b'writing entry points to ../build/trolley_api/trolley_api.egg-info/entry_points.txt\n'}
[4.646123] (trolley_api) StdoutLine: {'line': b'writing requirements to ../build/trolley_api/trolley_api.egg-info/requires.txt\n'}
[4.646358] (trolley_api) StdoutLine: {'line': b'writing top-level names to ../build/trolley_api/trolley_api.egg-info/top_level.txt\n'}
[4.655953] (trolley_cmd_mux) StdoutLine: {'line': b'writing ../build/trolley_cmd_mux/trolley_cmd_mux.egg-info/PKG-INFO\n'}
[4.659206] (trolley_cmd_mux) StdoutLine: {'line': b'writing dependency_links to ../build/trolley_cmd_mux/trolley_cmd_mux.egg-info/dependency_links.txt\n'}
[4.659459] (trolley_cmd_mux) StdoutLine: {'line': b'writing entry points to ../build/trolley_cmd_mux/trolley_cmd_mux.egg-info/entry_points.txt\n'}
[4.659569] (trolley_cmd_mux) StdoutLine: {'line': b'writing requirements to ../build/trolley_cmd_mux/trolley_cmd_mux.egg-info/requires.txt\n'}
[4.659664] (trolley_cmd_mux) StdoutLine: {'line': b'writing top-level names to ../build/trolley_cmd_mux/trolley_cmd_mux.egg-info/top_level.txt\n'}
[4.659754] (trolley_cmd_mux) StdoutLine: {'line': b"writing manifest file '../build/trolley_cmd_mux/trolley_cmd_mux.egg-info/SOURCES.txt'\n"}
[4.665858] (trolley_bringup) StdoutLine: {'line': b'writing ../build/trolley_bringup/trolley_bringup.egg-info/PKG-INFO\n'}
[4.666691] (trolley_bringup) StdoutLine: {'line': b'writing dependency_links to ../build/trolley_bringup/trolley_bringup.egg-info/dependency_links.txt\n'}
[4.667864] (trolley_bringup) StdoutLine: {'line': b'writing requirements to ../build/trolley_bringup/trolley_bringup.egg-info/requires.txt\n'}
[4.668050] (trolley_bringup) StdoutLine: {'line': b'writing top-level names to ../build/trolley_bringup/trolley_bringup.egg-info/top_level.txt\n'}
[4.688730] (joy_teleop) StdoutLine: {'line': b"reading manifest file '../build/joy_teleop/joy_teleop.egg-info/SOURCES.txt'\n"}
[4.694594] (joy_teleop) StdoutLine: {'line': b"writing manifest file '../build/joy_teleop/joy_teleop.egg-info/SOURCES.txt'\n"}
[4.695193] (joy_teleop) StdoutLine: {'line': b'running build\n'}
[4.695539] (joy_teleop) StdoutLine: {'line': b'running build_py\n'}
[4.696261] (joy_teleop) StdoutLine: {'line': b'running install\n'}
[4.704257] (trolley_api) StdoutLine: {'line': b"reading manifest file '../build/trolley_api/trolley_api.egg-info/SOURCES.txt'\n"}
[4.706696] (joy_teleop) StdoutLine: {'line': b'running install_lib\n'}
[4.707149] (trolley_api) StdoutLine: {'line': b"writing manifest file '../build/trolley_api/trolley_api.egg-info/SOURCES.txt'\n"}
[4.707981] (trolley_api) StdoutLine: {'line': b'running build\n'}
[4.708191] (trolley_api) StdoutLine: {'line': b'running build_py\n'}
[4.708296] (trolley_api) StdoutLine: {'line': b'copying trolley_api/teleop_ws.py -> /home/zuiken/Documents/ichosai_2026_trolley/ros2_ws/src/build/trolley_api/build/lib/trolley_api\n'}
[4.708759] (trolley_api) StdoutLine: {'line': b'copying trolley_api/run_server.py -> /home/zuiken/Documents/ichosai_2026_trolley/ros2_ws/src/build/trolley_api/build/lib/trolley_api\n'}
[4.709359] (trolley_api) StdoutLine: {'line': b'copying trolley_api/api_server.py -> /home/zuiken/Documents/ichosai_2026_trolley/ros2_ws/src/build/trolley_api/build/lib/trolley_api\n'}
[4.709497] (trolley_api) StdoutLine: {'line': b'running install\n'}
[4.719162] (trolley_cmd_mux) StdoutLine: {'line': b"reading manifest file '../build/trolley_cmd_mux/trolley_cmd_mux.egg-info/SOURCES.txt'\n"}
[4.719651] (trolley_cmd_mux) StdoutLine: {'line': b"writing manifest file '../build/trolley_cmd_mux/trolley_cmd_mux.egg-info/SOURCES.txt'\n"}
[4.719775] (trolley_api) StdoutLine: {'line': b'running install_lib\n'}
[4.720004] (trolley_cmd_mux) StdoutLine: {'line': b'running build\n'}
[4.720179] (trolley_cmd_mux) StdoutLine: {'line': b'running build_py\n'}
[4.720616] (trolley_cmd_mux) StdoutLine: {'line': b'creating /home/zuiken/Documents/ichosai_2026_trolley/ros2_ws/src/build/trolley_cmd_mux/build\n'}
[4.721231] (trolley_cmd_mux) StdoutLine: {'line': b'creating /home/zuiken/Documents/ichosai_2026_trolley/ros2_ws/src/build/trolley_cmd_mux/build/lib\n'}
[4.721370] (trolley_cmd_mux) StdoutLine: {'line': b'creating /home/zuiken/Documents/ichosai_2026_trolley/ros2_ws/src/build/trolley_cmd_mux/build/lib/trolley_cmd_mux\n'}
[4.721465] (trolley_cmd_mux) StdoutLine: {'line': b'copying trolley_cmd_mux/__init__.py -> /home/zuiken/Documents/ichosai_2026_trolley/ros2_ws/src/build/trolley_cmd_mux/build/lib/trolley_cmd_mux\n'}
[4.721552] (trolley_cmd_mux) StdoutLine: {'line': b'copying trolley_cmd_mux/cmd_vel_mux_node.py -> /home/zuiken/Documents/ichosai_2026_trolley/ros2_ws/src/build/trolley_cmd_mux/build/lib/trolley_cmd_mux\n'}
[4.721635] (trolley_cmd_mux) StdoutLine: {'line': b'copying trolley_cmd_mux/arbiter.py -> /home/zuiken/Documents/ichosai_2026_trolley/ros2_ws/src/build/trolley_cmd_mux/build/lib/trolley_cmd_mux\n'}
[4.721728] (trolley_cmd_mux) StdoutLine: {'line': b'running install\n'}
[4.731020] (trolley_cmd_mux) StdoutLine: {'line': b'running install_lib\n'}
[4.732839] (trolley_bringup) StdoutLine: {'line': b"reading manifest file '../build/trolley_bringup/trolley_bringup.egg-info/SOURCES.txt'\n"}
[4.734777] (trolley_bringup) StdoutLine: {'line': b"writing manifest file '../build/trolley_bringup/trolley_bringup.egg-info/SOURCES.txt'\n"}
[4.735545] (-) TimerEvent: {}
[4.735760] (trolley_bringup) StdoutLine: {'line': b'running build\n'}
[4.735944] (trolley_bringup) StdoutLine: {'line': b'running build_py\n'}
[4.736062] (trolley_bringup) StdoutLine: {'line': b'running install\n'}
[4.742877] (joy_teleop) StdoutLine: {'line': b'running install_data\n'}
[4.743157] (joy_teleop) StdoutLine: {'line': b'running install_egg_info\n'}
[4.749184] (trolley_bringup) StdoutLine: {'line': b'running install_lib\n'}
[4.749447] (trolley_api) StdoutLine: {'line': b'copying /home/zuiken/Documents/ichosai_2026_trolley/ros2_ws/src/build/trolley_api/build/lib/trolley_api/teleop_ws.py -> /home/zuiken/Documents/ichosai_2026_trolley/ros2_ws/src/install/trolley_api/lib/python3.12/site-packages/trolley_api\n'}
[4.749675] (trolley_api) StdoutLine: {'line': b'copying /home/zuiken/Documents/ichosai_2026_trolley/ros2_ws/src/build/trolley_api/build/lib/trolley_api/run_server.py -> /home/zuiken/Documents/ichosai_2026_trolley/ros2_ws/src/install/trolley_api/lib/python3.12/site-packages/trolley_api\n'}
[4.749884] (trolley_api) StdoutLine: {'line': b'copying /home/zuiken/Documents/ichosai_2026_trolley/ros2_ws/src/build/trolley_api/build/lib/trolley_api/api_server.py -> /home/zuiken/Documents/ichosai_2026_trolley/ros2_ws/src/install/trolley_api/lib/python3.12/site-packages/trolley_api\n'}
[4.750920] (trolley_api) StdoutLine: {'line': b'byte-compiling /home/zuiken/Documents/ichosai_2026_trolley/ros2_ws/src/install/trolley_api/lib/python3.12/site-packages/trolley_api/teleop_ws.py to teleop_ws.cpython-312.pyc\n'}
[4.757959] (trolley_api) StdoutLine: {'line': b'byte-compiling /home/zuiken/Documents/ichosai_2026_trolley/ros2_ws/src/install/trolley_api/lib/python3.12/site-packages/trolley_api/run_server.py to run_server.cpython-312.pyc\n'}
[4.758306] (trolley_api) StdoutLine: {'line': b'byte-compiling /home/zuiken/Documents/ichosai_2026_trolley/ros2_ws/src/install/trolley_api/lib/python3.12/site-packages/trolley_api/api_server.py to api_server.cpython-312.pyc\n'}
[4.760322] (trolley_api) StdoutLine: {'line': b'running install_data\n'}
[4.761067] (trolley_api) StdoutLine: {'line': b'copying package.xml -> /home/zuiken/Documents/ichosai_2026_trolley/ros2_ws/src/install/trolley_api/share/trolley_api\n'}
[4.761326] (trolley_api) StdoutLine: {'line': b'creating /home/zuiken/Documents/ichosai_2026_trolley/ros2_ws/src/install/trolley_api/share/trolley_api/web\n'}
[4.761854] (trolley_api) StdoutLine: {'line': b'copying web/app.js -> /home/zuiken/Documents/ichosai_2026_trolley/ros2_ws/src/install/trolley_api/share/trolley_api/web\n'}
[4.762359] (trolley_api) StdoutLine: {'line': b'copying web/app.css -> /home/zuiken/Documents/ichosai_2026_trolley/ros2_ws/src/install/trolley_api/share/trolley_api/web\n'}
[4.762718] (trolley_api) StdoutLine: {'line': b'copying web/manifest.webmanifest -> /home/zuiken/Documents/ichosai_2026_trolley/ros2_ws/src/install/trolley_api/share/trolley_api/web\n'}
[4.765038] (trolley_api) StdoutLine: {'line': b'copying web/icon.svg -> /home/zuiken/Documents/ichosai_2026_trolley/ros2_ws/src/install/trolley_api/share/trolley_api/web\n'}
[4.765266] (trolley_api) StdoutLine: {'line': b'copying web/index.html -> /home/zuiken/Documents/ichosai_2026_trolley/ros2_ws/src/install/trolley_api/share/trolley_api/web\n'}
[4.765385] (trolley_api) StdoutLine: {'line': b'running install_egg_info\n'}
[4.765555] (trolley_cmd_mux) StdoutLine: {'line': b'creating /home/zuiken/Documents/ichosai_2026_trolley/ros2_ws/src/install/trolley_cmd_mux/lib/python3.12/site-packages/trolley_cmd_mux\n'}
[4.765702] (trolley_cmd_mux) StdoutLine: {'line': b'copying /home/zuiken/Documents/ichosai_2026_trolley/ros2_ws/src/build/trolley_cmd_mux/build/lib/trolley_cmd_mux/__init__.py -> /home/zuiken/Documents/ichosai_2026_trolley/ros2_ws/src/install/trolley_cmd_mux/lib/python3.12/site-packages/trolley_cmd_mux\n'}
[4.765799] (trolley_cmd_mux) StdoutLine: {'line': b'copying /home/zuiken/Documents/ichosai_2026_trolley/ros2_ws/src/build/trolley_cmd_mux/build/lib/trolley_cmd_mux/cmd_vel_mux_node.py -> /home/zuiken/Documents/ichosai_2026_trolley/ros2_ws/src/install/trolley_cmd_mux/lib/python3.12/site-packages/trolley_cmd_mux\n'}
[4.765955] (trolley_cmd_mux) StdoutLine: {'line': b'copying /home/zuiken/Documents/ichosai_2026_trolley/ros2_ws/src/build/trolley_cmd_mux/build/lib/trolley_cmd_mux/arbiter.py -> /home/zuiken/Documents/ichosai_2026_trolley/ros2_ws/src/install/trolley_cmd_mux/lib/python3.12/site-packages/trolley_cmd_mux\n'}
[4.766559] (trolley_cmd_mux) StdoutLine: {'line': b'byte-compiling /home/zuiken/Documents/ichosai_2026_trolley/ros2_ws/src/install/trolley_cmd_mux/lib/python3.12/site-packages/trolley_cmd_mux/__init__.py to __init__.cpython-312.pyc\n'}
[4.767049] (trolley_cmd_mux) StdoutLine: {'line': b'byte-compiling /home/zuiken/Documents/ichosai_2026_trolley/ros2_ws/src/install/trolley_cmd_mux/lib/python3.12/site-packages/trolley_cmd_mux/cmd_vel_mux_node.py to cmd_vel_mux_node.cpython-312.pyc\n'}
[4.769720] (trolley_cmd_mux) StdoutLine: {'line': b'byte-compiling /home/zuiken/Documents/ichosai_2026_trolley/ros2_ws/src/install/trolley_cmd_mux/lib/python3.12/site-packages/trolley_cmd_mux/arbiter.py to arbiter.cpython-312.pyc\n'}
[4.771383] (trolley_cmd_mux) StdoutLine: {'line': b'running install_data\n'}
[4.771657] (trolley_cmd_mux) StdoutLine: {'line': b'creating /home/zuiken/Documents/ichosai_2026_trolley/ros2_ws/src/install/trolley_cmd_mux/share/ament_index\n'}
[4.771802] (trolley_cmd_mux) StdoutLine: {'line': b'creating /home/zuiken/Documents/ichosai_2026_trolley/ros2_ws/src/install/trolley_cmd_mux/share/ament_index/resource_index\n'}
[4.771979] (trolley_cmd_mux) StdoutLine: {'line': b'creating /home/zuiken/Documents/ichosai_2026_trolley/ros2_ws/src/install/trolley_cmd_mux/share/ament_index/resource_index/packages\n'}
[4.772105] (trolley_cmd_mux) StdoutLine: {'line': b'copying resource/trolley_cmd_mux -> /home/zuiken/Documents/ichosai_2026_trolley/ros2_ws/src/install/trolley_cmd_mux/share/ament_index/resource_index/packages\n'}
[4.772246] (trolley_cmd_mux) StdoutLine: {'line': b'copying package.xml -> /home/zuiken/Documents/ichosai_2026_trolley/ros2_ws/src/install/trolley_cmd_mux/share/trolley_cmd_mux\n'}
[4.772380] (trolley_cmd_mux) StdoutLine: {'line': b'running install_egg_info\n'}
[4.782539] (trolley_bringup) StdoutLine: {'line': b'running install_data\n'}
[4.782875] (joy_teleop) StdoutLine: {'line': b"removing '/home/zuiken/Documents/ichosai_2026_trolley/ros2_ws/src/install/joy_teleop/lib/python3.12/site-packages/joy_teleop-0.0.0-py3.12.egg-info' (and everything under it)\n"}
[4.783158] (trolley_bringup) StdoutLine: {'line': b'copying launch/trolley_phone.launch.py -> /home/zuiken/Documents/ichosai_2026_trolley/ros2_ws/src/install/trolley_bringup/share/trolley_bringup/launch\n'}
[4.783911] (joy_teleop) StdoutLine: {'line': b'Copying ../build/joy_teleop/joy_teleop.egg-info to /home/zuiken/Documents/ichosai_2026_trolley/ros2_ws/src/install/joy_teleop/lib/python3.12/site-packages/joy_teleop-0.0.0-py3.12.egg-info\n'}
[4.786879] (trolley_bringup) StdoutLine: {'line': b'running install_egg_info\n'}
[4.790886] (joy_teleop) StdoutLine: {'line': b'running install_scripts\n'}
[4.795912] (trolley_api) StdoutLine: {'line': b"removing '/home/zuiken/Documents/ichosai_2026_trolley/ros2_ws/src/install/trolley_api/lib/python3.12/site-packages/trolley_api-0.0.0-py3.12.egg-info' (and everything under it)\n"}
[4.796145] (trolley_api) StdoutLine: {'line': b'Copying ../build/trolley_api/trolley_api.egg-info to /home/zuiken/Documents/ichosai_2026_trolley/ros2_ws/src/install/trolley_api/lib/python3.12/site-packages/trolley_api-0.0.0-py3.12.egg-info\n'}
[4.797197] (trolley_api) StdoutLine: {'line': b'running install_scripts\n'}
[4.803998] (trolley_cmd_mux) StdoutLine: {'line': b'Copying ../build/trolley_cmd_mux/trolley_cmd_mux.egg-info to /home/zuiken/Documents/ichosai_2026_trolley/ros2_ws/src/install/trolley_cmd_mux/lib/python3.12/site-packages/trolley_cmd_mux-0.0.0-py3.12.egg-info\n'}
[4.805723] (trolley_cmd_mux) StdoutLine: {'line': b'running install_scripts\n'}
[4.816346] (trolley_bringup) StdoutLine: {'line': b"removing '/home/zuiken/Documents/ichosai_2026_trolley/ros2_ws/src/install/trolley_bringup/lib/python3.12/site-packages/trolley_bringup-0.0.0-py3.12.egg-info' (and everything under it)\n"}
[4.816884] (trolley_bringup) StdoutLine: {'line': b'Copying ../build/trolley_bringup/trolley_bringup.egg-info to /home/zuiken/Documents/ichosai_2026_trolley/ros2_ws/src/install/trolley_bringup/lib/python3.12/site-packages/trolley_bringup-0.0.0-py3.12.egg-info\n'}
[4.824901] (trolley_bringup) StdoutLine: {'line': b'running install_scripts\n'}
[4.835696] (-) TimerEvent: {}
[4.936122] (-) TimerEvent: {}
[5.007941] (joy_teleop) StdoutLine: {'line': b'Installing joy_teleop script to /home/zuiken/Documents/ichosai_2026_trolley/ros2_ws/src/install/joy_teleop/lib/joy_teleop\n'}
[5.008966] (joy_teleop) StdoutLine: {'line': b"writing list of installed files to '/home/zuiken/Documents/ichosai_2026_trolley/ros2_ws/src/build/joy_teleop/install.log'\n"}
[5.036258] (-) TimerEvent: {}
[5.043385] (trolley_api) StdoutLine: {'line': b'Installing api_server script to /home/zuiken/Documents/ichosai_2026_trolley/ros2_ws/src/install/trolley_api/lib/trolley_api\n'}
[5.049072] (trolley_api) StdoutLine: {'line': b"writing list of installed files to '/home/zuiken/Documents/ichosai_2026_trolley/ros2_ws/src/build/trolley_api/install.log'\n"}
[5.055274] (trolley_cmd_mux) StdoutLine: {'line': b'Installing cmd_vel_mux script to /home/zuiken/Documents/ichosai_2026_trolley/ros2_ws/src/install/trolley_cmd_mux/lib/trolley_cmd_mux\n'}
[5.058760] (trolley_cmd_mux) StdoutLine: {'line': b"writing list of installed files to '/home/zuiken/Documents/ichosai_2026_trolley/ros2_ws/src/build/trolley_cmd_mux/install.log'\n"}
[5.067582] (trolley_bringup) StdoutLine: {'line': b"writing list of installed files to '/home/zuiken/Documents/ichosai_2026_trolley/ros2_ws/src/build/trolley_bringup/install.log'\n"}
[5.139045] (-) TimerEvent: {}
[5.195247] (joy_teleop) CommandEnded: {'returncode': 0}
[5.229338] (joy_teleop) JobEnded: {'identifier': 'joy_teleop', 'rc': 0}
[5.230569] (trolley_drive) JobStarted: {'identifier': 'trolley_drive'}
[5.239134] (-) TimerEvent: {}
[5.263454] (trolley_bringup) CommandEnded: {'returncode': 0}
[5.272112] (trolley_bringup) JobEnded: {'identifier': 'trolley_bringup', 'rc': 0}
[5.450420] (-) TimerEvent: {}
[5.550742] (-) TimerEvent: {}
[5.651222] (-) TimerEvent: {}
[5.751626] (-) TimerEvent: {}
[5.852043] (-) TimerEvent: {}
[5.952441] (-) TimerEvent: {}
[6.052855] (-) TimerEvent: {}
[6.153264] (-) TimerEvent: {}
[6.253666] (-) TimerEvent: {}
[6.354068] (-) TimerEvent: {}
[6.454445] (-) TimerEvent: {}
[6.554825] (-) TimerEvent: {}
[6.655220] (-) TimerEvent: {}
[6.755618] (-) TimerEvent: {}
[6.856034] (-) TimerEvent: {}
[6.956443] (-) TimerEvent: {}
[7.056847] (-) TimerEvent: {}
[7.157231] (-) TimerEvent: {}
[7.257629] (-) TimerEvent: {}
[7.358103] (-) TimerEvent: {}
[7.458500] (-) TimerEvent: {}
[7.558906] (-) TimerEvent: {}
[7.659304] (-) TimerEvent: {}
[7.759702] (-) TimerEvent: {}
[7.860112] (-) TimerEvent: {}
[7.960518] (-) TimerEvent: {}
[8.060915] (-) TimerEvent: {}
[8.161310] (-) TimerEvent: {}
[8.261706] (-) TimerEvent: {}
[8.362150] (-) TimerEvent: {}
[8.462548] (-) TimerEvent: {}
[8.562944] (-) TimerEvent: {}
[8.663335] (-) TimerEvent: {}
[8.763733] (-) TimerEvent: {}
[8.819721] (trolley_api) CommandEnded: {'returncode': 0}
[8.829089] (trolley_api) JobEnded: {'identifier': 'trolley_api', 'rc': 0}
[8.830664] (trolley_cmd_mux) CommandEnded: {'returncode': 0}
[8.838708] (trolley_cmd_mux) JobEnded: {'identifier': 'trolley_cmd_mux', 'rc': 0}
[8.863854] (-) TimerEvent: {}
[8.964205] (-) TimerEvent: {}
[9.064558] (-) TimerEvent: {}
[9.164866] (-) TimerEvent: {}
[9.265185] (-) TimerEvent: {}
[9.365487] (-) TimerEvent: {}
[9.465790] (-) TimerEvent: {}
[9.566094] (-) TimerEvent: {}
[9.666390] (-) TimerEvent: {}
[9.766686] (-) TimerEvent: {}
[9.867023] (-) TimerEvent: {}
[9.896580] (trolley_drive) Command: {'cmd': ['/usr/bin/python3', '-W', 'ignore:setup.py install is deprecated', '-W', 'ignore:easy_install command is deprecated', 'setup.py', 'egg_info', '--egg-base', '../build/trolley_drive', 'build', '--build-base', '/home/zuiken/Documents/ichosai_2026_trolley/ros2_ws/src/build/trolley_drive/build', 'install', '--record', '/home/zuiken/Documents/ichosai_2026_trolley/ros2_ws/src/build/trolley_drive/install.log', '--install-scripts', '$base/lib/trolley_drive', '--single-version-externally-managed', 'install_data'], 'cwd': '/home/zuiken/Documents/ichosai_2026_trolley/ros2_ws/src/trolley_drive', 'env': {'LESSOPEN': '| /usr/bin/lesspipe %s', 'USER': 'zuiken', 'SSH_CLIENT': 'fe80::6602:f97c:cba5:7eae%wlan0 59220 22', 'XDG_SESSION_TYPE': 'tty', 'GIT_ASKPASS': '/home/zuiken/.vscode-server/cli/servers/Stable-a44adf7f53e00964ab890f9f8758a334f1fc15bc/server/extensions/git/dist/askpass.sh', 'SHLVL': '1', 'LD_LIBRARY_PATH': '/home/zuiken/Documents/ichosai_2026_trolley/ros2_ws/src/install/trolley_interfaces/lib:/opt/ros/jazzy/opt/rviz_ogre_vendor/lib:/opt/ros/jazzy/lib/aarch64-linux-gnu:/opt/ros/jazzy/opt/gz_math_vendor/lib:/opt/ros/jazzy/opt/gz_utils_vendor/lib:/opt/ros/jazzy/opt/gz_cmake_vendor/lib:/opt/ros/jazzy/lib', 'BROWSER': '/home/zuiken/.vscode-server/cli/servers/Stable-a44adf7f53e00964ab890f9f8758a334f1fc15bc/server/bin/helpers/browser.sh', 'HOME': '/home/zuiken', 'OLDPWD': '/home/zuiken/Documents/ichosai_2026_trolley/ros2_ws', 'TERM_PROGRAM_VERSION': '1.136.1', 'VSCODE_IPC_HOOK_CLI': '/run/user/1000/vscode-ipc-c36184e9-140e-4b1b-9d23-fae309b2ab8d.sock', 'ROS_PYTHON_VERSION': '3', 'VSCODE_GIT_ASKPASS_MAIN': '/home/zuiken/.vscode-server/cli/servers/Stable-a44adf7f53e00964ab890f9f8758a334f1fc15bc/server/extensions/git/dist/askpass-main.js', 'VSCODE_GIT_ASKPASS_NODE': '/home/zuiken/.vscode-server/cli/servers/Stable-a44adf7f53e00964ab890f9f8758a334f1fc15bc/server/node', 'VSCODE_PYTHON_AUTOACTIVATE_GUARD': '1', 'DBUS_SESSION_BUS_ADDRESS': 'unix:path=/run/user/1000/bus', 'COLORTERM': 'truecolor', 'ROS_DISTRO': 'jazzy', 'LOGNAME': 'zuiken', '_': '/usr/bin/colcon', 'ROS_VERSION': '2', 'XDG_SESSION_CLASS': 'user', 'TERM': 'xterm-256color', 'XDG_SESSION_ID': '3', 'PATH': '/opt/ros/jazzy/bin:/home/zuiken/.vscode-server/data/User/globalStorage/github.copilot-chat/debugCommand:/home/zuiken/.vscode-server/data/User/globalStorage/github.copilot-chat/copilotCli:/home/zuiken/.vscode-server/cli/servers/Stable-a44adf7f53e00964ab890f9f8758a334f1fc15bc/server/bin/remote-cli:/usr/local/sbin:/usr/local/bin:/usr/sbin:/usr/bin:/sbin:/bin:/usr/games:/usr/local/games:/snap/bin', 'XDG_RUNTIME_DIR': '/run/user/1000', 'LANG': 'C.UTF-8', 'LS_COLORS': 'rs=0:di=01;34:ln=01;36:mh=00:pi=40;33:so=01;35:do=01;35:bd=40;33;01:cd=40;33;01:or=40;31;01:mi=00:su=37;41:sg=30;43:ca=00:tw=30;42:ow=34;42:st=37;44:ex=01;32:*.tar=01;31:*.tgz=01;31:*.arc=01;31:*.arj=01;31:*.taz=01;31:*.lha=01;31:*.lz4=01;31:*.lzh=01;31:*.lzma=01;31:*.tlz=01;31:*.txz=01;31:*.tzo=01;31:*.t7z=01;31:*.zip=01;31:*.z=01;31:*.dz=01;31:*.gz=01;31:*.lrz=01;31:*.lz=01;31:*.lzo=01;31:*.xz=01;31:*.zst=01;31:*.tzst=01;31:*.bz2=01;31:*.bz=01;31:*.tbz=01;31:*.tbz2=01;31:*.tz=01;31:*.deb=01;31:*.rpm=01;31:*.jar=01;31:*.war=01;31:*.ear=01;31:*.sar=01;31:*.rar=01;31:*.alz=01;31:*.ace=01;31:*.zoo=01;31:*.cpio=01;31:*.7z=01;31:*.rz=01;31:*.cab=01;31:*.wim=01;31:*.swm=01;31:*.dwm=01;31:*.esd=01;31:*.avif=01;35:*.jpg=01;35:*.jpeg=01;35:*.mjpg=01;35:*.mjpeg=01;35:*.gif=01;35:*.bmp=01;35:*.pbm=01;35:*.pgm=01;35:*.ppm=01;35:*.tga=01;35:*.xbm=01;35:*.xpm=01;35:*.tif=01;35:*.tiff=01;35:*.png=01;35:*.svg=01;35:*.svgz=01;35:*.mng=01;35:*.pcx=01;35:*.mov=01;35:*.mpg=01;35:*.mpeg=01;35:*.m2v=01;35:*.mkv=01;35:*.webm=01;35:*.webp=01;35:*.ogm=01;35:*.mp4=01;35:*.m4v=01;35:*.mp4v=01;35:*.vob=01;35:*.qt=01;35:*.nuv=01;35:*.wmv=01;35:*.asf=01;35:*.rm=01;35:*.rmvb=01;35:*.flc=01;35:*.avi=01;35:*.fli=01;35:*.flv=01;35:*.gl=01;35:*.dl=01;35:*.xcf=01;35:*.xwd=01;35:*.yuv=01;35:*.cgm=01;35:*.emf=01;35:*.ogv=01;35:*.ogx=01;35:*.aac=00;36:*.au=00;36:*.flac=00;36:*.m4a=00;36:*.mid=00;36:*.midi=00;36:*.mka=00;36:*.mp3=00;36:*.mpc=00;36:*.ogg=00;36:*.ra=00;36:*.wav=00;36:*.oga=00;36:*.opus=00;36:*.spx=00;36:*.xspf=00;36:*~=00;90:*#=00;90:*.bak=00;90:*.crdownload=00;90:*.dpkg-dist=00;90:*.dpkg-new=00;90:*.dpkg-old=00;90:*.dpkg-tmp=00;90:*.old=00;90:*.orig=00;90:*.part=00;90:*.rej=00;90:*.rpmnew=00;90:*.rpmorig=00;90:*.rpmsave=00;90:*.swp=00;90:*.tmp=00;90:*.ucf-dist=00;90:*.ucf-new=00;90:*.ucf-old=00;90:', 'VSCODE_GIT_IPC_HANDLE': '/run/user/1000/vscode-git-3264b45195.sock', 'TERM_PROGRAM': 'vscode', 'AMENT_PREFIX_PATH': '/home/zuiken/Documents/ichosai_2026_trolley/ros2_ws/src/install/trolley_interfaces:/opt/ros/jazzy', 'SHELL': '/bin/bash', 'LESSCLOSE': '/usr/bin/lesspipe %s %s', 'ROS_AUTOMATIC_DISCOVERY_RANGE': 'SUBNET', 'VSCODE_GIT_ASKPASS_EXTRA_ARGS': '', 'PWD': '/home/zuiken/Documents/ichosai_2026_trolley/ros2_ws/src/build/trolley_drive', 'COPILOT_DEBUG_NONCE': '588d225576d72e8c3f0154716e9a6b5b', 'SSH_CONNECTION': 'fe80::6602:f97c:cba5:7eae%wlan0 59220 fe80::54fc:92a4:ab0f:dff3%wlan0 22', 'PYTHONPATH': '/home/zuiken/Documents/ichosai_2026_trolley/ros2_ws/src/build/trolley_drive/prefix_override:/usr/lib/python3/dist-packages/colcon_core/task/python/colcon_distutils_commands:/home/zuiken/Documents/ichosai_2026_trolley/ros2_ws/src/install/trolley_drive/lib/python3.12/site-packages:/home/zuiken/Documents/ichosai_2026_trolley/ros2_ws/src/install/trolley_interfaces/lib/python3.12/site-packages:/opt/ros/jazzy/lib/python3.12/site-packages', 'COLCON': '1', 'CMAKE_PREFIX_PATH': '/home/zuiken/Documents/ichosai_2026_trolley/ros2_ws/src/install/trolley_interfaces:/opt/ros/jazzy/opt/gz_math_vendor:/opt/ros/jazzy/opt/gz_utils_vendor:/opt/ros/jazzy/opt/gz_cmake_vendor'}, 'shell': False}
[9.967127] (-) TimerEvent: {}
[10.067434] (-) TimerEvent: {}
[10.167733] (-) TimerEvent: {}
[10.265297] (trolley_drive) StdoutLine: {'line': b'running egg_info\n'}
[10.267800] (-) TimerEvent: {}
[10.291413] (trolley_drive) StdoutLine: {'line': b'writing ../build/trolley_drive/trolley_drive.egg-info/PKG-INFO\n'}
[10.291806] (trolley_drive) StdoutLine: {'line': b'writing dependency_links to ../build/trolley_drive/trolley_drive.egg-info/dependency_links.txt\n'}
[10.292094] (trolley_drive) StdoutLine: {'line': b'writing entry points to ../build/trolley_drive/trolley_drive.egg-info/entry_points.txt\n'}
[10.292324] (trolley_drive) StdoutLine: {'line': b'writing requirements to ../build/trolley_drive/trolley_drive.egg-info/requires.txt\n'}
[10.292474] (trolley_drive) StdoutLine: {'line': b'writing top-level names to ../build/trolley_drive/trolley_drive.egg-info/top_level.txt\n'}
[10.346398] (trolley_drive) StdoutLine: {'line': b"reading manifest file '../build/trolley_drive/trolley_drive.egg-info/SOURCES.txt'\n"}
[10.367905] (-) TimerEvent: {}
[10.468239] (-) TimerEvent: {}
[10.504697] (trolley_drive) StdoutLine: {'line': b"writing manifest file '../build/trolley_drive/trolley_drive.egg-info/SOURCES.txt'\n"}
[10.504992] (trolley_drive) StdoutLine: {'line': b'running build\n'}
[10.505110] (trolley_drive) StdoutLine: {'line': b'running build_py\n'}
[10.505460] (trolley_drive) StdoutLine: {'line': b'running install\n'}
[10.515950] (trolley_drive) StdoutLine: {'line': b'running install_lib\n'}
[10.544160] (trolley_drive) StdoutLine: {'line': b'running install_data\n'}
[10.544448] (trolley_drive) StdoutLine: {'line': b'running install_egg_info\n'}
[10.568297] (-) TimerEvent: {}
[10.572200] (trolley_drive) StdoutLine: {'line': b"removing '/home/zuiken/Documents/ichosai_2026_trolley/ros2_ws/src/install/trolley_drive/lib/python3.12/site-packages/trolley_drive-0.0.0-py3.12.egg-info' (and everything under it)\n"}
[10.572677] (trolley_drive) StdoutLine: {'line': b'Copying ../build/trolley_drive/trolley_drive.egg-info to /home/zuiken/Documents/ichosai_2026_trolley/ros2_ws/src/install/trolley_drive/lib/python3.12/site-packages/trolley_drive-0.0.0-py3.12.egg-info\n'}
[10.668425] (-) TimerEvent: {}
[10.723659] (trolley_drive) StdoutLine: {'line': b'running install_scripts\n'}
[10.768521] (-) TimerEvent: {}
[10.868859] (-) TimerEvent: {}
[10.910995] (trolley_drive) StdoutLine: {'line': b'Installing drive_node script to /home/zuiken/Documents/ichosai_2026_trolley/ros2_ws/src/install/trolley_drive/lib/trolley_drive\n'}
[10.911568] (trolley_drive) StdoutLine: {'line': b"writing list of installed files to '/home/zuiken/Documents/ichosai_2026_trolley/ros2_ws/src/build/trolley_drive/install.log'\n"}
[10.968956] (-) TimerEvent: {}
[10.987001] (trolley_drive) CommandEnded: {'returncode': 0}
[10.994668] (trolley_drive) JobEnded: {'identifier': 'trolley_drive', 'rc': 0}
[10.996566] (-) EventReactorShutdown: {}
