[0.000000] (-) TimerEvent: {}
[0.000253] (joy_teleop) JobQueued: {'identifier': 'joy_teleop', 'dependencies': OrderedDict()}
[0.000426] (trolley_bringup) JobQueued: {'identifier': 'trolley_bringup', 'dependencies': OrderedDict()}
[0.000454] (trolley_cmd_mux) JobQueued: {'identifier': 'trolley_cmd_mux', 'dependencies': OrderedDict()}
[0.000752] (trolley_interfaces) JobQueued: {'identifier': 'trolley_interfaces', 'dependencies': OrderedDict()}
[0.000884] (trolley_api) JobQueued: {'identifier': 'trolley_api', 'dependencies': OrderedDict({'trolley_interfaces': '/home/zuiken/Documents/ichosai_2026_trolley/ros2_ws/src/install/trolley_interfaces'})}
[0.000913] (trolley_drive) JobQueued: {'identifier': 'trolley_drive', 'dependencies': OrderedDict({'trolley_interfaces': '/home/zuiken/Documents/ichosai_2026_trolley/ros2_ws/src/install/trolley_interfaces'})}
[0.001082] (trolley_interfaces) JobStarted: {'identifier': 'trolley_interfaces'}
[0.008662] (joy_teleop) JobStarted: {'identifier': 'joy_teleop'}
[0.016507] (trolley_bringup) JobStarted: {'identifier': 'trolley_bringup'}
[0.028480] (trolley_cmd_mux) JobStarted: {'identifier': 'trolley_cmd_mux'}
[0.038968] (trolley_interfaces) JobProgress: {'identifier': 'trolley_interfaces', 'progress': 'cmake'}
[0.039890] (trolley_interfaces) JobProgress: {'identifier': 'trolley_interfaces', 'progress': 'build'}
[0.040643] (trolley_interfaces) Command: {'cmd': ['/usr/bin/cmake', '--build', '/home/zuiken/Documents/ichosai_2026_trolley/ros2_ws/src/build/trolley_interfaces', '--', '-j4', '-l4'], 'cwd': '/home/zuiken/Documents/ichosai_2026_trolley/ros2_ws/src/build/trolley_interfaces', 'env': OrderedDict({'LESSOPEN': '| /usr/bin/lesspipe %s', 'USER': 'zuiken', 'SSH_CLIENT': '192.168.0.101 64908 22', 'XDG_SESSION_TYPE': 'tty', 'GIT_ASKPASS': '/home/zuiken/.vscode-server/cli/servers/Stable-a44adf7f53e00964ab890f9f8758a334f1fc15bc/server/extensions/git/dist/askpass.sh', 'SHLVL': '1', 'LD_LIBRARY_PATH': '/home/zuiken/Documents/ichosai_2026_trolley/ros2_ws/src/install/trolley_interfaces/lib:/opt/ros/jazzy/opt/rviz_ogre_vendor/lib:/opt/ros/jazzy/lib/aarch64-linux-gnu:/opt/ros/jazzy/opt/gz_math_vendor/lib:/opt/ros/jazzy/opt/gz_utils_vendor/lib:/opt/ros/jazzy/opt/gz_cmake_vendor/lib:/opt/ros/jazzy/lib', 'BROWSER': '/home/zuiken/.vscode-server/cli/servers/Stable-a44adf7f53e00964ab890f9f8758a334f1fc15bc/server/bin/helpers/browser.sh', 'HOME': '/home/zuiken', 'OLDPWD': '/home/zuiken/Documents/ichosai_2026_trolley/ros2_ws', 'TERM_PROGRAM_VERSION': '1.136.1', 'VSCODE_IPC_HOOK_CLI': '/run/user/1000/vscode-ipc-e0b83720-7306-4e86-b336-6b5d163a5894.sock', 'ROS_PYTHON_VERSION': '3', 'VSCODE_GIT_ASKPASS_MAIN': '/home/zuiken/.vscode-server/cli/servers/Stable-a44adf7f53e00964ab890f9f8758a334f1fc15bc/server/extensions/git/dist/askpass-main.js', 'VSCODE_GIT_ASKPASS_NODE': '/home/zuiken/.vscode-server/cli/servers/Stable-a44adf7f53e00964ab890f9f8758a334f1fc15bc/server/node', 'VSCODE_PYTHON_AUTOACTIVATE_GUARD': '1', 'DBUS_SESSION_BUS_ADDRESS': 'unix:path=/run/user/1000/bus', 'COLORTERM': 'truecolor', 'DEBUGINFOD_URLS': 'https://debuginfod.ubuntu.com', 'COLCON_PREFIX_PATH': '/home/zuiken/Documents/ichosai_2026_trolley/ros2_ws/src/install', 'ROS_DISTRO': 'jazzy', 'LOGNAME': 'zuiken', '_': '/usr/bin/colcon', 'ROS_VERSION': '2', 'XDG_SESSION_CLASS': 'user', 'TERM': 'xterm-256color', 'XDG_SESSION_ID': '58', 'PATH': '/home/zuiken/.vscode-server/data/User/globalStorage/github.copilot-chat/debugCommand:/home/zuiken/.vscode-server/data/User/globalStorage/github.copilot-chat/copilotCli:/home/zuiken/.vscode-server/cli/servers/Stable-a44adf7f53e00964ab890f9f8758a334f1fc15bc/server/bin/remote-cli:/home/zuiken/.local/bin:/opt/ros/jazzy/bin:/usr/local/sbin:/usr/local/bin:/usr/sbin:/usr/bin:/sbin:/bin:/usr/games:/usr/local/games:/snap/bin', 'XDG_RUNTIME_DIR': '/run/user/1000', 'LANG': 'C.UTF-8', 'LS_COLORS': 'rs=0:di=01;34:ln=01;36:mh=00:pi=40;33:so=01;35:do=01;35:bd=40;33;01:cd=40;33;01:or=40;31;01:mi=00:su=37;41:sg=30;43:ca=00:tw=30;42:ow=34;42:st=37;44:ex=01;32:*.tar=01;31:*.tgz=01;31:*.arc=01;31:*.arj=01;31:*.taz=01;31:*.lha=01;31:*.lz4=01;31:*.lzh=01;31:*.lzma=01;31:*.tlz=01;31:*.txz=01;31:*.tzo=01;31:*.t7z=01;31:*.zip=01;31:*.z=01;31:*.dz=01;31:*.gz=01;31:*.lrz=01;31:*.lz=01;31:*.lzo=01;31:*.xz=01;31:*.zst=01;31:*.tzst=01;31:*.bz2=01;31:*.bz=01;31:*.tbz=01;31:*.tbz2=01;31:*.tz=01;31:*.deb=01;31:*.rpm=01;31:*.jar=01;31:*.war=01;31:*.ear=01;31:*.sar=01;31:*.rar=01;31:*.alz=01;31:*.ace=01;31:*.zoo=01;31:*.cpio=01;31:*.7z=01;31:*.rz=01;31:*.cab=01;31:*.wim=01;31:*.swm=01;31:*.dwm=01;31:*.esd=01;31:*.avif=01;35:*.jpg=01;35:*.jpeg=01;35:*.mjpg=01;35:*.mjpeg=01;35:*.gif=01;35:*.bmp=01;35:*.pbm=01;35:*.pgm=01;35:*.ppm=01;35:*.tga=01;35:*.xbm=01;35:*.xpm=01;35:*.tif=01;35:*.tiff=01;35:*.png=01;35:*.svg=01;35:*.svgz=01;35:*.mng=01;35:*.pcx=01;35:*.mov=01;35:*.mpg=01;35:*.mpeg=01;35:*.m2v=01;35:*.mkv=01;35:*.webm=01;35:*.webp=01;35:*.ogm=01;35:*.mp4=01;35:*.m4v=01;35:*.mp4v=01;35:*.vob=01;35:*.qt=01;35:*.nuv=01;35:*.wmv=01;35:*.asf=01;35:*.rm=01;35:*.rmvb=01;35:*.flc=01;35:*.avi=01;35:*.fli=01;35:*.flv=01;35:*.gl=01;35:*.dl=01;35:*.xcf=01;35:*.xwd=01;35:*.yuv=01;35:*.cgm=01;35:*.emf=01;35:*.ogv=01;35:*.ogx=01;35:*.aac=00;36:*.au=00;36:*.flac=00;36:*.m4a=00;36:*.mid=00;36:*.midi=00;36:*.mka=00;36:*.mp3=00;36:*.mpc=00;36:*.ogg=00;36:*.ra=00;36:*.wav=00;36:*.oga=00;36:*.opus=00;36:*.spx=00;36:*.xspf=00;36:*~=00;90:*#=00;90:*.bak=00;90:*.crdownload=00;90:*.dpkg-dist=00;90:*.dpkg-new=00;90:*.dpkg-old=00;90:*.dpkg-tmp=00;90:*.old=00;90:*.orig=00;90:*.part=00;90:*.rej=00;90:*.rpmnew=00;90:*.rpmorig=00;90:*.rpmsave=00;90:*.swp=00;90:*.tmp=00;90:*.ucf-dist=00;90:*.ucf-new=00;90:*.ucf-old=00;90:', 'VSCODE_GIT_IPC_HANDLE': '/run/user/1000/vscode-git-3264b45195.sock', 'TERM_PROGRAM': 'vscode', 'AMENT_PREFIX_PATH': '/home/zuiken/Documents/ichosai_2026_trolley/ros2_ws/src/install/trolley_drive:/home/zuiken/Documents/ichosai_2026_trolley/ros2_ws/src/install/trolley_api:/home/zuiken/Documents/ichosai_2026_trolley/ros2_ws/src/install/trolley_interfaces:/home/zuiken/Documents/ichosai_2026_trolley/ros2_ws/src/install/trolley_cmd_mux:/home/zuiken/Documents/ichosai_2026_trolley/ros2_ws/src/install/trolley_bringup:/home/zuiken/Documents/ichosai_2026_trolley/ros2_ws/src/install/joy_teleop:/opt/ros/jazzy', 'SHELL': '/bin/bash', 'LESSCLOSE': '/usr/bin/lesspipe %s %s', 'ROS_AUTOMATIC_DISCOVERY_RANGE': 'SUBNET', 'VSCODE_GIT_ASKPASS_EXTRA_ARGS': '', 'PWD': '/home/zuiken/Documents/ichosai_2026_trolley/ros2_ws/src/build/trolley_interfaces', 'COPILOT_DEBUG_NONCE': '588d225576d72e8c3f0154716e9a6b5b', 'SSH_CONNECTION': '192.168.0.101 64908 192.168.0.102 22', 'XDG_DATA_DIRS': '/usr/share/gnome:/usr/local/share:/usr/share:/var/lib/snapd/desktop', 'PYTHONPATH': '/home/zuiken/Documents/ichosai_2026_trolley/ros2_ws/src/install/trolley_drive/lib/python3.12/site-packages:/home/zuiken/Documents/ichosai_2026_trolley/ros2_ws/src/install/trolley_api/lib/python3.12/site-packages:/home/zuiken/Documents/ichosai_2026_trolley/ros2_ws/src/install/trolley_interfaces/lib/python3.12/site-packages:/home/zuiken/Documents/ichosai_2026_trolley/ros2_ws/src/install/trolley_cmd_mux/lib/python3.12/site-packages:/home/zuiken/Documents/ichosai_2026_trolley/ros2_ws/src/install/trolley_bringup/lib/python3.12/site-packages:/home/zuiken/Documents/ichosai_2026_trolley/ros2_ws/src/install/joy_teleop/lib/python3.12/site-packages:/opt/ros/jazzy/lib/python3.12/site-packages', 'COLCON': '1', 'CMAKE_PREFIX_PATH': '/home/zuiken/Documents/ichosai_2026_trolley/ros2_ws/src/install/trolley_interfaces:/opt/ros/jazzy/opt/gz_math_vendor:/opt/ros/jazzy/opt/gz_utils_vendor:/opt/ros/jazzy/opt/gz_cmake_vendor:/home/zuiken/Documents/ichosai_2026_trolley/ros2_ws/src/install/trolley_drive:/home/zuiken/Documents/ichosai_2026_trolley/ros2_ws/src/install/trolley_api:/home/zuiken/Documents/ichosai_2026_trolley/ros2_ws/src/install/trolley_cmd_mux:/home/zuiken/Documents/ichosai_2026_trolley/ros2_ws/src/install/trolley_bringup:/home/zuiken/Documents/ichosai_2026_trolley/ros2_ws/src/install/joy_teleop:/opt/ros/jazzy'}), 'shell': False}
[0.099712] (-) TimerEvent: {}
[0.200902] (-) TimerEvent: {}
[0.302810] (-) TimerEvent: {}
[0.403161] (-) TimerEvent: {}
[0.503573] (-) TimerEvent: {}
[0.603997] (-) TimerEvent: {}
[0.704476] (-) TimerEvent: {}
[0.804821] (-) TimerEvent: {}
[0.848976] (trolley_interfaces) StdoutLine: {'line': b'[  4%] Built target trolley_interfaces__rs\n'}
[0.849831] (trolley_interfaces) StdoutLine: {'line': b'[  4%] Built target trolley_interfaces__rosidl_generator_type_description\n'}
[0.850325] (trolley_interfaces) StdoutLine: {'line': b'[  4%] Built target ament_cmake_python_copy_trolley_interfaces\n'}
[0.850511] (trolley_interfaces) StdoutLine: {'line': b'[  6%] Built target trolley_interfaces__cpp\n'}
[0.850772] (trolley_interfaces) StdoutLine: {'line': b'[ 24%] Built target trolley_interfaces__rosidl_generator_c\n'}
[0.851157] (trolley_interfaces) StdoutLine: {'line': b'[ 33%] Built target trolley_interfaces__rosidl_typesupport_fastrtps_cpp\n'}
[0.851705] (trolley_interfaces) StdoutLine: {'line': b'[ 42%] Built target trolley_interfaces__rosidl_typesupport_cpp\n'}
[0.851858] (trolley_interfaces) StdoutLine: {'line': b'[ 51%] Built target trolley_interfaces__rosidl_typesupport_introspection_cpp\n'}
[0.851999] (trolley_interfaces) StdoutLine: {'line': b'[ 60%] Built target trolley_interfaces__rosidl_typesupport_fastrtps_c\n'}
[0.852204] (trolley_interfaces) StdoutLine: {'line': b'[ 68%] Built target trolley_interfaces__rosidl_typesupport_introspection_c\n'}
[0.852401] (trolley_interfaces) StdoutLine: {'line': b'[ 77%] Built target trolley_interfaces__rosidl_typesupport_c\n'}
[0.852513] (trolley_interfaces) StdoutLine: {'line': b'[ 77%] Built target trolley_interfaces\n'}
[0.852737] (trolley_interfaces) StdoutLine: {'line': b'[ 80%] Built target trolley_interfaces__py\n'}
[0.852994] (trolley_interfaces) StdoutLine: {'line': b'[ 86%] Built target trolley_interfaces__rosidl_generator_py\n'}
[0.853096] (trolley_interfaces) StdoutLine: {'line': b'[ 91%] Built target trolley_interfaces_s__rosidl_typesupport_introspection_c\n'}
[0.853188] (trolley_interfaces) StdoutLine: {'line': b'[100%] Built target trolley_interfaces_s__rosidl_typesupport_fastrtps_c\n'}
[0.853279] (trolley_interfaces) StdoutLine: {'line': b'[100%] Built target trolley_interfaces_s__rosidl_typesupport_c\n'}
[0.853385] (trolley_interfaces) StdoutLine: {'line': b'running egg_info\n'}
[0.853562] (trolley_interfaces) StdoutLine: {'line': b'writing trolley_interfaces.egg-info/PKG-INFO\n'}
[0.853662] (trolley_interfaces) StdoutLine: {'line': b'writing dependency_links to trolley_interfaces.egg-info/dependency_links.txt\n'}
[0.853768] (trolley_interfaces) StdoutLine: {'line': b'writing top-level names to trolley_interfaces.egg-info/top_level.txt\n'}
[0.853878] (trolley_interfaces) StdoutLine: {'line': b"reading manifest file 'trolley_interfaces.egg-info/SOURCES.txt'\n"}
[0.853970] (trolley_interfaces) StdoutLine: {'line': b"writing manifest file 'trolley_interfaces.egg-info/SOURCES.txt'\n"}
[0.854062] (trolley_interfaces) StdoutLine: {'line': b'[100%] Built target ament_cmake_python_build_trolley_interfaces_egg\n'}
[0.854158] (trolley_interfaces) CommandEnded: {'returncode': 0}
[0.854506] (trolley_interfaces) JobProgress: {'identifier': 'trolley_interfaces', 'progress': 'install'}
[0.868754] (trolley_interfaces) Command: {'cmd': ['/usr/bin/cmake', '--install', '/home/zuiken/Documents/ichosai_2026_trolley/ros2_ws/src/build/trolley_interfaces'], 'cwd': '/home/zuiken/Documents/ichosai_2026_trolley/ros2_ws/src/build/trolley_interfaces', 'env': OrderedDict({'LESSOPEN': '| /usr/bin/lesspipe %s', 'USER': 'zuiken', 'SSH_CLIENT': '192.168.0.101 64908 22', 'XDG_SESSION_TYPE': 'tty', 'GIT_ASKPASS': '/home/zuiken/.vscode-server/cli/servers/Stable-a44adf7f53e00964ab890f9f8758a334f1fc15bc/server/extensions/git/dist/askpass.sh', 'SHLVL': '1', 'LD_LIBRARY_PATH': '/home/zuiken/Documents/ichosai_2026_trolley/ros2_ws/src/install/trolley_interfaces/lib:/opt/ros/jazzy/opt/rviz_ogre_vendor/lib:/opt/ros/jazzy/lib/aarch64-linux-gnu:/opt/ros/jazzy/opt/gz_math_vendor/lib:/opt/ros/jazzy/opt/gz_utils_vendor/lib:/opt/ros/jazzy/opt/gz_cmake_vendor/lib:/opt/ros/jazzy/lib', 'BROWSER': '/home/zuiken/.vscode-server/cli/servers/Stable-a44adf7f53e00964ab890f9f8758a334f1fc15bc/server/bin/helpers/browser.sh', 'HOME': '/home/zuiken', 'OLDPWD': '/home/zuiken/Documents/ichosai_2026_trolley/ros2_ws', 'TERM_PROGRAM_VERSION': '1.136.1', 'VSCODE_IPC_HOOK_CLI': '/run/user/1000/vscode-ipc-e0b83720-7306-4e86-b336-6b5d163a5894.sock', 'ROS_PYTHON_VERSION': '3', 'VSCODE_GIT_ASKPASS_MAIN': '/home/zuiken/.vscode-server/cli/servers/Stable-a44adf7f53e00964ab890f9f8758a334f1fc15bc/server/extensions/git/dist/askpass-main.js', 'VSCODE_GIT_ASKPASS_NODE': '/home/zuiken/.vscode-server/cli/servers/Stable-a44adf7f53e00964ab890f9f8758a334f1fc15bc/server/node', 'VSCODE_PYTHON_AUTOACTIVATE_GUARD': '1', 'DBUS_SESSION_BUS_ADDRESS': 'unix:path=/run/user/1000/bus', 'COLORTERM': 'truecolor', 'DEBUGINFOD_URLS': 'https://debuginfod.ubuntu.com', 'COLCON_PREFIX_PATH': '/home/zuiken/Documents/ichosai_2026_trolley/ros2_ws/src/install', 'ROS_DISTRO': 'jazzy', 'LOGNAME': 'zuiken', '_': '/usr/bin/colcon', 'ROS_VERSION': '2', 'XDG_SESSION_CLASS': 'user', 'TERM': 'xterm-256color', 'XDG_SESSION_ID': '58', 'PATH': '/home/zuiken/.vscode-server/data/User/globalStorage/github.copilot-chat/debugCommand:/home/zuiken/.vscode-server/data/User/globalStorage/github.copilot-chat/copilotCli:/home/zuiken/.vscode-server/cli/servers/Stable-a44adf7f53e00964ab890f9f8758a334f1fc15bc/server/bin/remote-cli:/home/zuiken/.local/bin:/opt/ros/jazzy/bin:/usr/local/sbin:/usr/local/bin:/usr/sbin:/usr/bin:/sbin:/bin:/usr/games:/usr/local/games:/snap/bin', 'XDG_RUNTIME_DIR': '/run/user/1000', 'LANG': 'C.UTF-8', 'LS_COLORS': 'rs=0:di=01;34:ln=01;36:mh=00:pi=40;33:so=01;35:do=01;35:bd=40;33;01:cd=40;33;01:or=40;31;01:mi=00:su=37;41:sg=30;43:ca=00:tw=30;42:ow=34;42:st=37;44:ex=01;32:*.tar=01;31:*.tgz=01;31:*.arc=01;31:*.arj=01;31:*.taz=01;31:*.lha=01;31:*.lz4=01;31:*.lzh=01;31:*.lzma=01;31:*.tlz=01;31:*.txz=01;31:*.tzo=01;31:*.t7z=01;31:*.zip=01;31:*.z=01;31:*.dz=01;31:*.gz=01;31:*.lrz=01;31:*.lz=01;31:*.lzo=01;31:*.xz=01;31:*.zst=01;31:*.tzst=01;31:*.bz2=01;31:*.bz=01;31:*.tbz=01;31:*.tbz2=01;31:*.tz=01;31:*.deb=01;31:*.rpm=01;31:*.jar=01;31:*.war=01;31:*.ear=01;31:*.sar=01;31:*.rar=01;31:*.alz=01;31:*.ace=01;31:*.zoo=01;31:*.cpio=01;31:*.7z=01;31:*.rz=01;31:*.cab=01;31:*.wim=01;31:*.swm=01;31:*.dwm=01;31:*.esd=01;31:*.avif=01;35:*.jpg=01;35:*.jpeg=01;35:*.mjpg=01;35:*.mjpeg=01;35:*.gif=01;35:*.bmp=01;35:*.pbm=01;35:*.pgm=01;35:*.ppm=01;35:*.tga=01;35:*.xbm=01;35:*.xpm=01;35:*.tif=01;35:*.tiff=01;35:*.png=01;35:*.svg=01;35:*.svgz=01;35:*.mng=01;35:*.pcx=01;35:*.mov=01;35:*.mpg=01;35:*.mpeg=01;35:*.m2v=01;35:*.mkv=01;35:*.webm=01;35:*.webp=01;35:*.ogm=01;35:*.mp4=01;35:*.m4v=01;35:*.mp4v=01;35:*.vob=01;35:*.qt=01;35:*.nuv=01;35:*.wmv=01;35:*.asf=01;35:*.rm=01;35:*.rmvb=01;35:*.flc=01;35:*.avi=01;35:*.fli=01;35:*.flv=01;35:*.gl=01;35:*.dl=01;35:*.xcf=01;35:*.xwd=01;35:*.yuv=01;35:*.cgm=01;35:*.emf=01;35:*.ogv=01;35:*.ogx=01;35:*.aac=00;36:*.au=00;36:*.flac=00;36:*.m4a=00;36:*.mid=00;36:*.midi=00;36:*.mka=00;36:*.mp3=00;36:*.mpc=00;36:*.ogg=00;36:*.ra=00;36:*.wav=00;36:*.oga=00;36:*.opus=00;36:*.spx=00;36:*.xspf=00;36:*~=00;90:*#=00;90:*.bak=00;90:*.crdownload=00;90:*.dpkg-dist=00;90:*.dpkg-new=00;90:*.dpkg-old=00;90:*.dpkg-tmp=00;90:*.old=00;90:*.orig=00;90:*.part=00;90:*.rej=00;90:*.rpmnew=00;90:*.rpmorig=00;90:*.rpmsave=00;90:*.swp=00;90:*.tmp=00;90:*.ucf-dist=00;90:*.ucf-new=00;90:*.ucf-old=00;90:', 'VSCODE_GIT_IPC_HANDLE': '/run/user/1000/vscode-git-3264b45195.sock', 'TERM_PROGRAM': 'vscode', 'AMENT_PREFIX_PATH': '/home/zuiken/Documents/ichosai_2026_trolley/ros2_ws/src/install/trolley_drive:/home/zuiken/Documents/ichosai_2026_trolley/ros2_ws/src/install/trolley_api:/home/zuiken/Documents/ichosai_2026_trolley/ros2_ws/src/install/trolley_interfaces:/home/zuiken/Documents/ichosai_2026_trolley/ros2_ws/src/install/trolley_cmd_mux:/home/zuiken/Documents/ichosai_2026_trolley/ros2_ws/src/install/trolley_bringup:/home/zuiken/Documents/ichosai_2026_trolley/ros2_ws/src/install/joy_teleop:/opt/ros/jazzy', 'SHELL': '/bin/bash', 'LESSCLOSE': '/usr/bin/lesspipe %s %s', 'ROS_AUTOMATIC_DISCOVERY_RANGE': 'SUBNET', 'VSCODE_GIT_ASKPASS_EXTRA_ARGS': '', 'PWD': '/home/zuiken/Documents/ichosai_2026_trolley/ros2_ws/src/build/trolley_interfaces', 'COPILOT_DEBUG_NONCE': '588d225576d72e8c3f0154716e9a6b5b', 'SSH_CONNECTION': '192.168.0.101 64908 192.168.0.102 22', 'XDG_DATA_DIRS': '/usr/share/gnome:/usr/local/share:/usr/share:/var/lib/snapd/desktop', 'PYTHONPATH': '/home/zuiken/Documents/ichosai_2026_trolley/ros2_ws/src/install/trolley_drive/lib/python3.12/site-packages:/home/zuiken/Documents/ichosai_2026_trolley/ros2_ws/src/install/trolley_api/lib/python3.12/site-packages:/home/zuiken/Documents/ichosai_2026_trolley/ros2_ws/src/install/trolley_interfaces/lib/python3.12/site-packages:/home/zuiken/Documents/ichosai_2026_trolley/ros2_ws/src/install/trolley_cmd_mux/lib/python3.12/site-packages:/home/zuiken/Documents/ichosai_2026_trolley/ros2_ws/src/install/trolley_bringup/lib/python3.12/site-packages:/home/zuiken/Documents/ichosai_2026_trolley/ros2_ws/src/install/joy_teleop/lib/python3.12/site-packages:/opt/ros/jazzy/lib/python3.12/site-packages', 'COLCON': '1', 'CMAKE_PREFIX_PATH': '/home/zuiken/Documents/ichosai_2026_trolley/ros2_ws/src/install/trolley_interfaces:/opt/ros/jazzy/opt/gz_math_vendor:/opt/ros/jazzy/opt/gz_utils_vendor:/opt/ros/jazzy/opt/gz_cmake_vendor:/home/zuiken/Documents/ichosai_2026_trolley/ros2_ws/src/install/trolley_drive:/home/zuiken/Documents/ichosai_2026_trolley/ros2_ws/src/install/trolley_api:/home/zuiken/Documents/ichosai_2026_trolley/ros2_ws/src/install/trolley_cmd_mux:/home/zuiken/Documents/ichosai_2026_trolley/ros2_ws/src/install/trolley_bringup:/home/zuiken/Documents/ichosai_2026_trolley/ros2_ws/src/install/joy_teleop:/opt/ros/jazzy'}), 'shell': False}
[0.904912] (-) TimerEvent: {}
[1.005235] (-) TimerEvent: {}
[1.105559] (-) TimerEvent: {}
[1.200172] (trolley_interfaces) StdoutLine: {'line': b'-- Install configuration: ""\n'}
[1.200638] (trolley_interfaces) StdoutLine: {'line': b'-- Up-to-date: /home/zuiken/Documents/ichosai_2026_trolley/ros2_ws/src/install/trolley_interfaces/share/ament_index/resource_index/rosidl_interfaces/trolley_interfaces\n'}
[1.200851] (trolley_interfaces) StdoutLine: {'line': b'-- Up-to-date: /home/zuiken/Documents/ichosai_2026_trolley/ros2_ws/src/install/trolley_interfaces/share/trolley_interfaces/srv/SetDriveEnabled.json\n'}
[1.201017] (trolley_interfaces) StdoutLine: {'line': b'-- Up-to-date: /home/zuiken/Documents/ichosai_2026_trolley/ros2_ws/src/install/trolley_interfaces/share/trolley_interfaces/srv/SetDriveMode.json\n'}
[1.201200] (trolley_interfaces) StdoutLine: {'line': b'-- Up-to-date: /home/zuiken/Documents/ichosai_2026_trolley/ros2_ws/src/install/trolley_interfaces/include/trolley_interfaces/trolley_interfaces\n'}
[1.201347] (trolley_interfaces) StdoutLine: {'line': b'-- Up-to-date: /home/zuiken/Documents/ichosai_2026_trolley/ros2_ws/src/install/trolley_interfaces/include/trolley_interfaces/trolley_interfaces/msg\n'}
[1.201479] (trolley_interfaces) StdoutLine: {'line': b'-- Up-to-date: /home/zuiken/Documents/ichosai_2026_trolley/ros2_ws/src/install/trolley_interfaces/include/trolley_interfaces/trolley_interfaces/msg/rosidl_generator_c__visibility_control.h\n'}
[1.201622] (trolley_interfaces) StdoutLine: {'line': b'-- Up-to-date: /home/zuiken/Documents/ichosai_2026_trolley/ros2_ws/src/install/trolley_interfaces/include/trolley_interfaces/trolley_interfaces/srv\n'}
[1.202957] (trolley_interfaces) StdoutLine: {'line': b'-- Up-to-date: /home/zuiken/Documents/ichosai_2026_trolley/ros2_ws/src/install/trolley_interfaces/include/trolley_interfaces/trolley_interfaces/srv/detail\n'}
[1.203479] (trolley_interfaces) StdoutLine: {'line': b'-- Up-to-date: /home/zuiken/Documents/ichosai_2026_trolley/ros2_ws/src/install/trolley_interfaces/include/trolley_interfaces/trolley_interfaces/srv/detail/set_drive_mode__struct.h\n'}
[1.203674] (trolley_interfaces) StdoutLine: {'line': b'-- Up-to-date: /home/zuiken/Documents/ichosai_2026_trolley/ros2_ws/src/install/trolley_interfaces/include/trolley_interfaces/trolley_interfaces/srv/detail/set_drive_enabled__struct.h\n'}
[1.203825] (trolley_interfaces) StdoutLine: {'line': b'-- Up-to-date: /home/zuiken/Documents/ichosai_2026_trolley/ros2_ws/src/install/trolley_interfaces/include/trolley_interfaces/trolley_interfaces/srv/detail/set_drive_enabled__description.c\n'}
[1.203965] (trolley_interfaces) StdoutLine: {'line': b'-- Up-to-date: /home/zuiken/Documents/ichosai_2026_trolley/ros2_ws/src/install/trolley_interfaces/include/trolley_interfaces/trolley_interfaces/srv/detail/set_drive_mode__description.c\n'}
[1.204095] (trolley_interfaces) StdoutLine: {'line': b'-- Up-to-date: /home/zuiken/Documents/ichosai_2026_trolley/ros2_ws/src/install/trolley_interfaces/include/trolley_interfaces/trolley_interfaces/srv/detail/set_drive_mode__functions.h\n'}
[1.204213] (trolley_interfaces) StdoutLine: {'line': b'-- Up-to-date: /home/zuiken/Documents/ichosai_2026_trolley/ros2_ws/src/install/trolley_interfaces/include/trolley_interfaces/trolley_interfaces/srv/detail/set_drive_enabled__type_support.h\n'}
[1.204346] (trolley_interfaces) StdoutLine: {'line': b'-- Up-to-date: /home/zuiken/Documents/ichosai_2026_trolley/ros2_ws/src/install/trolley_interfaces/include/trolley_interfaces/trolley_interfaces/srv/detail/set_drive_enabled__functions.h\n'}
[1.204536] (trolley_interfaces) StdoutLine: {'line': b'-- Up-to-date: /home/zuiken/Documents/ichosai_2026_trolley/ros2_ws/src/install/trolley_interfaces/include/trolley_interfaces/trolley_interfaces/srv/detail/set_drive_mode__functions.c\n'}
[1.205429] (trolley_interfaces) StdoutLine: {'line': b'-- Installing: /home/zuiken/Documents/ichosai_2026_trolley/ros2_ws/src/install/trolley_interfaces/include/trolley_interfaces/trolley_interfaces/srv/detail/set_drive_mode__type_support.c\n'}
[1.205878] (-) TimerEvent: {}
[1.206078] (trolley_interfaces) StdoutLine: {'line': b'-- Installing: /home/zuiken/Documents/ichosai_2026_trolley/ros2_ws/src/install/trolley_interfaces/include/trolley_interfaces/trolley_interfaces/srv/detail/set_drive_enabled__type_support.c\n'}
[1.206538] (trolley_interfaces) StdoutLine: {'line': b'-- Up-to-date: /home/zuiken/Documents/ichosai_2026_trolley/ros2_ws/src/install/trolley_interfaces/include/trolley_interfaces/trolley_interfaces/srv/detail/set_drive_enabled__functions.c\n'}
[1.207098] (trolley_interfaces) StdoutLine: {'line': b'-- Up-to-date: /home/zuiken/Documents/ichosai_2026_trolley/ros2_ws/src/install/trolley_interfaces/include/trolley_interfaces/trolley_interfaces/srv/detail/set_drive_mode__type_support.h\n'}
[1.207666] (trolley_interfaces) StdoutLine: {'line': b'-- Up-to-date: /home/zuiken/Documents/ichosai_2026_trolley/ros2_ws/src/install/trolley_interfaces/include/trolley_interfaces/trolley_interfaces/srv/set_drive_mode.h\n'}
[1.207917] (trolley_interfaces) StdoutLine: {'line': b'-- Up-to-date: /home/zuiken/Documents/ichosai_2026_trolley/ros2_ws/src/install/trolley_interfaces/include/trolley_interfaces/trolley_interfaces/srv/set_drive_enabled.h\n'}
[1.208051] (trolley_interfaces) StdoutLine: {'line': b'-- Up-to-date: /home/zuiken/Documents/ichosai_2026_trolley/ros2_ws/src/install/trolley_interfaces/share/trolley_interfaces/environment/library_path.sh\n'}
[1.208609] (trolley_interfaces) StdoutLine: {'line': b'-- Up-to-date: /home/zuiken/Documents/ichosai_2026_trolley/ros2_ws/src/install/trolley_interfaces/share/trolley_interfaces/environment/library_path.dsv\n'}
[1.210146] (trolley_interfaces) StdoutLine: {'line': b'-- Up-to-date: /home/zuiken/Documents/ichosai_2026_trolley/ros2_ws/src/install/trolley_interfaces/lib/libtrolley_interfaces__rosidl_generator_c.so\n'}
[1.211009] (trolley_interfaces) StdoutLine: {'line': b'-- Up-to-date: /home/zuiken/Documents/ichosai_2026_trolley/ros2_ws/src/install/trolley_interfaces/include/trolley_interfaces/trolley_interfaces\n'}
[1.211210] (trolley_interfaces) StdoutLine: {'line': b'-- Up-to-date: /home/zuiken/Documents/ichosai_2026_trolley/ros2_ws/src/install/trolley_interfaces/include/trolley_interfaces/trolley_interfaces/msg\n'}
[1.211346] (trolley_interfaces) StdoutLine: {'line': b'-- Up-to-date: /home/zuiken/Documents/ichosai_2026_trolley/ros2_ws/src/install/trolley_interfaces/include/trolley_interfaces/trolley_interfaces/msg/rosidl_typesupport_fastrtps_c__visibility_control.h\n'}
[1.211485] (trolley_interfaces) StdoutLine: {'line': b'-- Up-to-date: /home/zuiken/Documents/ichosai_2026_trolley/ros2_ws/src/install/trolley_interfaces/include/trolley_interfaces/trolley_interfaces/srv\n'}
[1.214356] (trolley_interfaces) StdoutLine: {'line': b'-- Up-to-date: /home/zuiken/Documents/ichosai_2026_trolley/ros2_ws/src/install/trolley_interfaces/include/trolley_interfaces/trolley_interfaces/srv/detail\n'}
[1.214563] (trolley_interfaces) StdoutLine: {'line': b'-- Up-to-date: /home/zuiken/Documents/ichosai_2026_trolley/ros2_ws/src/install/trolley_interfaces/include/trolley_interfaces/trolley_interfaces/srv/detail/set_drive_enabled__rosidl_typesupport_fastrtps_c.h\n'}
[1.214707] (trolley_interfaces) StdoutLine: {'line': b'-- Up-to-date: /home/zuiken/Documents/ichosai_2026_trolley/ros2_ws/src/install/trolley_interfaces/include/trolley_interfaces/trolley_interfaces/srv/detail/set_drive_mode__rosidl_typesupport_fastrtps_c.h\n'}
[1.214867] (trolley_interfaces) StdoutLine: {'line': b'-- Up-to-date: /home/zuiken/Documents/ichosai_2026_trolley/ros2_ws/src/install/trolley_interfaces/lib/libtrolley_interfaces__rosidl_typesupport_fastrtps_c.so\n'}
[1.215000] (trolley_interfaces) StdoutLine: {'line': b'-- Up-to-date: /home/zuiken/Documents/ichosai_2026_trolley/ros2_ws/src/install/trolley_interfaces/include/trolley_interfaces/trolley_interfaces\n'}
[1.215124] (trolley_interfaces) StdoutLine: {'line': b'-- Up-to-date: /home/zuiken/Documents/ichosai_2026_trolley/ros2_ws/src/install/trolley_interfaces/include/trolley_interfaces/trolley_interfaces/msg\n'}
[1.215246] (trolley_interfaces) StdoutLine: {'line': b'-- Up-to-date: /home/zuiken/Documents/ichosai_2026_trolley/ros2_ws/src/install/trolley_interfaces/include/trolley_interfaces/trolley_interfaces/msg/rosidl_typesupport_introspection_c__visibility_control.h\n'}
[1.215362] (trolley_interfaces) StdoutLine: {'line': b'-- Up-to-date: /home/zuiken/Documents/ichosai_2026_trolley/ros2_ws/src/install/trolley_interfaces/include/trolley_interfaces/trolley_interfaces/srv\n'}
[1.215479] (trolley_interfaces) StdoutLine: {'line': b'-- Up-to-date: /home/zuiken/Documents/ichosai_2026_trolley/ros2_ws/src/install/trolley_interfaces/include/trolley_interfaces/trolley_interfaces/srv/detail\n'}
[1.215591] (trolley_interfaces) StdoutLine: {'line': b'-- Up-to-date: /home/zuiken/Documents/ichosai_2026_trolley/ros2_ws/src/install/trolley_interfaces/include/trolley_interfaces/trolley_interfaces/srv/detail/set_drive_enabled__rosidl_typesupport_introspection_c.h\n'}
[1.215710] (trolley_interfaces) StdoutLine: {'line': b'-- Up-to-date: /home/zuiken/Documents/ichosai_2026_trolley/ros2_ws/src/install/trolley_interfaces/include/trolley_interfaces/trolley_interfaces/srv/detail/set_drive_mode__rosidl_typesupport_introspection_c.h\n'}
[1.217375] (trolley_interfaces) StdoutLine: {'line': b'-- Installing: /home/zuiken/Documents/ichosai_2026_trolley/ros2_ws/src/install/trolley_interfaces/include/trolley_interfaces/trolley_interfaces/srv/detail/set_drive_mode__type_support.c\n'}
[1.217708] (trolley_interfaces) StdoutLine: {'line': b'-- Installing: /home/zuiken/Documents/ichosai_2026_trolley/ros2_ws/src/install/trolley_interfaces/include/trolley_interfaces/trolley_interfaces/srv/detail/set_drive_enabled__type_support.c\n'}
[1.219238] (trolley_interfaces) StdoutLine: {'line': b'-- Up-to-date: /home/zuiken/Documents/ichosai_2026_trolley/ros2_ws/src/install/trolley_interfaces/lib/libtrolley_interfaces__rosidl_typesupport_introspection_c.so\n'}
[1.222832] (trolley_interfaces) StdoutLine: {'line': b'-- Up-to-date: /home/zuiken/Documents/ichosai_2026_trolley/ros2_ws/src/install/trolley_interfaces/lib/libtrolley_interfaces__rosidl_typesupport_c.so\n'}
[1.223197] (trolley_interfaces) StdoutLine: {'line': b'-- Up-to-date: /home/zuiken/Documents/ichosai_2026_trolley/ros2_ws/src/install/trolley_interfaces/include/trolley_interfaces/trolley_interfaces\n'}
[1.223339] (trolley_interfaces) StdoutLine: {'line': b'-- Up-to-date: /home/zuiken/Documents/ichosai_2026_trolley/ros2_ws/src/install/trolley_interfaces/include/trolley_interfaces/trolley_interfaces/msg\n'}
[1.223480] (trolley_interfaces) StdoutLine: {'line': b'-- Up-to-date: /home/zuiken/Documents/ichosai_2026_trolley/ros2_ws/src/install/trolley_interfaces/include/trolley_interfaces/trolley_interfaces/msg/rosidl_generator_cpp__visibility_control.hpp\n'}
[1.223614] (trolley_interfaces) StdoutLine: {'line': b'-- Up-to-date: /home/zuiken/Documents/ichosai_2026_trolley/ros2_ws/src/install/trolley_interfaces/include/trolley_interfaces/trolley_interfaces/srv\n'}
[1.223726] (trolley_interfaces) StdoutLine: {'line': b'-- Up-to-date: /home/zuiken/Documents/ichosai_2026_trolley/ros2_ws/src/install/trolley_interfaces/include/trolley_interfaces/trolley_interfaces/srv/set_drive_mode.hpp\n'}
[1.223862] (trolley_interfaces) StdoutLine: {'line': b'-- Up-to-date: /home/zuiken/Documents/ichosai_2026_trolley/ros2_ws/src/install/trolley_interfaces/include/trolley_interfaces/trolley_interfaces/srv/set_drive_enabled.hpp\n'}
[1.223965] (trolley_interfaces) StdoutLine: {'line': b'-- Up-to-date: /home/zuiken/Documents/ichosai_2026_trolley/ros2_ws/src/install/trolley_interfaces/include/trolley_interfaces/trolley_interfaces/srv/detail\n'}
[1.224067] (trolley_interfaces) StdoutLine: {'line': b'-- Up-to-date: /home/zuiken/Documents/ichosai_2026_trolley/ros2_ws/src/install/trolley_interfaces/include/trolley_interfaces/trolley_interfaces/srv/detail/set_drive_enabled__builder.hpp\n'}
[1.224168] (trolley_interfaces) StdoutLine: {'line': b'-- Up-to-date: /home/zuiken/Documents/ichosai_2026_trolley/ros2_ws/src/install/trolley_interfaces/include/trolley_interfaces/trolley_interfaces/srv/detail/set_drive_mode__traits.hpp\n'}
[1.224280] (trolley_interfaces) StdoutLine: {'line': b'-- Up-to-date: /home/zuiken/Documents/ichosai_2026_trolley/ros2_ws/src/install/trolley_interfaces/include/trolley_interfaces/trolley_interfaces/srv/detail/set_drive_enabled__struct.hpp\n'}
[1.224400] (trolley_interfaces) StdoutLine: {'line': b'-- Up-to-date: /home/zuiken/Documents/ichosai_2026_trolley/ros2_ws/src/install/trolley_interfaces/include/trolley_interfaces/trolley_interfaces/srv/detail/set_drive_mode__type_support.hpp\n'}
[1.224499] (trolley_interfaces) StdoutLine: {'line': b'-- Up-to-date: /home/zuiken/Documents/ichosai_2026_trolley/ros2_ws/src/install/trolley_interfaces/include/trolley_interfaces/trolley_interfaces/srv/detail/set_drive_mode__struct.hpp\n'}
[1.224593] (trolley_interfaces) StdoutLine: {'line': b'-- Up-to-date: /home/zuiken/Documents/ichosai_2026_trolley/ros2_ws/src/install/trolley_interfaces/include/trolley_interfaces/trolley_interfaces/srv/detail/set_drive_enabled__traits.hpp\n'}
[1.224682] (trolley_interfaces) StdoutLine: {'line': b'-- Up-to-date: /home/zuiken/Documents/ichosai_2026_trolley/ros2_ws/src/install/trolley_interfaces/include/trolley_interfaces/trolley_interfaces/srv/detail/set_drive_mode__builder.hpp\n'}
[1.225877] (trolley_interfaces) StdoutLine: {'line': b'-- Up-to-date: /home/zuiken/Documents/ichosai_2026_trolley/ros2_ws/src/install/trolley_interfaces/include/trolley_interfaces/trolley_interfaces/srv/detail/set_drive_enabled__type_support.hpp\n'}
[1.226040] (trolley_interfaces) StdoutLine: {'line': b'-- Up-to-date: /home/zuiken/Documents/ichosai_2026_trolley/ros2_ws/src/install/trolley_interfaces/include/trolley_interfaces/trolley_interfaces\n'}
[1.226147] (trolley_interfaces) StdoutLine: {'line': b'-- Up-to-date: /home/zuiken/Documents/ichosai_2026_trolley/ros2_ws/src/install/trolley_interfaces/include/trolley_interfaces/trolley_interfaces/msg\n'}
[1.226243] (trolley_interfaces) StdoutLine: {'line': b'-- Up-to-date: /home/zuiken/Documents/ichosai_2026_trolley/ros2_ws/src/install/trolley_interfaces/include/trolley_interfaces/trolley_interfaces/msg/rosidl_typesupport_fastrtps_cpp__visibility_control.h\n'}
[1.226486] (trolley_interfaces) StdoutLine: {'line': b'-- Up-to-date: /home/zuiken/Documents/ichosai_2026_trolley/ros2_ws/src/install/trolley_interfaces/include/trolley_interfaces/trolley_interfaces/srv\n'}
[1.228191] (trolley_interfaces) StdoutLine: {'line': b'-- Up-to-date: /home/zuiken/Documents/ichosai_2026_trolley/ros2_ws/src/install/trolley_interfaces/include/trolley_interfaces/trolley_interfaces/srv/detail\n'}
[1.228568] (trolley_interfaces) StdoutLine: {'line': b'-- Up-to-date: /home/zuiken/Documents/ichosai_2026_trolley/ros2_ws/src/install/trolley_interfaces/include/trolley_interfaces/trolley_interfaces/srv/detail/set_drive_mode__rosidl_typesupport_fastrtps_cpp.hpp\n'}
[1.228909] (trolley_interfaces) StdoutLine: {'line': b'-- Up-to-date: /home/zuiken/Documents/ichosai_2026_trolley/ros2_ws/src/install/trolley_interfaces/include/trolley_interfaces/trolley_interfaces/srv/detail/set_drive_enabled__rosidl_typesupport_fastrtps_cpp.hpp\n'}
[1.230814] (trolley_interfaces) StdoutLine: {'line': b'-- Up-to-date: /home/zuiken/Documents/ichosai_2026_trolley/ros2_ws/src/install/trolley_interfaces/include/trolley_interfaces/trolley_interfaces/srv/detail/dds_fastrtps\n'}
[1.231155] (trolley_interfaces) StdoutLine: {'line': b'-- Up-to-date: /home/zuiken/Documents/ichosai_2026_trolley/ros2_ws/src/install/trolley_interfaces/lib/libtrolley_interfaces__rosidl_typesupport_fastrtps_cpp.so\n'}
[1.231298] (trolley_interfaces) StdoutLine: {'line': b'-- Up-to-date: /home/zuiken/Documents/ichosai_2026_trolley/ros2_ws/src/install/trolley_interfaces/include/trolley_interfaces/trolley_interfaces\n'}
[1.231444] (trolley_interfaces) StdoutLine: {'line': b'-- Up-to-date: /home/zuiken/Documents/ichosai_2026_trolley/ros2_ws/src/install/trolley_interfaces/include/trolley_interfaces/trolley_interfaces/srv\n'}
[1.231598] (trolley_interfaces) StdoutLine: {'line': b'-- Up-to-date: /home/zuiken/Documents/ichosai_2026_trolley/ros2_ws/src/install/trolley_interfaces/include/trolley_interfaces/trolley_interfaces/srv/detail\n'}
[1.231726] (trolley_interfaces) StdoutLine: {'line': b'-- Up-to-date: /home/zuiken/Documents/ichosai_2026_trolley/ros2_ws/src/install/trolley_interfaces/include/trolley_interfaces/trolley_interfaces/srv/detail/set_drive_mode__type_support.cpp\n'}
[1.231882] (trolley_interfaces) StdoutLine: {'line': b'-- Up-to-date: /home/zuiken/Documents/ichosai_2026_trolley/ros2_ws/src/install/trolley_interfaces/include/trolley_interfaces/trolley_interfaces/srv/detail/set_drive_mode__rosidl_typesupport_introspection_cpp.hpp\n'}
[1.232000] (trolley_interfaces) StdoutLine: {'line': b'-- Up-to-date: /home/zuiken/Documents/ichosai_2026_trolley/ros2_ws/src/install/trolley_interfaces/include/trolley_interfaces/trolley_interfaces/srv/detail/set_drive_enabled__type_support.cpp\n'}
[1.232093] (trolley_interfaces) StdoutLine: {'line': b'-- Up-to-date: /home/zuiken/Documents/ichosai_2026_trolley/ros2_ws/src/install/trolley_interfaces/include/trolley_interfaces/trolley_interfaces/srv/detail/set_drive_enabled__rosidl_typesupport_introspection_cpp.hpp\n'}
[1.232186] (trolley_interfaces) StdoutLine: {'line': b'-- Up-to-date: /home/zuiken/Documents/ichosai_2026_trolley/ros2_ws/src/install/trolley_interfaces/lib/libtrolley_interfaces__rosidl_typesupport_introspection_cpp.so\n'}
[1.232277] (trolley_interfaces) StdoutLine: {'line': b'-- Up-to-date: /home/zuiken/Documents/ichosai_2026_trolley/ros2_ws/src/install/trolley_interfaces/lib/libtrolley_interfaces__rosidl_typesupport_cpp.so\n'}
[1.232368] (trolley_interfaces) StdoutLine: {'line': b'-- Up-to-date: /home/zuiken/Documents/ichosai_2026_trolley/ros2_ws/src/install/trolley_interfaces/share/trolley_interfaces/environment/pythonpath.sh\n'}
[1.232476] (trolley_interfaces) StdoutLine: {'line': b'-- Up-to-date: /home/zuiken/Documents/ichosai_2026_trolley/ros2_ws/src/install/trolley_interfaces/share/trolley_interfaces/environment/pythonpath.dsv\n'}
[1.232589] (trolley_interfaces) StdoutLine: {'line': b'-- Up-to-date: /home/zuiken/Documents/ichosai_2026_trolley/ros2_ws/src/install/trolley_interfaces/lib/python3.12/site-packages/trolley_interfaces-0.0.0-py3.12.egg-info\n'}
[1.232709] (trolley_interfaces) StdoutLine: {'line': b'-- Installing: /home/zuiken/Documents/ichosai_2026_trolley/ros2_ws/src/install/trolley_interfaces/lib/python3.12/site-packages/trolley_interfaces-0.0.0-py3.12.egg-info/top_level.txt\n'}
[1.232892] (trolley_interfaces) StdoutLine: {'line': b'-- Installing: /home/zuiken/Documents/ichosai_2026_trolley/ros2_ws/src/install/trolley_interfaces/lib/python3.12/site-packages/trolley_interfaces-0.0.0-py3.12.egg-info/PKG-INFO\n'}
[1.233001] (trolley_interfaces) StdoutLine: {'line': b'-- Installing: /home/zuiken/Documents/ichosai_2026_trolley/ros2_ws/src/install/trolley_interfaces/lib/python3.12/site-packages/trolley_interfaces-0.0.0-py3.12.egg-info/SOURCES.txt\n'}
[1.233107] (trolley_interfaces) StdoutLine: {'line': b'-- Installing: /home/zuiken/Documents/ichosai_2026_trolley/ros2_ws/src/install/trolley_interfaces/lib/python3.12/site-packages/trolley_interfaces-0.0.0-py3.12.egg-info/dependency_links.txt\n'}
[1.233234] (trolley_interfaces) StdoutLine: {'line': b'-- Up-to-date: /home/zuiken/Documents/ichosai_2026_trolley/ros2_ws/src/install/trolley_interfaces/lib/python3.12/site-packages/trolley_interfaces\n'}
[1.233331] (trolley_interfaces) StdoutLine: {'line': b'-- Up-to-date: /home/zuiken/Documents/ichosai_2026_trolley/ros2_ws/src/install/trolley_interfaces/lib/python3.12/site-packages/trolley_interfaces/trolley_interfaces_s__rosidl_typesupport_introspection_c.so\n'}
[1.233437] (trolley_interfaces) StdoutLine: {'line': b'-- Up-to-date: /home/zuiken/Documents/ichosai_2026_trolley/ros2_ws/src/install/trolley_interfaces/lib/python3.12/site-packages/trolley_interfaces/__init__.py\n'}
[1.233575] (trolley_interfaces) StdoutLine: {'line': b'-- Up-to-date: /home/zuiken/Documents/ichosai_2026_trolley/ros2_ws/src/install/trolley_interfaces/lib/python3.12/site-packages/trolley_interfaces/_trolley_interfaces_s.ep.rosidl_typesupport_introspection_c.c\n'}
[1.233683] (trolley_interfaces) StdoutLine: {'line': b'-- Up-to-date: /home/zuiken/Documents/ichosai_2026_trolley/ros2_ws/src/install/trolley_interfaces/lib/python3.12/site-packages/trolley_interfaces/srv\n'}
[1.236808] (trolley_interfaces) StdoutLine: {'line': b'-- Up-to-date: /home/zuiken/Documents/ichosai_2026_trolley/ros2_ws/src/install/trolley_interfaces/lib/python3.12/site-packages/trolley_interfaces/srv/_set_drive_enabled.py\n'}
[1.237222] (trolley_interfaces) StdoutLine: {'line': b'-- Up-to-date: /home/zuiken/Documents/ichosai_2026_trolley/ros2_ws/src/install/trolley_interfaces/lib/python3.12/site-packages/trolley_interfaces/srv/__init__.py\n'}
[1.239937] (trolley_interfaces) StdoutLine: {'line': b'-- Up-to-date: /home/zuiken/Documents/ichosai_2026_trolley/ros2_ws/src/install/trolley_interfaces/lib/python3.12/site-packages/trolley_interfaces/srv/_set_drive_mode_s.c\n'}
[1.240191] (trolley_interfaces) StdoutLine: {'line': b'-- Up-to-date: /home/zuiken/Documents/ichosai_2026_trolley/ros2_ws/src/install/trolley_interfaces/lib/python3.12/site-packages/trolley_interfaces/srv/_set_drive_mode.py\n'}
[1.240333] (trolley_interfaces) StdoutLine: {'line': b'-- Up-to-date: /home/zuiken/Documents/ichosai_2026_trolley/ros2_ws/src/install/trolley_interfaces/lib/python3.12/site-packages/trolley_interfaces/srv/_set_drive_enabled_s.c\n'}
[1.240466] (trolley_interfaces) StdoutLine: {'line': b'-- Up-to-date: /home/zuiken/Documents/ichosai_2026_trolley/ros2_ws/src/install/trolley_interfaces/lib/python3.12/site-packages/trolley_interfaces/trolley_interfaces_s__rosidl_typesupport_c.so\n'}
[1.240643] (trolley_interfaces) StdoutLine: {'line': b'-- Up-to-date: /home/zuiken/Documents/ichosai_2026_trolley/ros2_ws/src/install/trolley_interfaces/lib/python3.12/site-packages/trolley_interfaces/trolley_interfaces_s__rosidl_typesupport_fastrtps_c.so\n'}
[1.240836] (trolley_interfaces) StdoutLine: {'line': b'-- Up-to-date: /home/zuiken/Documents/ichosai_2026_trolley/ros2_ws/src/install/trolley_interfaces/lib/python3.12/site-packages/trolley_interfaces/_trolley_interfaces_s.ep.rosidl_typesupport_c.c\n'}
[1.241016] (trolley_interfaces) StdoutLine: {'line': b'-- Up-to-date: /home/zuiken/Documents/ichosai_2026_trolley/ros2_ws/src/install/trolley_interfaces/lib/python3.12/site-packages/trolley_interfaces/_trolley_interfaces_s.ep.rosidl_typesupport_fastrtps_c.c\n'}
[1.277892] (trolley_interfaces) StdoutLine: {'line': b"Listing '/home/zuiken/Documents/ichosai_2026_trolley/ros2_ws/src/install/trolley_interfaces/lib/python3.12/site-packages/trolley_interfaces'...\n"}
[1.278447] (trolley_interfaces) StdoutLine: {'line': b"Listing '/home/zuiken/Documents/ichosai_2026_trolley/ros2_ws/src/install/trolley_interfaces/lib/python3.12/site-packages/trolley_interfaces/srv'...\n"}
[1.296919] (trolley_interfaces) StdoutLine: {'line': b'-- Up-to-date: /home/zuiken/Documents/ichosai_2026_trolley/ros2_ws/src/install/trolley_interfaces/lib/python3.12/site-packages/trolley_interfaces/trolley_interfaces_s__rosidl_typesupport_fastrtps_c.so\n'}
[1.297560] (trolley_interfaces) StdoutLine: {'line': b'-- Up-to-date: /home/zuiken/Documents/ichosai_2026_trolley/ros2_ws/src/install/trolley_interfaces/lib/python3.12/site-packages/trolley_interfaces/trolley_interfaces_s__rosidl_typesupport_introspection_c.so\n'}
[1.298616] (trolley_interfaces) StdoutLine: {'line': b'-- Up-to-date: /home/zuiken/Documents/ichosai_2026_trolley/ros2_ws/src/install/trolley_interfaces/lib/python3.12/site-packages/trolley_interfaces/trolley_interfaces_s__rosidl_typesupport_c.so\n'}
[1.299639] (trolley_interfaces) StdoutLine: {'line': b'-- Up-to-date: /home/zuiken/Documents/ichosai_2026_trolley/ros2_ws/src/install/trolley_interfaces/lib/libtrolley_interfaces__rosidl_generator_py.so\n'}
[1.300578] (trolley_interfaces) StdoutLine: {'line': b'-- Up-to-date: /home/zuiken/Documents/ichosai_2026_trolley/ros2_ws/src/install/trolley_interfaces/share/ament_index/resource_index/rust_packages/trolley_interfaces\n'}
[1.301398] (trolley_interfaces) StdoutLine: {'line': b'-- Up-to-date: /home/zuiken/Documents/ichosai_2026_trolley/ros2_ws/src/install/trolley_interfaces/share/trolley_interfaces/rust\n'}
[1.302884] (trolley_interfaces) StdoutLine: {'line': b'-- Up-to-date: /home/zuiken/Documents/ichosai_2026_trolley/ros2_ws/src/install/trolley_interfaces/share/trolley_interfaces/rust/build.rs\n'}
[1.303231] (trolley_interfaces) StdoutLine: {'line': b'-- Up-to-date: /home/zuiken/Documents/ichosai_2026_trolley/ros2_ws/src/install/trolley_interfaces/share/trolley_interfaces/rust/src\n'}
[1.303951] (trolley_interfaces) StdoutLine: {'line': b'-- Up-to-date: /home/zuiken/Documents/ichosai_2026_trolley/ros2_ws/src/install/trolley_interfaces/share/trolley_interfaces/rust/src/lib.rs\n'}
[1.307017] (-) TimerEvent: {}
[1.307224] (trolley_interfaces) StdoutLine: {'line': b'-- Up-to-date: /home/zuiken/Documents/ichosai_2026_trolley/ros2_ws/src/install/trolley_interfaces/share/trolley_interfaces/rust/src/srv\n'}
[1.307457] (trolley_interfaces) StdoutLine: {'line': b'-- Up-to-date: /home/zuiken/Documents/ichosai_2026_trolley/ros2_ws/src/install/trolley_interfaces/share/trolley_interfaces/rust/src/srv/rmw.rs\n'}
[1.307577] (trolley_interfaces) StdoutLine: {'line': b'-- Up-to-date: /home/zuiken/Documents/ichosai_2026_trolley/ros2_ws/src/install/trolley_interfaces/share/trolley_interfaces/rust/src/srv.rs\n'}
[1.307714] (trolley_interfaces) StdoutLine: {'line': b'-- Up-to-date: /home/zuiken/Documents/ichosai_2026_trolley/ros2_ws/src/install/trolley_interfaces/share/trolley_interfaces/rust/Cargo.toml\n'}
[1.307874] (trolley_interfaces) StdoutLine: {'line': b'-- Up-to-date: /home/zuiken/Documents/ichosai_2026_trolley/ros2_ws/src/install/trolley_interfaces/share/trolley_interfaces/srv/SetDriveEnabled.idl\n'}
[1.307989] (trolley_interfaces) StdoutLine: {'line': b'-- Up-to-date: /home/zuiken/Documents/ichosai_2026_trolley/ros2_ws/src/install/trolley_interfaces/share/trolley_interfaces/srv/SetDriveMode.idl\n'}
[1.308086] (trolley_interfaces) StdoutLine: {'line': b'-- Up-to-date: /home/zuiken/Documents/ichosai_2026_trolley/ros2_ws/src/install/trolley_interfaces/share/trolley_interfaces/srv/SetDriveEnabled.srv\n'}
[1.308195] (trolley_interfaces) StdoutLine: {'line': b'-- Up-to-date: /home/zuiken/Documents/ichosai_2026_trolley/ros2_ws/src/install/trolley_interfaces/share/trolley_interfaces/srv/SetDriveMode.srv\n'}
[1.308317] (trolley_interfaces) StdoutLine: {'line': b'-- Up-to-date: /home/zuiken/Documents/ichosai_2026_trolley/ros2_ws/src/install/trolley_interfaces/share/ament_index/resource_index/package_run_dependencies/trolley_interfaces\n'}
[1.308429] (trolley_interfaces) StdoutLine: {'line': b'-- Up-to-date: /home/zuiken/Documents/ichosai_2026_trolley/ros2_ws/src/install/trolley_interfaces/share/ament_index/resource_index/parent_prefix_path/trolley_interfaces\n'}
[1.308516] (trolley_interfaces) StdoutLine: {'line': b'-- Up-to-date: /home/zuiken/Documents/ichosai_2026_trolley/ros2_ws/src/install/trolley_interfaces/share/trolley_interfaces/environment/ament_prefix_path.sh\n'}
[1.308603] (trolley_interfaces) StdoutLine: {'line': b'-- Up-to-date: /home/zuiken/Documents/ichosai_2026_trolley/ros2_ws/src/install/trolley_interfaces/share/trolley_interfaces/environment/ament_prefix_path.dsv\n'}
[1.308701] (trolley_interfaces) StdoutLine: {'line': b'-- Up-to-date: /home/zuiken/Documents/ichosai_2026_trolley/ros2_ws/src/install/trolley_interfaces/share/trolley_interfaces/environment/path.sh\n'}
[1.308863] (trolley_interfaces) StdoutLine: {'line': b'-- Up-to-date: /home/zuiken/Documents/ichosai_2026_trolley/ros2_ws/src/install/trolley_interfaces/share/trolley_interfaces/environment/path.dsv\n'}
[1.309033] (trolley_interfaces) StdoutLine: {'line': b'-- Up-to-date: /home/zuiken/Documents/ichosai_2026_trolley/ros2_ws/src/install/trolley_interfaces/share/trolley_interfaces/local_setup.bash\n'}
[1.309138] (trolley_interfaces) StdoutLine: {'line': b'-- Up-to-date: /home/zuiken/Documents/ichosai_2026_trolley/ros2_ws/src/install/trolley_interfaces/share/trolley_interfaces/local_setup.sh\n'}
[1.309238] (trolley_interfaces) StdoutLine: {'line': b'-- Up-to-date: /home/zuiken/Documents/ichosai_2026_trolley/ros2_ws/src/install/trolley_interfaces/share/trolley_interfaces/local_setup.zsh\n'}
[1.309356] (trolley_interfaces) StdoutLine: {'line': b'-- Up-to-date: /home/zuiken/Documents/ichosai_2026_trolley/ros2_ws/src/install/trolley_interfaces/share/trolley_interfaces/local_setup.dsv\n'}
[1.309468] (trolley_interfaces) StdoutLine: {'line': b'-- Installing: /home/zuiken/Documents/ichosai_2026_trolley/ros2_ws/src/install/trolley_interfaces/share/trolley_interfaces/package.dsv\n'}
[1.309583] (trolley_interfaces) StdoutLine: {'line': b'-- Up-to-date: /home/zuiken/Documents/ichosai_2026_trolley/ros2_ws/src/install/trolley_interfaces/share/ament_index/resource_index/packages/trolley_interfaces\n'}
[1.309716] (trolley_interfaces) StdoutLine: {'line': b'-- Up-to-date: /home/zuiken/Documents/ichosai_2026_trolley/ros2_ws/src/install/trolley_interfaces/share/trolley_interfaces/cmake/export_trolley_interfaces__rosidl_generator_cExport.cmake\n'}
[1.312128] (trolley_interfaces) StdoutLine: {'line': b'-- Up-to-date: /home/zuiken/Documents/ichosai_2026_trolley/ros2_ws/src/install/trolley_interfaces/share/trolley_interfaces/cmake/export_trolley_interfaces__rosidl_generator_cExport-noconfig.cmake\n'}
[1.312277] (trolley_interfaces) StdoutLine: {'line': b'-- Up-to-date: /home/zuiken/Documents/ichosai_2026_trolley/ros2_ws/src/install/trolley_interfaces/share/trolley_interfaces/cmake/export_trolley_interfaces__rosidl_typesupport_fastrtps_cExport.cmake\n'}
[1.312383] (trolley_interfaces) StdoutLine: {'line': b'-- Up-to-date: /home/zuiken/Documents/ichosai_2026_trolley/ros2_ws/src/install/trolley_interfaces/share/trolley_interfaces/cmake/export_trolley_interfaces__rosidl_typesupport_fastrtps_cExport-noconfig.cmake\n'}
[1.312490] (trolley_interfaces) StdoutLine: {'line': b'-- Up-to-date: /home/zuiken/Documents/ichosai_2026_trolley/ros2_ws/src/install/trolley_interfaces/share/trolley_interfaces/cmake/trolley_interfaces__rosidl_typesupport_introspection_cExport.cmake\n'}
[1.312596] (trolley_interfaces) StdoutLine: {'line': b'-- Up-to-date: /home/zuiken/Documents/ichosai_2026_trolley/ros2_ws/src/install/trolley_interfaces/share/trolley_interfaces/cmake/trolley_interfaces__rosidl_typesupport_introspection_cExport-noconfig.cmake\n'}
[1.312705] (trolley_interfaces) StdoutLine: {'line': b'-- Up-to-date: /home/zuiken/Documents/ichosai_2026_trolley/ros2_ws/src/install/trolley_interfaces/share/trolley_interfaces/cmake/trolley_interfaces__rosidl_typesupport_cExport.cmake\n'}
[1.312884] (trolley_interfaces) StdoutLine: {'line': b'-- Up-to-date: /home/zuiken/Documents/ichosai_2026_trolley/ros2_ws/src/install/trolley_interfaces/share/trolley_interfaces/cmake/trolley_interfaces__rosidl_typesupport_cExport-noconfig.cmake\n'}
[1.313017] (trolley_interfaces) StdoutLine: {'line': b'-- Up-to-date: /home/zuiken/Documents/ichosai_2026_trolley/ros2_ws/src/install/trolley_interfaces/share/trolley_interfaces/cmake/export_trolley_interfaces__rosidl_generator_cppExport.cmake\n'}
[1.313111] (trolley_interfaces) StdoutLine: {'line': b'-- Up-to-date: /home/zuiken/Documents/ichosai_2026_trolley/ros2_ws/src/install/trolley_interfaces/share/trolley_interfaces/cmake/export_trolley_interfaces__rosidl_typesupport_fastrtps_cppExport.cmake\n'}
[1.313209] (trolley_interfaces) StdoutLine: {'line': b'-- Up-to-date: /home/zuiken/Documents/ichosai_2026_trolley/ros2_ws/src/install/trolley_interfaces/share/trolley_interfaces/cmake/export_trolley_interfaces__rosidl_typesupport_fastrtps_cppExport-noconfig.cmake\n'}
[1.313324] (trolley_interfaces) StdoutLine: {'line': b'-- Up-to-date: /home/zuiken/Documents/ichosai_2026_trolley/ros2_ws/src/install/trolley_interfaces/share/trolley_interfaces/cmake/trolley_interfaces__rosidl_typesupport_introspection_cppExport.cmake\n'}
[1.313441] (trolley_interfaces) StdoutLine: {'line': b'-- Up-to-date: /home/zuiken/Documents/ichosai_2026_trolley/ros2_ws/src/install/trolley_interfaces/share/trolley_interfaces/cmake/trolley_interfaces__rosidl_typesupport_introspection_cppExport-noconfig.cmake\n'}
[1.313548] (trolley_interfaces) StdoutLine: {'line': b'-- Up-to-date: /home/zuiken/Documents/ichosai_2026_trolley/ros2_ws/src/install/trolley_interfaces/share/trolley_interfaces/cmake/trolley_interfaces__rosidl_typesupport_cppExport.cmake\n'}
[1.313660] (trolley_interfaces) StdoutLine: {'line': b'-- Up-to-date: /home/zuiken/Documents/ichosai_2026_trolley/ros2_ws/src/install/trolley_interfaces/share/trolley_interfaces/cmake/trolley_interfaces__rosidl_typesupport_cppExport-noconfig.cmake\n'}
[1.313786] (trolley_interfaces) StdoutLine: {'line': b'-- Up-to-date: /home/zuiken/Documents/ichosai_2026_trolley/ros2_ws/src/install/trolley_interfaces/share/trolley_interfaces/cmake/export_trolley_interfaces__rosidl_generator_pyExport.cmake\n'}
[1.313891] (trolley_interfaces) StdoutLine: {'line': b'-- Up-to-date: /home/zuiken/Documents/ichosai_2026_trolley/ros2_ws/src/install/trolley_interfaces/share/trolley_interfaces/cmake/export_trolley_interfaces__rosidl_generator_pyExport-noconfig.cmake\n'}
[1.313988] (trolley_interfaces) StdoutLine: {'line': b'-- Up-to-date: /home/zuiken/Documents/ichosai_2026_trolley/ros2_ws/src/install/trolley_interfaces/share/trolley_interfaces/cmake/rosidl_cmake-extras.cmake\n'}
[1.314086] (trolley_interfaces) StdoutLine: {'line': b'-- Up-to-date: /home/zuiken/Documents/ichosai_2026_trolley/ros2_ws/src/install/trolley_interfaces/share/trolley_interfaces/cmake/ament_cmake_export_dependencies-extras.cmake\n'}
[1.314187] (trolley_interfaces) StdoutLine: {'line': b'-- Up-to-date: /home/zuiken/Documents/ichosai_2026_trolley/ros2_ws/src/install/trolley_interfaces/share/trolley_interfaces/cmake/ament_cmake_export_include_directories-extras.cmake\n'}
[1.314286] (trolley_interfaces) StdoutLine: {'line': b'-- Up-to-date: /home/zuiken/Documents/ichosai_2026_trolley/ros2_ws/src/install/trolley_interfaces/share/trolley_interfaces/cmake/ament_cmake_export_libraries-extras.cmake\n'}
[1.314392] (trolley_interfaces) StdoutLine: {'line': b'-- Up-to-date: /home/zuiken/Documents/ichosai_2026_trolley/ros2_ws/src/install/trolley_interfaces/share/trolley_interfaces/cmake/ament_cmake_export_targets-extras.cmake\n'}
[1.314504] (trolley_interfaces) StdoutLine: {'line': b'-- Up-to-date: /home/zuiken/Documents/ichosai_2026_trolley/ros2_ws/src/install/trolley_interfaces/share/trolley_interfaces/cmake/rosidl_cmake_export_typesupport_targets-extras.cmake\n'}
[1.314605] (trolley_interfaces) StdoutLine: {'line': b'-- Up-to-date: /home/zuiken/Documents/ichosai_2026_trolley/ros2_ws/src/install/trolley_interfaces/share/trolley_interfaces/cmake/rosidl_cmake_export_typesupport_libraries-extras.cmake\n'}
[1.314793] (trolley_interfaces) StdoutLine: {'line': b'-- Up-to-date: /home/zuiken/Documents/ichosai_2026_trolley/ros2_ws/src/install/trolley_interfaces/share/trolley_interfaces/cmake/rosidl_cmake_aggregate_target-extras.cmake\n'}
[1.317139] (trolley_interfaces) StdoutLine: {'line': b'-- Up-to-date: /home/zuiken/Documents/ichosai_2026_trolley/ros2_ws/src/install/trolley_interfaces/share/trolley_interfaces/cmake/trolley_interfacesConfig.cmake\n'}
[1.317266] (trolley_interfaces) StdoutLine: {'line': b'-- Up-to-date: /home/zuiken/Documents/ichosai_2026_trolley/ros2_ws/src/install/trolley_interfaces/share/trolley_interfaces/cmake/trolley_interfacesConfig-version.cmake\n'}
[1.317376] (trolley_interfaces) StdoutLine: {'line': b'-- Up-to-date: /home/zuiken/Documents/ichosai_2026_trolley/ros2_ws/src/install/trolley_interfaces/share/trolley_interfaces/package.xml\n'}
[1.317475] (trolley_interfaces) CommandEnded: {'returncode': 0}
[1.360914] (trolley_interfaces) JobEnded: {'identifier': 'trolley_interfaces', 'rc': 0}
[1.362954] (trolley_api) JobStarted: {'identifier': 'trolley_api'}
[1.407152] (-) TimerEvent: {}
[1.507535] (-) TimerEvent: {}
[1.610838] (-) TimerEvent: {}
[1.711251] (-) TimerEvent: {}
[1.811565] (-) TimerEvent: {}
[1.912074] (-) TimerEvent: {}
[2.014985] (-) TimerEvent: {}
[2.115356] (-) TimerEvent: {}
[2.216109] (-) TimerEvent: {}
[2.318868] (-) TimerEvent: {}
[2.338613] (trolley_bringup) Command: {'cmd': ['/usr/bin/python3', '-W', 'ignore:setup.py install is deprecated', '-W', 'ignore:easy_install command is deprecated', 'setup.py', 'egg_info', '--egg-base', '../build/trolley_bringup', 'build', '--build-base', '/home/zuiken/Documents/ichosai_2026_trolley/ros2_ws/src/build/trolley_bringup/build', 'install', '--record', '/home/zuiken/Documents/ichosai_2026_trolley/ros2_ws/src/build/trolley_bringup/install.log', '--install-scripts', '$base/lib/trolley_bringup', '--single-version-externally-managed', 'install_data'], 'cwd': '/home/zuiken/Documents/ichosai_2026_trolley/ros2_ws/src/trolley_bringup', 'env': {'LESSOPEN': '| /usr/bin/lesspipe %s', 'USER': 'zuiken', 'SSH_CLIENT': '192.168.0.101 64908 22', 'XDG_SESSION_TYPE': 'tty', 'GIT_ASKPASS': '/home/zuiken/.vscode-server/cli/servers/Stable-a44adf7f53e00964ab890f9f8758a334f1fc15bc/server/extensions/git/dist/askpass.sh', 'SHLVL': '1', 'LD_LIBRARY_PATH': '/home/zuiken/Documents/ichosai_2026_trolley/ros2_ws/src/install/trolley_interfaces/lib:/opt/ros/jazzy/opt/rviz_ogre_vendor/lib:/opt/ros/jazzy/lib/aarch64-linux-gnu:/opt/ros/jazzy/opt/gz_math_vendor/lib:/opt/ros/jazzy/opt/gz_utils_vendor/lib:/opt/ros/jazzy/opt/gz_cmake_vendor/lib:/opt/ros/jazzy/lib', 'BROWSER': '/home/zuiken/.vscode-server/cli/servers/Stable-a44adf7f53e00964ab890f9f8758a334f1fc15bc/server/bin/helpers/browser.sh', 'HOME': '/home/zuiken', 'OLDPWD': '/home/zuiken/Documents/ichosai_2026_trolley/ros2_ws', 'TERM_PROGRAM_VERSION': '1.136.1', 'VSCODE_IPC_HOOK_CLI': '/run/user/1000/vscode-ipc-e0b83720-7306-4e86-b336-6b5d163a5894.sock', 'ROS_PYTHON_VERSION': '3', 'VSCODE_GIT_ASKPASS_MAIN': '/home/zuiken/.vscode-server/cli/servers/Stable-a44adf7f53e00964ab890f9f8758a334f1fc15bc/server/extensions/git/dist/askpass-main.js', 'VSCODE_GIT_ASKPASS_NODE': '/home/zuiken/.vscode-server/cli/servers/Stable-a44adf7f53e00964ab890f9f8758a334f1fc15bc/server/node', 'VSCODE_PYTHON_AUTOACTIVATE_GUARD': '1', 'DBUS_SESSION_BUS_ADDRESS': 'unix:path=/run/user/1000/bus', 'COLORTERM': 'truecolor', 'DEBUGINFOD_URLS': 'https://debuginfod.ubuntu.com', 'COLCON_PREFIX_PATH': '/home/zuiken/Documents/ichosai_2026_trolley/ros2_ws/src/install', 'ROS_DISTRO': 'jazzy', 'LOGNAME': 'zuiken', '_': '/usr/bin/colcon', 'ROS_VERSION': '2', 'XDG_SESSION_CLASS': 'user', 'TERM': 'xterm-256color', 'XDG_SESSION_ID': '58', 'PATH': '/home/zuiken/.vscode-server/data/User/globalStorage/github.copilot-chat/debugCommand:/home/zuiken/.vscode-server/data/User/globalStorage/github.copilot-chat/copilotCli:/home/zuiken/.vscode-server/cli/servers/Stable-a44adf7f53e00964ab890f9f8758a334f1fc15bc/server/bin/remote-cli:/home/zuiken/.local/bin:/opt/ros/jazzy/bin:/usr/local/sbin:/usr/local/bin:/usr/sbin:/usr/bin:/sbin:/bin:/usr/games:/usr/local/games:/snap/bin', 'XDG_RUNTIME_DIR': '/run/user/1000', 'LANG': 'C.UTF-8', 'LS_COLORS': 'rs=0:di=01;34:ln=01;36:mh=00:pi=40;33:so=01;35:do=01;35:bd=40;33;01:cd=40;33;01:or=40;31;01:mi=00:su=37;41:sg=30;43:ca=00:tw=30;42:ow=34;42:st=37;44:ex=01;32:*.tar=01;31:*.tgz=01;31:*.arc=01;31:*.arj=01;31:*.taz=01;31:*.lha=01;31:*.lz4=01;31:*.lzh=01;31:*.lzma=01;31:*.tlz=01;31:*.txz=01;31:*.tzo=01;31:*.t7z=01;31:*.zip=01;31:*.z=01;31:*.dz=01;31:*.gz=01;31:*.lrz=01;31:*.lz=01;31:*.lzo=01;31:*.xz=01;31:*.zst=01;31:*.tzst=01;31:*.bz2=01;31:*.bz=01;31:*.tbz=01;31:*.tbz2=01;31:*.tz=01;31:*.deb=01;31:*.rpm=01;31:*.jar=01;31:*.war=01;31:*.ear=01;31:*.sar=01;31:*.rar=01;31:*.alz=01;31:*.ace=01;31:*.zoo=01;31:*.cpio=01;31:*.7z=01;31:*.rz=01;31:*.cab=01;31:*.wim=01;31:*.swm=01;31:*.dwm=01;31:*.esd=01;31:*.avif=01;35:*.jpg=01;35:*.jpeg=01;35:*.mjpg=01;35:*.mjpeg=01;35:*.gif=01;35:*.bmp=01;35:*.pbm=01;35:*.pgm=01;35:*.ppm=01;35:*.tga=01;35:*.xbm=01;35:*.xpm=01;35:*.tif=01;35:*.tiff=01;35:*.png=01;35:*.svg=01;35:*.svgz=01;35:*.mng=01;35:*.pcx=01;35:*.mov=01;35:*.mpg=01;35:*.mpeg=01;35:*.m2v=01;35:*.mkv=01;35:*.webm=01;35:*.webp=01;35:*.ogm=01;35:*.mp4=01;35:*.m4v=01;35:*.mp4v=01;35:*.vob=01;35:*.qt=01;35:*.nuv=01;35:*.wmv=01;35:*.asf=01;35:*.rm=01;35:*.rmvb=01;35:*.flc=01;35:*.avi=01;35:*.fli=01;35:*.flv=01;35:*.gl=01;35:*.dl=01;35:*.xcf=01;35:*.xwd=01;35:*.yuv=01;35:*.cgm=01;35:*.emf=01;35:*.ogv=01;35:*.ogx=01;35:*.aac=00;36:*.au=00;36:*.flac=00;36:*.m4a=00;36:*.mid=00;36:*.midi=00;36:*.mka=00;36:*.mp3=00;36:*.mpc=00;36:*.ogg=00;36:*.ra=00;36:*.wav=00;36:*.oga=00;36:*.opus=00;36:*.spx=00;36:*.xspf=00;36:*~=00;90:*#=00;90:*.bak=00;90:*.crdownload=00;90:*.dpkg-dist=00;90:*.dpkg-new=00;90:*.dpkg-old=00;90:*.dpkg-tmp=00;90:*.old=00;90:*.orig=00;90:*.part=00;90:*.rej=00;90:*.rpmnew=00;90:*.rpmorig=00;90:*.rpmsave=00;90:*.swp=00;90:*.tmp=00;90:*.ucf-dist=00;90:*.ucf-new=00;90:*.ucf-old=00;90:', 'VSCODE_GIT_IPC_HANDLE': '/run/user/1000/vscode-git-3264b45195.sock', 'TERM_PROGRAM': 'vscode', 'AMENT_PREFIX_PATH': '/home/zuiken/Documents/ichosai_2026_trolley/ros2_ws/src/install/trolley_drive:/home/zuiken/Documents/ichosai_2026_trolley/ros2_ws/src/install/trolley_api:/home/zuiken/Documents/ichosai_2026_trolley/ros2_ws/src/install/trolley_interfaces:/home/zuiken/Documents/ichosai_2026_trolley/ros2_ws/src/install/trolley_cmd_mux:/home/zuiken/Documents/ichosai_2026_trolley/ros2_ws/src/install/trolley_bringup:/home/zuiken/Documents/ichosai_2026_trolley/ros2_ws/src/install/joy_teleop:/opt/ros/jazzy', 'SHELL': '/bin/bash', 'LESSCLOSE': '/usr/bin/lesspipe %s %s', 'ROS_AUTOMATIC_DISCOVERY_RANGE': 'SUBNET', 'VSCODE_GIT_ASKPASS_EXTRA_ARGS': '', 'PWD': '/home/zuiken/Documents/ichosai_2026_trolley/ros2_ws/src/build/trolley_bringup', 'COPILOT_DEBUG_NONCE': '588d225576d72e8c3f0154716e9a6b5b', 'SSH_CONNECTION': '192.168.0.101 64908 192.168.0.102 22', 'XDG_DATA_DIRS': '/usr/share/gnome:/usr/local/share:/usr/share:/var/lib/snapd/desktop', 'PYTHONPATH': '/home/zuiken/Documents/ichosai_2026_trolley/ros2_ws/src/build/trolley_bringup/prefix_override:/usr/lib/python3/dist-packages/colcon_core/task/python/colcon_distutils_commands:/home/zuiken/Documents/ichosai_2026_trolley/ros2_ws/src/install/trolley_bringup/lib/python3.12/site-packages:/home/zuiken/Documents/ichosai_2026_trolley/ros2_ws/src/install/trolley_drive/lib/python3.12/site-packages:/home/zuiken/Documents/ichosai_2026_trolley/ros2_ws/src/install/trolley_api/lib/python3.12/site-packages:/home/zuiken/Documents/ichosai_2026_trolley/ros2_ws/src/install/trolley_interfaces/lib/python3.12/site-packages:/home/zuiken/Documents/ichosai_2026_trolley/ros2_ws/src/install/trolley_cmd_mux/lib/python3.12/site-packages:/home/zuiken/Documents/ichosai_2026_trolley/ros2_ws/src/install/trolley_bringup/lib/python3.12/site-packages:/home/zuiken/Documents/ichosai_2026_trolley/ros2_ws/src/install/joy_teleop/lib/python3.12/site-packages:/opt/ros/jazzy/lib/python3.12/site-packages', 'COLCON': '1', 'CMAKE_PREFIX_PATH': '/home/zuiken/Documents/ichosai_2026_trolley/ros2_ws/src/install/trolley_interfaces:/opt/ros/jazzy/opt/gz_math_vendor:/opt/ros/jazzy/opt/gz_utils_vendor:/opt/ros/jazzy/opt/gz_cmake_vendor'}, 'shell': False}
[2.357849] (joy_teleop) Command: {'cmd': ['/usr/bin/python3', '-W', 'ignore:setup.py install is deprecated', '-W', 'ignore:easy_install command is deprecated', 'setup.py', 'egg_info', '--egg-base', '../build/joy_teleop', 'build', '--build-base', '/home/zuiken/Documents/ichosai_2026_trolley/ros2_ws/src/build/joy_teleop/build', 'install', '--record', '/home/zuiken/Documents/ichosai_2026_trolley/ros2_ws/src/build/joy_teleop/install.log', '--install-scripts', '$base/lib/joy_teleop', '--single-version-externally-managed', 'install_data'], 'cwd': '/home/zuiken/Documents/ichosai_2026_trolley/ros2_ws/src/joy_teleop', 'env': {'LESSOPEN': '| /usr/bin/lesspipe %s', 'USER': 'zuiken', 'SSH_CLIENT': '192.168.0.101 64908 22', 'XDG_SESSION_TYPE': 'tty', 'GIT_ASKPASS': '/home/zuiken/.vscode-server/cli/servers/Stable-a44adf7f53e00964ab890f9f8758a334f1fc15bc/server/extensions/git/dist/askpass.sh', 'SHLVL': '1', 'LD_LIBRARY_PATH': '/home/zuiken/Documents/ichosai_2026_trolley/ros2_ws/src/install/trolley_interfaces/lib:/opt/ros/jazzy/opt/rviz_ogre_vendor/lib:/opt/ros/jazzy/lib/aarch64-linux-gnu:/opt/ros/jazzy/opt/gz_math_vendor/lib:/opt/ros/jazzy/opt/gz_utils_vendor/lib:/opt/ros/jazzy/opt/gz_cmake_vendor/lib:/opt/ros/jazzy/lib', 'BROWSER': '/home/zuiken/.vscode-server/cli/servers/Stable-a44adf7f53e00964ab890f9f8758a334f1fc15bc/server/bin/helpers/browser.sh', 'HOME': '/home/zuiken', 'OLDPWD': '/home/zuiken/Documents/ichosai_2026_trolley/ros2_ws', 'TERM_PROGRAM_VERSION': '1.136.1', 'VSCODE_IPC_HOOK_CLI': '/run/user/1000/vscode-ipc-e0b83720-7306-4e86-b336-6b5d163a5894.sock', 'ROS_PYTHON_VERSION': '3', 'VSCODE_GIT_ASKPASS_MAIN': '/home/zuiken/.vscode-server/cli/servers/Stable-a44adf7f53e00964ab890f9f8758a334f1fc15bc/server/extensions/git/dist/askpass-main.js', 'VSCODE_GIT_ASKPASS_NODE': '/home/zuiken/.vscode-server/cli/servers/Stable-a44adf7f53e00964ab890f9f8758a334f1fc15bc/server/node', 'VSCODE_PYTHON_AUTOACTIVATE_GUARD': '1', 'DBUS_SESSION_BUS_ADDRESS': 'unix:path=/run/user/1000/bus', 'COLORTERM': 'truecolor', 'DEBUGINFOD_URLS': 'https://debuginfod.ubuntu.com', 'COLCON_PREFIX_PATH': '/home/zuiken/Documents/ichosai_2026_trolley/ros2_ws/src/install', 'ROS_DISTRO': 'jazzy', 'LOGNAME': 'zuiken', '_': '/usr/bin/colcon', 'ROS_VERSION': '2', 'XDG_SESSION_CLASS': 'user', 'TERM': 'xterm-256color', 'XDG_SESSION_ID': '58', 'PATH': '/home/zuiken/.vscode-server/data/User/globalStorage/github.copilot-chat/debugCommand:/home/zuiken/.vscode-server/data/User/globalStorage/github.copilot-chat/copilotCli:/home/zuiken/.vscode-server/cli/servers/Stable-a44adf7f53e00964ab890f9f8758a334f1fc15bc/server/bin/remote-cli:/home/zuiken/.local/bin:/opt/ros/jazzy/bin:/usr/local/sbin:/usr/local/bin:/usr/sbin:/usr/bin:/sbin:/bin:/usr/games:/usr/local/games:/snap/bin', 'XDG_RUNTIME_DIR': '/run/user/1000', 'LANG': 'C.UTF-8', 'LS_COLORS': 'rs=0:di=01;34:ln=01;36:mh=00:pi=40;33:so=01;35:do=01;35:bd=40;33;01:cd=40;33;01:or=40;31;01:mi=00:su=37;41:sg=30;43:ca=00:tw=30;42:ow=34;42:st=37;44:ex=01;32:*.tar=01;31:*.tgz=01;31:*.arc=01;31:*.arj=01;31:*.taz=01;31:*.lha=01;31:*.lz4=01;31:*.lzh=01;31:*.lzma=01;31:*.tlz=01;31:*.txz=01;31:*.tzo=01;31:*.t7z=01;31:*.zip=01;31:*.z=01;31:*.dz=01;31:*.gz=01;31:*.lrz=01;31:*.lz=01;31:*.lzo=01;31:*.xz=01;31:*.zst=01;31:*.tzst=01;31:*.bz2=01;31:*.bz=01;31:*.tbz=01;31:*.tbz2=01;31:*.tz=01;31:*.deb=01;31:*.rpm=01;31:*.jar=01;31:*.war=01;31:*.ear=01;31:*.sar=01;31:*.rar=01;31:*.alz=01;31:*.ace=01;31:*.zoo=01;31:*.cpio=01;31:*.7z=01;31:*.rz=01;31:*.cab=01;31:*.wim=01;31:*.swm=01;31:*.dwm=01;31:*.esd=01;31:*.avif=01;35:*.jpg=01;35:*.jpeg=01;35:*.mjpg=01;35:*.mjpeg=01;35:*.gif=01;35:*.bmp=01;35:*.pbm=01;35:*.pgm=01;35:*.ppm=01;35:*.tga=01;35:*.xbm=01;35:*.xpm=01;35:*.tif=01;35:*.tiff=01;35:*.png=01;35:*.svg=01;35:*.svgz=01;35:*.mng=01;35:*.pcx=01;35:*.mov=01;35:*.mpg=01;35:*.mpeg=01;35:*.m2v=01;35:*.mkv=01;35:*.webm=01;35:*.webp=01;35:*.ogm=01;35:*.mp4=01;35:*.m4v=01;35:*.mp4v=01;35:*.vob=01;35:*.qt=01;35:*.nuv=01;35:*.wmv=01;35:*.asf=01;35:*.rm=01;35:*.rmvb=01;35:*.flc=01;35:*.avi=01;35:*.fli=01;35:*.flv=01;35:*.gl=01;35:*.dl=01;35:*.xcf=01;35:*.xwd=01;35:*.yuv=01;35:*.cgm=01;35:*.emf=01;35:*.ogv=01;35:*.ogx=01;35:*.aac=00;36:*.au=00;36:*.flac=00;36:*.m4a=00;36:*.mid=00;36:*.midi=00;36:*.mka=00;36:*.mp3=00;36:*.mpc=00;36:*.ogg=00;36:*.ra=00;36:*.wav=00;36:*.oga=00;36:*.opus=00;36:*.spx=00;36:*.xspf=00;36:*~=00;90:*#=00;90:*.bak=00;90:*.crdownload=00;90:*.dpkg-dist=00;90:*.dpkg-new=00;90:*.dpkg-old=00;90:*.dpkg-tmp=00;90:*.old=00;90:*.orig=00;90:*.part=00;90:*.rej=00;90:*.rpmnew=00;90:*.rpmorig=00;90:*.rpmsave=00;90:*.swp=00;90:*.tmp=00;90:*.ucf-dist=00;90:*.ucf-new=00;90:*.ucf-old=00;90:', 'VSCODE_GIT_IPC_HANDLE': '/run/user/1000/vscode-git-3264b45195.sock', 'TERM_PROGRAM': 'vscode', 'AMENT_PREFIX_PATH': '/home/zuiken/Documents/ichosai_2026_trolley/ros2_ws/src/install/trolley_drive:/home/zuiken/Documents/ichosai_2026_trolley/ros2_ws/src/install/trolley_api:/home/zuiken/Documents/ichosai_2026_trolley/ros2_ws/src/install/trolley_interfaces:/home/zuiken/Documents/ichosai_2026_trolley/ros2_ws/src/install/trolley_cmd_mux:/home/zuiken/Documents/ichosai_2026_trolley/ros2_ws/src/install/trolley_bringup:/home/zuiken/Documents/ichosai_2026_trolley/ros2_ws/src/install/joy_teleop:/opt/ros/jazzy', 'SHELL': '/bin/bash', 'LESSCLOSE': '/usr/bin/lesspipe %s %s', 'ROS_AUTOMATIC_DISCOVERY_RANGE': 'SUBNET', 'VSCODE_GIT_ASKPASS_EXTRA_ARGS': '', 'PWD': '/home/zuiken/Documents/ichosai_2026_trolley/ros2_ws/src/build/joy_teleop', 'COPILOT_DEBUG_NONCE': '588d225576d72e8c3f0154716e9a6b5b', 'SSH_CONNECTION': '192.168.0.101 64908 192.168.0.102 22', 'XDG_DATA_DIRS': '/usr/share/gnome:/usr/local/share:/usr/share:/var/lib/snapd/desktop', 'PYTHONPATH': '/home/zuiken/Documents/ichosai_2026_trolley/ros2_ws/src/build/joy_teleop/prefix_override:/usr/lib/python3/dist-packages/colcon_core/task/python/colcon_distutils_commands:/home/zuiken/Documents/ichosai_2026_trolley/ros2_ws/src/install/joy_teleop/lib/python3.12/site-packages:/home/zuiken/Documents/ichosai_2026_trolley/ros2_ws/src/install/trolley_drive/lib/python3.12/site-packages:/home/zuiken/Documents/ichosai_2026_trolley/ros2_ws/src/install/trolley_api/lib/python3.12/site-packages:/home/zuiken/Documents/ichosai_2026_trolley/ros2_ws/src/install/trolley_interfaces/lib/python3.12/site-packages:/home/zuiken/Documents/ichosai_2026_trolley/ros2_ws/src/install/trolley_cmd_mux/lib/python3.12/site-packages:/home/zuiken/Documents/ichosai_2026_trolley/ros2_ws/src/install/trolley_bringup/lib/python3.12/site-packages:/home/zuiken/Documents/ichosai_2026_trolley/ros2_ws/src/install/joy_teleop/lib/python3.12/site-packages:/opt/ros/jazzy/lib/python3.12/site-packages', 'COLCON': '1', 'CMAKE_PREFIX_PATH': '/home/zuiken/Documents/ichosai_2026_trolley/ros2_ws/src/install/trolley_interfaces:/opt/ros/jazzy/opt/gz_math_vendor:/opt/ros/jazzy/opt/gz_utils_vendor:/opt/ros/jazzy/opt/gz_cmake_vendor'}, 'shell': False}
[2.378729] (trolley_cmd_mux) Command: {'cmd': ['/usr/bin/python3', '-W', 'ignore:setup.py install is deprecated', '-W', 'ignore:easy_install command is deprecated', 'setup.py', 'egg_info', '--egg-base', '../build/trolley_cmd_mux', 'build', '--build-base', '/home/zuiken/Documents/ichosai_2026_trolley/ros2_ws/src/build/trolley_cmd_mux/build', 'install', '--record', '/home/zuiken/Documents/ichosai_2026_trolley/ros2_ws/src/build/trolley_cmd_mux/install.log', '--install-scripts', '$base/lib/trolley_cmd_mux', '--single-version-externally-managed', 'install_data'], 'cwd': '/home/zuiken/Documents/ichosai_2026_trolley/ros2_ws/src/trolley_cmd_mux', 'env': {'LESSOPEN': '| /usr/bin/lesspipe %s', 'USER': 'zuiken', 'SSH_CLIENT': '192.168.0.101 64908 22', 'XDG_SESSION_TYPE': 'tty', 'GIT_ASKPASS': '/home/zuiken/.vscode-server/cli/servers/Stable-a44adf7f53e00964ab890f9f8758a334f1fc15bc/server/extensions/git/dist/askpass.sh', 'SHLVL': '1', 'LD_LIBRARY_PATH': '/home/zuiken/Documents/ichosai_2026_trolley/ros2_ws/src/install/trolley_interfaces/lib:/opt/ros/jazzy/opt/rviz_ogre_vendor/lib:/opt/ros/jazzy/lib/aarch64-linux-gnu:/opt/ros/jazzy/opt/gz_math_vendor/lib:/opt/ros/jazzy/opt/gz_utils_vendor/lib:/opt/ros/jazzy/opt/gz_cmake_vendor/lib:/opt/ros/jazzy/lib', 'BROWSER': '/home/zuiken/.vscode-server/cli/servers/Stable-a44adf7f53e00964ab890f9f8758a334f1fc15bc/server/bin/helpers/browser.sh', 'HOME': '/home/zuiken', 'OLDPWD': '/home/zuiken/Documents/ichosai_2026_trolley/ros2_ws', 'TERM_PROGRAM_VERSION': '1.136.1', 'VSCODE_IPC_HOOK_CLI': '/run/user/1000/vscode-ipc-e0b83720-7306-4e86-b336-6b5d163a5894.sock', 'ROS_PYTHON_VERSION': '3', 'VSCODE_GIT_ASKPASS_MAIN': '/home/zuiken/.vscode-server/cli/servers/Stable-a44adf7f53e00964ab890f9f8758a334f1fc15bc/server/extensions/git/dist/askpass-main.js', 'VSCODE_GIT_ASKPASS_NODE': '/home/zuiken/.vscode-server/cli/servers/Stable-a44adf7f53e00964ab890f9f8758a334f1fc15bc/server/node', 'VSCODE_PYTHON_AUTOACTIVATE_GUARD': '1', 'DBUS_SESSION_BUS_ADDRESS': 'unix:path=/run/user/1000/bus', 'COLORTERM': 'truecolor', 'DEBUGINFOD_URLS': 'https://debuginfod.ubuntu.com', 'COLCON_PREFIX_PATH': '/home/zuiken/Documents/ichosai_2026_trolley/ros2_ws/src/install', 'ROS_DISTRO': 'jazzy', 'LOGNAME': 'zuiken', '_': '/usr/bin/colcon', 'ROS_VERSION': '2', 'XDG_SESSION_CLASS': 'user', 'TERM': 'xterm-256color', 'XDG_SESSION_ID': '58', 'PATH': '/home/zuiken/.vscode-server/data/User/globalStorage/github.copilot-chat/debugCommand:/home/zuiken/.vscode-server/data/User/globalStorage/github.copilot-chat/copilotCli:/home/zuiken/.vscode-server/cli/servers/Stable-a44adf7f53e00964ab890f9f8758a334f1fc15bc/server/bin/remote-cli:/home/zuiken/.local/bin:/opt/ros/jazzy/bin:/usr/local/sbin:/usr/local/bin:/usr/sbin:/usr/bin:/sbin:/bin:/usr/games:/usr/local/games:/snap/bin', 'XDG_RUNTIME_DIR': '/run/user/1000', 'LANG': 'C.UTF-8', 'LS_COLORS': 'rs=0:di=01;34:ln=01;36:mh=00:pi=40;33:so=01;35:do=01;35:bd=40;33;01:cd=40;33;01:or=40;31;01:mi=00:su=37;41:sg=30;43:ca=00:tw=30;42:ow=34;42:st=37;44:ex=01;32:*.tar=01;31:*.tgz=01;31:*.arc=01;31:*.arj=01;31:*.taz=01;31:*.lha=01;31:*.lz4=01;31:*.lzh=01;31:*.lzma=01;31:*.tlz=01;31:*.txz=01;31:*.tzo=01;31:*.t7z=01;31:*.zip=01;31:*.z=01;31:*.dz=01;31:*.gz=01;31:*.lrz=01;31:*.lz=01;31:*.lzo=01;31:*.xz=01;31:*.zst=01;31:*.tzst=01;31:*.bz2=01;31:*.bz=01;31:*.tbz=01;31:*.tbz2=01;31:*.tz=01;31:*.deb=01;31:*.rpm=01;31:*.jar=01;31:*.war=01;31:*.ear=01;31:*.sar=01;31:*.rar=01;31:*.alz=01;31:*.ace=01;31:*.zoo=01;31:*.cpio=01;31:*.7z=01;31:*.rz=01;31:*.cab=01;31:*.wim=01;31:*.swm=01;31:*.dwm=01;31:*.esd=01;31:*.avif=01;35:*.jpg=01;35:*.jpeg=01;35:*.mjpg=01;35:*.mjpeg=01;35:*.gif=01;35:*.bmp=01;35:*.pbm=01;35:*.pgm=01;35:*.ppm=01;35:*.tga=01;35:*.xbm=01;35:*.xpm=01;35:*.tif=01;35:*.tiff=01;35:*.png=01;35:*.svg=01;35:*.svgz=01;35:*.mng=01;35:*.pcx=01;35:*.mov=01;35:*.mpg=01;35:*.mpeg=01;35:*.m2v=01;35:*.mkv=01;35:*.webm=01;35:*.webp=01;35:*.ogm=01;35:*.mp4=01;35:*.m4v=01;35:*.mp4v=01;35:*.vob=01;35:*.qt=01;35:*.nuv=01;35:*.wmv=01;35:*.asf=01;35:*.rm=01;35:*.rmvb=01;35:*.flc=01;35:*.avi=01;35:*.fli=01;35:*.flv=01;35:*.gl=01;35:*.dl=01;35:*.xcf=01;35:*.xwd=01;35:*.yuv=01;35:*.cgm=01;35:*.emf=01;35:*.ogv=01;35:*.ogx=01;35:*.aac=00;36:*.au=00;36:*.flac=00;36:*.m4a=00;36:*.mid=00;36:*.midi=00;36:*.mka=00;36:*.mp3=00;36:*.mpc=00;36:*.ogg=00;36:*.ra=00;36:*.wav=00;36:*.oga=00;36:*.opus=00;36:*.spx=00;36:*.xspf=00;36:*~=00;90:*#=00;90:*.bak=00;90:*.crdownload=00;90:*.dpkg-dist=00;90:*.dpkg-new=00;90:*.dpkg-old=00;90:*.dpkg-tmp=00;90:*.old=00;90:*.orig=00;90:*.part=00;90:*.rej=00;90:*.rpmnew=00;90:*.rpmorig=00;90:*.rpmsave=00;90:*.swp=00;90:*.tmp=00;90:*.ucf-dist=00;90:*.ucf-new=00;90:*.ucf-old=00;90:', 'VSCODE_GIT_IPC_HANDLE': '/run/user/1000/vscode-git-3264b45195.sock', 'TERM_PROGRAM': 'vscode', 'AMENT_PREFIX_PATH': '/home/zuiken/Documents/ichosai_2026_trolley/ros2_ws/src/install/trolley_drive:/home/zuiken/Documents/ichosai_2026_trolley/ros2_ws/src/install/trolley_api:/home/zuiken/Documents/ichosai_2026_trolley/ros2_ws/src/install/trolley_interfaces:/home/zuiken/Documents/ichosai_2026_trolley/ros2_ws/src/install/trolley_cmd_mux:/home/zuiken/Documents/ichosai_2026_trolley/ros2_ws/src/install/trolley_bringup:/home/zuiken/Documents/ichosai_2026_trolley/ros2_ws/src/install/joy_teleop:/opt/ros/jazzy', 'SHELL': '/bin/bash', 'LESSCLOSE': '/usr/bin/lesspipe %s %s', 'ROS_AUTOMATIC_DISCOVERY_RANGE': 'SUBNET', 'VSCODE_GIT_ASKPASS_EXTRA_ARGS': '', 'PWD': '/home/zuiken/Documents/ichosai_2026_trolley/ros2_ws/src/build/trolley_cmd_mux', 'COPILOT_DEBUG_NONCE': '588d225576d72e8c3f0154716e9a6b5b', 'SSH_CONNECTION': '192.168.0.101 64908 192.168.0.102 22', 'XDG_DATA_DIRS': '/usr/share/gnome:/usr/local/share:/usr/share:/var/lib/snapd/desktop', 'PYTHONPATH': '/home/zuiken/Documents/ichosai_2026_trolley/ros2_ws/src/build/trolley_cmd_mux/prefix_override:/usr/lib/python3/dist-packages/colcon_core/task/python/colcon_distutils_commands:/home/zuiken/Documents/ichosai_2026_trolley/ros2_ws/src/install/trolley_cmd_mux/lib/python3.12/site-packages:/home/zuiken/Documents/ichosai_2026_trolley/ros2_ws/src/install/trolley_drive/lib/python3.12/site-packages:/home/zuiken/Documents/ichosai_2026_trolley/ros2_ws/src/install/trolley_api/lib/python3.12/site-packages:/home/zuiken/Documents/ichosai_2026_trolley/ros2_ws/src/install/trolley_interfaces/lib/python3.12/site-packages:/home/zuiken/Documents/ichosai_2026_trolley/ros2_ws/src/install/trolley_cmd_mux/lib/python3.12/site-packages:/home/zuiken/Documents/ichosai_2026_trolley/ros2_ws/src/install/trolley_bringup/lib/python3.12/site-packages:/home/zuiken/Documents/ichosai_2026_trolley/ros2_ws/src/install/joy_teleop/lib/python3.12/site-packages:/opt/ros/jazzy/lib/python3.12/site-packages', 'COLCON': '1', 'CMAKE_PREFIX_PATH': '/home/zuiken/Documents/ichosai_2026_trolley/ros2_ws/src/install/trolley_interfaces:/opt/ros/jazzy/opt/gz_math_vendor:/opt/ros/jazzy/opt/gz_utils_vendor:/opt/ros/jazzy/opt/gz_cmake_vendor'}, 'shell': False}
[2.418985] (-) TimerEvent: {}
[2.520972] (-) TimerEvent: {}
[2.621368] (-) TimerEvent: {}
[2.721765] (-) TimerEvent: {}
[2.788786] (trolley_bringup) StdoutLine: {'line': b'running egg_info\n'}
[2.808809] (joy_teleop) StdoutLine: {'line': b'running egg_info\n'}
[2.813849] (trolley_cmd_mux) StdoutLine: {'line': b'running egg_info\n'}
[2.818966] (trolley_bringup) StdoutLine: {'line': b'writing ../build/trolley_bringup/trolley_bringup.egg-info/PKG-INFO\n'}
[2.819543] (trolley_bringup) StdoutLine: {'line': b'writing dependency_links to ../build/trolley_bringup/trolley_bringup.egg-info/dependency_links.txt\n'}
[2.820014] (trolley_bringup) StdoutLine: {'line': b'writing requirements to ../build/trolley_bringup/trolley_bringup.egg-info/requires.txt\n'}
[2.820299] (trolley_bringup) StdoutLine: {'line': b'writing top-level names to ../build/trolley_bringup/trolley_bringup.egg-info/top_level.txt\n'}
[2.823815] (-) TimerEvent: {}
[2.836820] (joy_teleop) StdoutLine: {'line': b'writing ../build/joy_teleop/joy_teleop.egg-info/PKG-INFO\n'}
[2.837636] (joy_teleop) StdoutLine: {'line': b'writing dependency_links to ../build/joy_teleop/joy_teleop.egg-info/dependency_links.txt\n'}
[2.837844] (joy_teleop) StdoutLine: {'line': b'writing entry points to ../build/joy_teleop/joy_teleop.egg-info/entry_points.txt\n'}
[2.838011] (joy_teleop) StdoutLine: {'line': b'writing requirements to ../build/joy_teleop/joy_teleop.egg-info/requires.txt\n'}
[2.838176] (joy_teleop) StdoutLine: {'line': b'writing top-level names to ../build/joy_teleop/joy_teleop.egg-info/top_level.txt\n'}
[2.845639] (trolley_cmd_mux) StdoutLine: {'line': b'writing ../build/trolley_cmd_mux/trolley_cmd_mux.egg-info/PKG-INFO\n'}
[2.846513] (trolley_cmd_mux) StdoutLine: {'line': b'writing dependency_links to ../build/trolley_cmd_mux/trolley_cmd_mux.egg-info/dependency_links.txt\n'}
[2.847176] (trolley_cmd_mux) StdoutLine: {'line': b'writing entry points to ../build/trolley_cmd_mux/trolley_cmd_mux.egg-info/entry_points.txt\n'}
[2.849807] (trolley_cmd_mux) StdoutLine: {'line': b'writing requirements to ../build/trolley_cmd_mux/trolley_cmd_mux.egg-info/requires.txt\n'}
[2.850113] (trolley_cmd_mux) StdoutLine: {'line': b'writing top-level names to ../build/trolley_cmd_mux/trolley_cmd_mux.egg-info/top_level.txt\n'}
[2.889691] (trolley_bringup) StdoutLine: {'line': b"reading manifest file '../build/trolley_bringup/trolley_bringup.egg-info/SOURCES.txt'\n"}
[2.889991] (trolley_bringup) StdoutLine: {'line': b"writing manifest file '../build/trolley_bringup/trolley_bringup.egg-info/SOURCES.txt'\n"}
[2.890170] (trolley_bringup) StdoutLine: {'line': b'running build\n'}
[2.890352] (trolley_bringup) StdoutLine: {'line': b'running build_py\n'}
[2.890826] (trolley_bringup) StdoutLine: {'line': b'running install\n'}
[2.903093] (trolley_bringup) StdoutLine: {'line': b'running install_lib\n'}
[2.907456] (joy_teleop) StdoutLine: {'line': b"reading manifest file '../build/joy_teleop/joy_teleop.egg-info/SOURCES.txt'\n"}
[2.910811] (joy_teleop) StdoutLine: {'line': b"writing manifest file '../build/joy_teleop/joy_teleop.egg-info/SOURCES.txt'\n"}
[2.911100] (joy_teleop) StdoutLine: {'line': b'running build\n'}
[2.911223] (joy_teleop) StdoutLine: {'line': b'running build_py\n'}
[2.911317] (joy_teleop) StdoutLine: {'line': b'running install\n'}
[2.920883] (trolley_cmd_mux) StdoutLine: {'line': b"reading manifest file '../build/trolley_cmd_mux/trolley_cmd_mux.egg-info/SOURCES.txt'\n"}
[2.921180] (joy_teleop) StdoutLine: {'line': b'running install_lib\n'}
[2.923039] (trolley_cmd_mux) StdoutLine: {'line': b"writing manifest file '../build/trolley_cmd_mux/trolley_cmd_mux.egg-info/SOURCES.txt'\n"}
[2.923805] (trolley_cmd_mux) StdoutLine: {'line': b'running build\n'}
[2.924032] (-) TimerEvent: {}
[2.926919] (trolley_cmd_mux) StdoutLine: {'line': b'running build_py\n'}
[2.927213] (trolley_cmd_mux) StdoutLine: {'line': b'running install\n'}
[2.937666] (trolley_cmd_mux) StdoutLine: {'line': b'running install_lib\n'}
[2.943097] (trolley_bringup) StdoutLine: {'line': b'running install_data\n'}
[2.943531] (trolley_bringup) StdoutLine: {'line': b'running install_egg_info\n'}
[2.958348] (joy_teleop) StdoutLine: {'line': b'running install_data\n'}
[2.958719] (joy_teleop) StdoutLine: {'line': b'running install_egg_info\n'}
[2.973716] (trolley_cmd_mux) StdoutLine: {'line': b'running install_data\n'}
[2.974382] (trolley_cmd_mux) StdoutLine: {'line': b'running install_egg_info\n'}
[2.980764] (trolley_bringup) StdoutLine: {'line': b"removing '/home/zuiken/Documents/ichosai_2026_trolley/ros2_ws/src/install/trolley_bringup/lib/python3.12/site-packages/trolley_bringup-0.0.0-py3.12.egg-info' (and everything under it)\n"}
[2.981505] (trolley_bringup) StdoutLine: {'line': b'Copying ../build/trolley_bringup/trolley_bringup.egg-info to /home/zuiken/Documents/ichosai_2026_trolley/ros2_ws/src/install/trolley_bringup/lib/python3.12/site-packages/trolley_bringup-0.0.0-py3.12.egg-info\n'}
[2.985239] (trolley_bringup) StdoutLine: {'line': b'running install_scripts\n'}
[2.986121] (trolley_api) Command: {'cmd': ['/usr/bin/python3', '-W', 'ignore:setup.py install is deprecated', '-W', 'ignore:easy_install command is deprecated', 'setup.py', 'egg_info', '--egg-base', '../build/trolley_api', 'build', '--build-base', '/home/zuiken/Documents/ichosai_2026_trolley/ros2_ws/src/build/trolley_api/build', 'install', '--record', '/home/zuiken/Documents/ichosai_2026_trolley/ros2_ws/src/build/trolley_api/install.log', '--install-scripts', '$base/lib/trolley_api', '--single-version-externally-managed', 'install_data'], 'cwd': '/home/zuiken/Documents/ichosai_2026_trolley/ros2_ws/src/trolley_api', 'env': {'LESSOPEN': '| /usr/bin/lesspipe %s', 'USER': 'zuiken', 'SSH_CLIENT': '192.168.0.101 64908 22', 'XDG_SESSION_TYPE': 'tty', 'GIT_ASKPASS': '/home/zuiken/.vscode-server/cli/servers/Stable-a44adf7f53e00964ab890f9f8758a334f1fc15bc/server/extensions/git/dist/askpass.sh', 'SHLVL': '1', 'LD_LIBRARY_PATH': '/home/zuiken/Documents/ichosai_2026_trolley/ros2_ws/src/install/trolley_interfaces/lib:/opt/ros/jazzy/opt/rviz_ogre_vendor/lib:/opt/ros/jazzy/lib/aarch64-linux-gnu:/opt/ros/jazzy/opt/gz_math_vendor/lib:/opt/ros/jazzy/opt/gz_utils_vendor/lib:/opt/ros/jazzy/opt/gz_cmake_vendor/lib:/opt/ros/jazzy/lib', 'BROWSER': '/home/zuiken/.vscode-server/cli/servers/Stable-a44adf7f53e00964ab890f9f8758a334f1fc15bc/server/bin/helpers/browser.sh', 'HOME': '/home/zuiken', 'OLDPWD': '/home/zuiken/Documents/ichosai_2026_trolley/ros2_ws', 'TERM_PROGRAM_VERSION': '1.136.1', 'VSCODE_IPC_HOOK_CLI': '/run/user/1000/vscode-ipc-e0b83720-7306-4e86-b336-6b5d163a5894.sock', 'ROS_PYTHON_VERSION': '3', 'VSCODE_GIT_ASKPASS_MAIN': '/home/zuiken/.vscode-server/cli/servers/Stable-a44adf7f53e00964ab890f9f8758a334f1fc15bc/server/extensions/git/dist/askpass-main.js', 'VSCODE_GIT_ASKPASS_NODE': '/home/zuiken/.vscode-server/cli/servers/Stable-a44adf7f53e00964ab890f9f8758a334f1fc15bc/server/node', 'VSCODE_PYTHON_AUTOACTIVATE_GUARD': '1', 'DBUS_SESSION_BUS_ADDRESS': 'unix:path=/run/user/1000/bus', 'COLORTERM': 'truecolor', 'DEBUGINFOD_URLS': 'https://debuginfod.ubuntu.com', 'COLCON_PREFIX_PATH': '/home/zuiken/Documents/ichosai_2026_trolley/ros2_ws/src/install', 'ROS_DISTRO': 'jazzy', 'LOGNAME': 'zuiken', '_': '/usr/bin/colcon', 'ROS_VERSION': '2', 'XDG_SESSION_CLASS': 'user', 'TERM': 'xterm-256color', 'XDG_SESSION_ID': '58', 'PATH': '/home/zuiken/.vscode-server/data/User/globalStorage/github.copilot-chat/debugCommand:/home/zuiken/.vscode-server/data/User/globalStorage/github.copilot-chat/copilotCli:/home/zuiken/.vscode-server/cli/servers/Stable-a44adf7f53e00964ab890f9f8758a334f1fc15bc/server/bin/remote-cli:/home/zuiken/.local/bin:/opt/ros/jazzy/bin:/usr/local/sbin:/usr/local/bin:/usr/sbin:/usr/bin:/sbin:/bin:/usr/games:/usr/local/games:/snap/bin', 'XDG_RUNTIME_DIR': '/run/user/1000', 'LANG': 'C.UTF-8', 'LS_COLORS': 'rs=0:di=01;34:ln=01;36:mh=00:pi=40;33:so=01;35:do=01;35:bd=40;33;01:cd=40;33;01:or=40;31;01:mi=00:su=37;41:sg=30;43:ca=00:tw=30;42:ow=34;42:st=37;44:ex=01;32:*.tar=01;31:*.tgz=01;31:*.arc=01;31:*.arj=01;31:*.taz=01;31:*.lha=01;31:*.lz4=01;31:*.lzh=01;31:*.lzma=01;31:*.tlz=01;31:*.txz=01;31:*.tzo=01;31:*.t7z=01;31:*.zip=01;31:*.z=01;31:*.dz=01;31:*.gz=01;31:*.lrz=01;31:*.lz=01;31:*.lzo=01;31:*.xz=01;31:*.zst=01;31:*.tzst=01;31:*.bz2=01;31:*.bz=01;31:*.tbz=01;31:*.tbz2=01;31:*.tz=01;31:*.deb=01;31:*.rpm=01;31:*.jar=01;31:*.war=01;31:*.ear=01;31:*.sar=01;31:*.rar=01;31:*.alz=01;31:*.ace=01;31:*.zoo=01;31:*.cpio=01;31:*.7z=01;31:*.rz=01;31:*.cab=01;31:*.wim=01;31:*.swm=01;31:*.dwm=01;31:*.esd=01;31:*.avif=01;35:*.jpg=01;35:*.jpeg=01;35:*.mjpg=01;35:*.mjpeg=01;35:*.gif=01;35:*.bmp=01;35:*.pbm=01;35:*.pgm=01;35:*.ppm=01;35:*.tga=01;35:*.xbm=01;35:*.xpm=01;35:*.tif=01;35:*.tiff=01;35:*.png=01;35:*.svg=01;35:*.svgz=01;35:*.mng=01;35:*.pcx=01;35:*.mov=01;35:*.mpg=01;35:*.mpeg=01;35:*.m2v=01;35:*.mkv=01;35:*.webm=01;35:*.webp=01;35:*.ogm=01;35:*.mp4=01;35:*.m4v=01;35:*.mp4v=01;35:*.vob=01;35:*.qt=01;35:*.nuv=01;35:*.wmv=01;35:*.asf=01;35:*.rm=01;35:*.rmvb=01;35:*.flc=01;35:*.avi=01;35:*.fli=01;35:*.flv=01;35:*.gl=01;35:*.dl=01;35:*.xcf=01;35:*.xwd=01;35:*.yuv=01;35:*.cgm=01;35:*.emf=01;35:*.ogv=01;35:*.ogx=01;35:*.aac=00;36:*.au=00;36:*.flac=00;36:*.m4a=00;36:*.mid=00;36:*.midi=00;36:*.mka=00;36:*.mp3=00;36:*.mpc=00;36:*.ogg=00;36:*.ra=00;36:*.wav=00;36:*.oga=00;36:*.opus=00;36:*.spx=00;36:*.xspf=00;36:*~=00;90:*#=00;90:*.bak=00;90:*.crdownload=00;90:*.dpkg-dist=00;90:*.dpkg-new=00;90:*.dpkg-old=00;90:*.dpkg-tmp=00;90:*.old=00;90:*.orig=00;90:*.part=00;90:*.rej=00;90:*.rpmnew=00;90:*.rpmorig=00;90:*.rpmsave=00;90:*.swp=00;90:*.tmp=00;90:*.ucf-dist=00;90:*.ucf-new=00;90:*.ucf-old=00;90:', 'VSCODE_GIT_IPC_HANDLE': '/run/user/1000/vscode-git-3264b45195.sock', 'TERM_PROGRAM': 'vscode', 'AMENT_PREFIX_PATH': '/home/zuiken/Documents/ichosai_2026_trolley/ros2_ws/src/install/trolley_drive:/home/zuiken/Documents/ichosai_2026_trolley/ros2_ws/src/install/trolley_api:/home/zuiken/Documents/ichosai_2026_trolley/ros2_ws/src/install/trolley_interfaces:/home/zuiken/Documents/ichosai_2026_trolley/ros2_ws/src/install/trolley_cmd_mux:/home/zuiken/Documents/ichosai_2026_trolley/ros2_ws/src/install/trolley_bringup:/home/zuiken/Documents/ichosai_2026_trolley/ros2_ws/src/install/joy_teleop:/opt/ros/jazzy', 'SHELL': '/bin/bash', 'LESSCLOSE': '/usr/bin/lesspipe %s %s', 'ROS_AUTOMATIC_DISCOVERY_RANGE': 'SUBNET', 'VSCODE_GIT_ASKPASS_EXTRA_ARGS': '', 'PWD': '/home/zuiken/Documents/ichosai_2026_trolley/ros2_ws/src/build/trolley_api', 'COPILOT_DEBUG_NONCE': '588d225576d72e8c3f0154716e9a6b5b', 'SSH_CONNECTION': '192.168.0.101 64908 192.168.0.102 22', 'XDG_DATA_DIRS': '/usr/share/gnome:/usr/local/share:/usr/share:/var/lib/snapd/desktop', 'PYTHONPATH': '/home/zuiken/Documents/ichosai_2026_trolley/ros2_ws/src/build/trolley_api/prefix_override:/usr/lib/python3/dist-packages/colcon_core/task/python/colcon_distutils_commands:/home/zuiken/Documents/ichosai_2026_trolley/ros2_ws/src/install/trolley_api/lib/python3.12/site-packages:/home/zuiken/Documents/ichosai_2026_trolley/ros2_ws/src/install/trolley_interfaces/lib/python3.12/site-packages:/home/zuiken/Documents/ichosai_2026_trolley/ros2_ws/src/install/trolley_drive/lib/python3.12/site-packages:/home/zuiken/Documents/ichosai_2026_trolley/ros2_ws/src/install/trolley_api/lib/python3.12/site-packages:/home/zuiken/Documents/ichosai_2026_trolley/ros2_ws/src/install/trolley_cmd_mux/lib/python3.12/site-packages:/home/zuiken/Documents/ichosai_2026_trolley/ros2_ws/src/install/trolley_bringup/lib/python3.12/site-packages:/home/zuiken/Documents/ichosai_2026_trolley/ros2_ws/src/install/joy_teleop/lib/python3.12/site-packages:/opt/ros/jazzy/lib/python3.12/site-packages', 'COLCON': '1', 'CMAKE_PREFIX_PATH': '/home/zuiken/Documents/ichosai_2026_trolley/ros2_ws/src/install/trolley_interfaces:/opt/ros/jazzy/opt/gz_math_vendor:/opt/ros/jazzy/opt/gz_utils_vendor:/opt/ros/jazzy/opt/gz_cmake_vendor'}, 'shell': False}
[2.994488] (joy_teleop) StdoutLine: {'line': b"removing '/home/zuiken/Documents/ichosai_2026_trolley/ros2_ws/src/install/joy_teleop/lib/python3.12/site-packages/joy_teleop-0.0.0-py3.12.egg-info' (and everything under it)\n"}
[2.996423] (joy_teleop) StdoutLine: {'line': b'Copying ../build/joy_teleop/joy_teleop.egg-info to /home/zuiken/Documents/ichosai_2026_trolley/ros2_ws/src/install/joy_teleop/lib/python3.12/site-packages/joy_teleop-0.0.0-py3.12.egg-info\n'}
[2.996646] (joy_teleop) StdoutLine: {'line': b'running install_scripts\n'}
[3.011309] (trolley_cmd_mux) StdoutLine: {'line': b"removing '/home/zuiken/Documents/ichosai_2026_trolley/ros2_ws/src/install/trolley_cmd_mux/lib/python3.12/site-packages/trolley_cmd_mux-0.0.0-py3.12.egg-info' (and everything under it)\n"}
[3.013876] (trolley_cmd_mux) StdoutLine: {'line': b'Copying ../build/trolley_cmd_mux/trolley_cmd_mux.egg-info to /home/zuiken/Documents/ichosai_2026_trolley/ros2_ws/src/install/trolley_cmd_mux/lib/python3.12/site-packages/trolley_cmd_mux-0.0.0-py3.12.egg-info\n'}
[3.014110] (trolley_cmd_mux) StdoutLine: {'line': b'running install_scripts\n'}
[3.024159] (-) TimerEvent: {}
[3.124780] (-) TimerEvent: {}
[3.215134] (joy_teleop) StdoutLine: {'line': b'Installing joy_teleop script to /home/zuiken/Documents/ichosai_2026_trolley/ros2_ws/src/install/joy_teleop/lib/joy_teleop\n'}
[3.215407] (trolley_bringup) StdoutLine: {'line': b"writing list of installed files to '/home/zuiken/Documents/ichosai_2026_trolley/ros2_ws/src/build/trolley_bringup/install.log'\n"}
[3.215871] (joy_teleop) StdoutLine: {'line': b"writing list of installed files to '/home/zuiken/Documents/ichosai_2026_trolley/ros2_ws/src/build/joy_teleop/install.log'\n"}
[3.224947] (-) TimerEvent: {}
[3.257939] (trolley_cmd_mux) StdoutLine: {'line': b'Installing cmd_vel_mux script to /home/zuiken/Documents/ichosai_2026_trolley/ros2_ws/src/install/trolley_cmd_mux/lib/trolley_cmd_mux\n'}
[3.260008] (trolley_cmd_mux) StdoutLine: {'line': b"writing list of installed files to '/home/zuiken/Documents/ichosai_2026_trolley/ros2_ws/src/build/trolley_cmd_mux/install.log'\n"}
[3.327852] (-) TimerEvent: {}
[3.346558] (joy_teleop) CommandEnded: {'returncode': 0}
[3.357717] (joy_teleop) JobEnded: {'identifier': 'joy_teleop', 'rc': 0}
[3.362327] (trolley_drive) JobStarted: {'identifier': 'trolley_drive'}
[3.370986] (trolley_bringup) CommandEnded: {'returncode': 0}
[3.381936] (trolley_bringup) JobEnded: {'identifier': 'trolley_bringup', 'rc': 0}
[3.427946] (-) TimerEvent: {}
[3.528300] (-) TimerEvent: {}
[3.528798] (trolley_api) StdoutLine: {'line': b'running egg_info\n'}
[3.556809] (trolley_api) StdoutLine: {'line': b'writing ../build/trolley_api/trolley_api.egg-info/PKG-INFO\n'}
[3.557827] (trolley_api) StdoutLine: {'line': b'writing dependency_links to ../build/trolley_api/trolley_api.egg-info/dependency_links.txt\n'}
[3.557982] (trolley_api) StdoutLine: {'line': b'writing entry points to ../build/trolley_api/trolley_api.egg-info/entry_points.txt\n'}
[3.558158] (trolley_api) StdoutLine: {'line': b'writing requirements to ../build/trolley_api/trolley_api.egg-info/requires.txt\n'}
[3.558268] (trolley_api) StdoutLine: {'line': b'writing top-level names to ../build/trolley_api/trolley_api.egg-info/top_level.txt\n'}
[3.613301] (trolley_api) StdoutLine: {'line': b"reading manifest file '../build/trolley_api/trolley_api.egg-info/SOURCES.txt'\n"}
[3.614523] (trolley_api) StdoutLine: {'line': b"writing manifest file '../build/trolley_api/trolley_api.egg-info/SOURCES.txt'\n"}
[3.614801] (trolley_api) StdoutLine: {'line': b'running build\n'}
[3.614992] (trolley_api) StdoutLine: {'line': b'running build_py\n'}
[3.615434] (trolley_api) StdoutLine: {'line': b'running install\n'}
[3.624764] (trolley_api) StdoutLine: {'line': b'running install_lib\n'}
[3.628369] (-) TimerEvent: {}
[3.652497] (trolley_api) StdoutLine: {'line': b'running install_data\n'}
[3.652907] (trolley_api) StdoutLine: {'line': b'running install_egg_info\n'}
[3.683952] (trolley_api) StdoutLine: {'line': b"removing '/home/zuiken/Documents/ichosai_2026_trolley/ros2_ws/src/install/trolley_api/lib/python3.12/site-packages/trolley_api-0.0.0-py3.12.egg-info' (and everything under it)\n"}
[3.685132] (trolley_api) StdoutLine: {'line': b'Copying ../build/trolley_api/trolley_api.egg-info to /home/zuiken/Documents/ichosai_2026_trolley/ros2_ws/src/install/trolley_api/lib/python3.12/site-packages/trolley_api-0.0.0-py3.12.egg-info\n'}
[3.686580] (trolley_api) StdoutLine: {'line': b'running install_scripts\n'}
[3.719319] (trolley_cmd_mux) CommandEnded: {'returncode': 0}
[3.728469] (-) TimerEvent: {}
[3.729085] (trolley_cmd_mux) JobEnded: {'identifier': 'trolley_cmd_mux', 'rc': 0}
[3.828579] (-) TimerEvent: {}
[3.884910] (trolley_api) StdoutLine: {'line': b'Installing api_server script to /home/zuiken/Documents/ichosai_2026_trolley/ros2_ws/src/install/trolley_api/lib/trolley_api\n'}
[3.885591] (trolley_api) StdoutLine: {'line': b"writing list of installed files to '/home/zuiken/Documents/ichosai_2026_trolley/ros2_ws/src/build/trolley_api/install.log'\n"}
[3.928719] (-) TimerEvent: {}
[3.966172] (trolley_api) CommandEnded: {'returncode': 0}
[3.974730] (trolley_api) JobEnded: {'identifier': 'trolley_api', 'rc': 0}
[4.028820] (-) TimerEvent: {}
[4.129120] (-) TimerEvent: {}
[4.229418] (-) TimerEvent: {}
[4.329710] (-) TimerEvent: {}
[4.430020] (-) TimerEvent: {}
[4.530329] (-) TimerEvent: {}
[4.589028] (trolley_drive) Command: {'cmd': ['/usr/bin/python3', '-W', 'ignore:setup.py install is deprecated', '-W', 'ignore:easy_install command is deprecated', 'setup.py', 'egg_info', '--egg-base', '../build/trolley_drive', 'build', '--build-base', '/home/zuiken/Documents/ichosai_2026_trolley/ros2_ws/src/build/trolley_drive/build', 'install', '--record', '/home/zuiken/Documents/ichosai_2026_trolley/ros2_ws/src/build/trolley_drive/install.log', '--install-scripts', '$base/lib/trolley_drive', '--single-version-externally-managed', 'install_data'], 'cwd': '/home/zuiken/Documents/ichosai_2026_trolley/ros2_ws/src/trolley_drive', 'env': {'LESSOPEN': '| /usr/bin/lesspipe %s', 'USER': 'zuiken', 'SSH_CLIENT': '192.168.0.101 64908 22', 'XDG_SESSION_TYPE': 'tty', 'GIT_ASKPASS': '/home/zuiken/.vscode-server/cli/servers/Stable-a44adf7f53e00964ab890f9f8758a334f1fc15bc/server/extensions/git/dist/askpass.sh', 'SHLVL': '1', 'LD_LIBRARY_PATH': '/home/zuiken/Documents/ichosai_2026_trolley/ros2_ws/src/install/trolley_interfaces/lib:/opt/ros/jazzy/opt/rviz_ogre_vendor/lib:/opt/ros/jazzy/lib/aarch64-linux-gnu:/opt/ros/jazzy/opt/gz_math_vendor/lib:/opt/ros/jazzy/opt/gz_utils_vendor/lib:/opt/ros/jazzy/opt/gz_cmake_vendor/lib:/opt/ros/jazzy/lib', 'BROWSER': '/home/zuiken/.vscode-server/cli/servers/Stable-a44adf7f53e00964ab890f9f8758a334f1fc15bc/server/bin/helpers/browser.sh', 'HOME': '/home/zuiken', 'OLDPWD': '/home/zuiken/Documents/ichosai_2026_trolley/ros2_ws', 'TERM_PROGRAM_VERSION': '1.136.1', 'VSCODE_IPC_HOOK_CLI': '/run/user/1000/vscode-ipc-e0b83720-7306-4e86-b336-6b5d163a5894.sock', 'ROS_PYTHON_VERSION': '3', 'VSCODE_GIT_ASKPASS_MAIN': '/home/zuiken/.vscode-server/cli/servers/Stable-a44adf7f53e00964ab890f9f8758a334f1fc15bc/server/extensions/git/dist/askpass-main.js', 'VSCODE_GIT_ASKPASS_NODE': '/home/zuiken/.vscode-server/cli/servers/Stable-a44adf7f53e00964ab890f9f8758a334f1fc15bc/server/node', 'VSCODE_PYTHON_AUTOACTIVATE_GUARD': '1', 'DBUS_SESSION_BUS_ADDRESS': 'unix:path=/run/user/1000/bus', 'COLORTERM': 'truecolor', 'DEBUGINFOD_URLS': 'https://debuginfod.ubuntu.com', 'COLCON_PREFIX_PATH': '/home/zuiken/Documents/ichosai_2026_trolley/ros2_ws/src/install', 'ROS_DISTRO': 'jazzy', 'LOGNAME': 'zuiken', '_': '/usr/bin/colcon', 'ROS_VERSION': '2', 'XDG_SESSION_CLASS': 'user', 'TERM': 'xterm-256color', 'XDG_SESSION_ID': '58', 'PATH': '/home/zuiken/.vscode-server/data/User/globalStorage/github.copilot-chat/debugCommand:/home/zuiken/.vscode-server/data/User/globalStorage/github.copilot-chat/copilotCli:/home/zuiken/.vscode-server/cli/servers/Stable-a44adf7f53e00964ab890f9f8758a334f1fc15bc/server/bin/remote-cli:/home/zuiken/.local/bin:/opt/ros/jazzy/bin:/usr/local/sbin:/usr/local/bin:/usr/sbin:/usr/bin:/sbin:/bin:/usr/games:/usr/local/games:/snap/bin', 'XDG_RUNTIME_DIR': '/run/user/1000', 'LANG': 'C.UTF-8', 'LS_COLORS': 'rs=0:di=01;34:ln=01;36:mh=00:pi=40;33:so=01;35:do=01;35:bd=40;33;01:cd=40;33;01:or=40;31;01:mi=00:su=37;41:sg=30;43:ca=00:tw=30;42:ow=34;42:st=37;44:ex=01;32:*.tar=01;31:*.tgz=01;31:*.arc=01;31:*.arj=01;31:*.taz=01;31:*.lha=01;31:*.lz4=01;31:*.lzh=01;31:*.lzma=01;31:*.tlz=01;31:*.txz=01;31:*.tzo=01;31:*.t7z=01;31:*.zip=01;31:*.z=01;31:*.dz=01;31:*.gz=01;31:*.lrz=01;31:*.lz=01;31:*.lzo=01;31:*.xz=01;31:*.zst=01;31:*.tzst=01;31:*.bz2=01;31:*.bz=01;31:*.tbz=01;31:*.tbz2=01;31:*.tz=01;31:*.deb=01;31:*.rpm=01;31:*.jar=01;31:*.war=01;31:*.ear=01;31:*.sar=01;31:*.rar=01;31:*.alz=01;31:*.ace=01;31:*.zoo=01;31:*.cpio=01;31:*.7z=01;31:*.rz=01;31:*.cab=01;31:*.wim=01;31:*.swm=01;31:*.dwm=01;31:*.esd=01;31:*.avif=01;35:*.jpg=01;35:*.jpeg=01;35:*.mjpg=01;35:*.mjpeg=01;35:*.gif=01;35:*.bmp=01;35:*.pbm=01;35:*.pgm=01;35:*.ppm=01;35:*.tga=01;35:*.xbm=01;35:*.xpm=01;35:*.tif=01;35:*.tiff=01;35:*.png=01;35:*.svg=01;35:*.svgz=01;35:*.mng=01;35:*.pcx=01;35:*.mov=01;35:*.mpg=01;35:*.mpeg=01;35:*.m2v=01;35:*.mkv=01;35:*.webm=01;35:*.webp=01;35:*.ogm=01;35:*.mp4=01;35:*.m4v=01;35:*.mp4v=01;35:*.vob=01;35:*.qt=01;35:*.nuv=01;35:*.wmv=01;35:*.asf=01;35:*.rm=01;35:*.rmvb=01;35:*.flc=01;35:*.avi=01;35:*.fli=01;35:*.flv=01;35:*.gl=01;35:*.dl=01;35:*.xcf=01;35:*.xwd=01;35:*.yuv=01;35:*.cgm=01;35:*.emf=01;35:*.ogv=01;35:*.ogx=01;35:*.aac=00;36:*.au=00;36:*.flac=00;36:*.m4a=00;36:*.mid=00;36:*.midi=00;36:*.mka=00;36:*.mp3=00;36:*.mpc=00;36:*.ogg=00;36:*.ra=00;36:*.wav=00;36:*.oga=00;36:*.opus=00;36:*.spx=00;36:*.xspf=00;36:*~=00;90:*#=00;90:*.bak=00;90:*.crdownload=00;90:*.dpkg-dist=00;90:*.dpkg-new=00;90:*.dpkg-old=00;90:*.dpkg-tmp=00;90:*.old=00;90:*.orig=00;90:*.part=00;90:*.rej=00;90:*.rpmnew=00;90:*.rpmorig=00;90:*.rpmsave=00;90:*.swp=00;90:*.tmp=00;90:*.ucf-dist=00;90:*.ucf-new=00;90:*.ucf-old=00;90:', 'VSCODE_GIT_IPC_HANDLE': '/run/user/1000/vscode-git-3264b45195.sock', 'TERM_PROGRAM': 'vscode', 'AMENT_PREFIX_PATH': '/home/zuiken/Documents/ichosai_2026_trolley/ros2_ws/src/install/trolley_drive:/home/zuiken/Documents/ichosai_2026_trolley/ros2_ws/src/install/trolley_api:/home/zuiken/Documents/ichosai_2026_trolley/ros2_ws/src/install/trolley_interfaces:/home/zuiken/Documents/ichosai_2026_trolley/ros2_ws/src/install/trolley_cmd_mux:/home/zuiken/Documents/ichosai_2026_trolley/ros2_ws/src/install/trolley_bringup:/home/zuiken/Documents/ichosai_2026_trolley/ros2_ws/src/install/joy_teleop:/opt/ros/jazzy', 'SHELL': '/bin/bash', 'LESSCLOSE': '/usr/bin/lesspipe %s %s', 'ROS_AUTOMATIC_DISCOVERY_RANGE': 'SUBNET', 'VSCODE_GIT_ASKPASS_EXTRA_ARGS': '', 'PWD': '/home/zuiken/Documents/ichosai_2026_trolley/ros2_ws/src/build/trolley_drive', 'COPILOT_DEBUG_NONCE': '588d225576d72e8c3f0154716e9a6b5b', 'SSH_CONNECTION': '192.168.0.101 64908 192.168.0.102 22', 'XDG_DATA_DIRS': '/usr/share/gnome:/usr/local/share:/usr/share:/var/lib/snapd/desktop', 'PYTHONPATH': '/home/zuiken/Documents/ichosai_2026_trolley/ros2_ws/src/build/trolley_drive/prefix_override:/usr/lib/python3/dist-packages/colcon_core/task/python/colcon_distutils_commands:/home/zuiken/Documents/ichosai_2026_trolley/ros2_ws/src/install/trolley_drive/lib/python3.12/site-packages:/home/zuiken/Documents/ichosai_2026_trolley/ros2_ws/src/install/trolley_interfaces/lib/python3.12/site-packages:/home/zuiken/Documents/ichosai_2026_trolley/ros2_ws/src/install/trolley_drive/lib/python3.12/site-packages:/home/zuiken/Documents/ichosai_2026_trolley/ros2_ws/src/install/trolley_api/lib/python3.12/site-packages:/home/zuiken/Documents/ichosai_2026_trolley/ros2_ws/src/install/trolley_cmd_mux/lib/python3.12/site-packages:/home/zuiken/Documents/ichosai_2026_trolley/ros2_ws/src/install/trolley_bringup/lib/python3.12/site-packages:/home/zuiken/Documents/ichosai_2026_trolley/ros2_ws/src/install/joy_teleop/lib/python3.12/site-packages:/opt/ros/jazzy/lib/python3.12/site-packages', 'COLCON': '1', 'CMAKE_PREFIX_PATH': '/home/zuiken/Documents/ichosai_2026_trolley/ros2_ws/src/install/trolley_interfaces:/opt/ros/jazzy/opt/gz_math_vendor:/opt/ros/jazzy/opt/gz_utils_vendor:/opt/ros/jazzy/opt/gz_cmake_vendor'}, 'shell': False}
[4.630429] (-) TimerEvent: {}
[4.730739] (-) TimerEvent: {}
[4.831058] (-) TimerEvent: {}
[4.931354] (-) TimerEvent: {}
[4.955856] (trolley_drive) StdoutLine: {'line': b'running egg_info\n'}
[4.982599] (trolley_drive) StdoutLine: {'line': b'writing ../build/trolley_drive/trolley_drive.egg-info/PKG-INFO\n'}
[4.983022] (trolley_drive) StdoutLine: {'line': b'writing dependency_links to ../build/trolley_drive/trolley_drive.egg-info/dependency_links.txt\n'}
[4.983321] (trolley_drive) StdoutLine: {'line': b'writing entry points to ../build/trolley_drive/trolley_drive.egg-info/entry_points.txt\n'}
[4.983549] (trolley_drive) StdoutLine: {'line': b'writing requirements to ../build/trolley_drive/trolley_drive.egg-info/requires.txt\n'}
[4.983705] (trolley_drive) StdoutLine: {'line': b'writing top-level names to ../build/trolley_drive/trolley_drive.egg-info/top_level.txt\n'}
[5.031435] (-) TimerEvent: {}
[5.038333] (trolley_drive) StdoutLine: {'line': b"reading manifest file '../build/trolley_drive/trolley_drive.egg-info/SOURCES.txt'\n"}
[5.039451] (trolley_drive) StdoutLine: {'line': b"writing manifest file '../build/trolley_drive/trolley_drive.egg-info/SOURCES.txt'\n"}
[5.039691] (trolley_drive) StdoutLine: {'line': b'running build\n'}
[5.039866] (trolley_drive) StdoutLine: {'line': b'running build_py\n'}
[5.040064] (trolley_drive) StdoutLine: {'line': b'copying trolley_drive/drive_node.py -> /home/zuiken/Documents/ichosai_2026_trolley/ros2_ws/src/build/trolley_drive/build/lib/trolley_drive\n'}
[5.040561] (trolley_drive) StdoutLine: {'line': b'running install\n'}
[5.049783] (trolley_drive) StdoutLine: {'line': b'running install_lib\n'}
[5.076336] (trolley_drive) StdoutLine: {'line': b'copying /home/zuiken/Documents/ichosai_2026_trolley/ros2_ws/src/build/trolley_drive/build/lib/trolley_drive/drive_node.py -> /home/zuiken/Documents/ichosai_2026_trolley/ros2_ws/src/install/trolley_drive/lib/python3.12/site-packages/trolley_drive\n'}
[5.077408] (trolley_drive) StdoutLine: {'line': b'byte-compiling /home/zuiken/Documents/ichosai_2026_trolley/ros2_ws/src/install/trolley_drive/lib/python3.12/site-packages/trolley_drive/drive_node.py to drive_node.cpython-312.pyc\n'}
[5.079619] (trolley_drive) StdoutLine: {'line': b'running install_data\n'}
[5.079822] (trolley_drive) StdoutLine: {'line': b'running install_egg_info\n'}
[5.107819] (trolley_drive) StdoutLine: {'line': b"removing '/home/zuiken/Documents/ichosai_2026_trolley/ros2_ws/src/install/trolley_drive/lib/python3.12/site-packages/trolley_drive-0.0.0-py3.12.egg-info' (and everything under it)\n"}
[5.108314] (trolley_drive) StdoutLine: {'line': b'Copying ../build/trolley_drive/trolley_drive.egg-info to /home/zuiken/Documents/ichosai_2026_trolley/ros2_ws/src/install/trolley_drive/lib/python3.12/site-packages/trolley_drive-0.0.0-py3.12.egg-info\n'}
[5.109578] (trolley_drive) StdoutLine: {'line': b'running install_scripts\n'}
[5.131521] (-) TimerEvent: {}
[5.231803] (-) TimerEvent: {}
[5.291924] (trolley_drive) StdoutLine: {'line': b'Installing drive_node script to /home/zuiken/Documents/ichosai_2026_trolley/ros2_ws/src/install/trolley_drive/lib/trolley_drive\n'}
[5.292486] (trolley_drive) StdoutLine: {'line': b"writing list of installed files to '/home/zuiken/Documents/ichosai_2026_trolley/ros2_ws/src/build/trolley_drive/install.log'\n"}
[5.331935] (-) TimerEvent: {}
[5.364600] (trolley_drive) CommandEnded: {'returncode': 0}
[5.373992] (trolley_drive) JobEnded: {'identifier': 'trolley_drive', 'rc': 0}
[5.375280] (-) EventReactorShutdown: {}
