[0.000000] (-) TimerEvent: {}
[0.000239] (joy_teleop) JobQueued: {'identifier': 'joy_teleop', 'dependencies': OrderedDict()}
[0.000433] (trolley_bringup) JobQueued: {'identifier': 'trolley_bringup', 'dependencies': OrderedDict()}
[0.000758] (trolley_cmd_mux) JobQueued: {'identifier': 'trolley_cmd_mux', 'dependencies': OrderedDict()}
[0.000939] (trolley_interfaces) JobQueued: {'identifier': 'trolley_interfaces', 'dependencies': OrderedDict()}
[0.000973] (trolley_api) JobQueued: {'identifier': 'trolley_api', 'dependencies': OrderedDict({'trolley_interfaces': '/home/zuiken/Documents/ichosai_2026_trolley/ros2_ws/src/install/trolley_interfaces'})}
[0.001005] (trolley_drive) JobQueued: {'identifier': 'trolley_drive', 'dependencies': OrderedDict({'trolley_interfaces': '/home/zuiken/Documents/ichosai_2026_trolley/ros2_ws/src/install/trolley_interfaces'})}
[0.001029] (trolley_interfaces) JobStarted: {'identifier': 'trolley_interfaces'}
[0.009571] (joy_teleop) JobStarted: {'identifier': 'joy_teleop'}
[0.018310] (trolley_bringup) JobStarted: {'identifier': 'trolley_bringup'}
[0.026497] (trolley_cmd_mux) JobStarted: {'identifier': 'trolley_cmd_mux'}
[0.099730] (-) TimerEvent: {}
[0.200167] (-) TimerEvent: {}
[0.225236] (trolley_interfaces) JobProgress: {'identifier': 'trolley_interfaces', 'progress': 'cmake'}
[0.227633] (trolley_interfaces) JobProgress: {'identifier': 'trolley_interfaces', 'progress': 'build'}
[0.227683] (trolley_interfaces) Command: {'cmd': ['/usr/bin/cmake', '--build', '/home/zuiken/Documents/ichosai_2026_trolley/ros2_ws/src/build/trolley_interfaces', '--', '-j4', '-l4'], 'cwd': '/home/zuiken/Documents/ichosai_2026_trolley/ros2_ws/src/build/trolley_interfaces', 'env': OrderedDict({'LESSOPEN': '| /usr/bin/lesspipe %s', 'USER': 'zuiken', 'SSH_CLIENT': '192.168.0.101 64908 22', 'XDG_SESSION_TYPE': 'tty', 'GIT_ASKPASS': '/home/zuiken/.vscode-server/cli/servers/Stable-a44adf7f53e00964ab890f9f8758a334f1fc15bc/server/extensions/git/dist/askpass.sh', 'SHLVL': '1', 'LD_LIBRARY_PATH': '/home/zuiken/Documents/ichosai_2026_trolley/ros2_ws/src/install/trolley_interfaces/lib:/opt/ros/jazzy/opt/rviz_ogre_vendor/lib:/opt/ros/jazzy/lib/aarch64-linux-gnu:/opt/ros/jazzy/opt/gz_math_vendor/lib:/opt/ros/jazzy/opt/gz_utils_vendor/lib:/opt/ros/jazzy/opt/gz_cmake_vendor/lib:/opt/ros/jazzy/lib', 'BROWSER': '/home/zuiken/.vscode-server/cli/servers/Stable-a44adf7f53e00964ab890f9f8758a334f1fc15bc/server/bin/helpers/browser.sh', 'HOME': '/home/zuiken', 'OLDPWD': '/home/zuiken/Documents/ichosai_2026_trolley/ros2_ws', 'TERM_PROGRAM_VERSION': '1.136.1', 'VSCODE_IPC_HOOK_CLI': '/run/user/1000/vscode-ipc-3bc5735e-987f-45d0-96d5-b09f81b4b655.sock', 'ROS_PYTHON_VERSION': '3', 'VSCODE_GIT_ASKPASS_MAIN': '/home/zuiken/.vscode-server/cli/servers/Stable-a44adf7f53e00964ab890f9f8758a334f1fc15bc/server/extensions/git/dist/askpass-main.js', 'VSCODE_GIT_ASKPASS_NODE': '/home/zuiken/.vscode-server/cli/servers/Stable-a44adf7f53e00964ab890f9f8758a334f1fc15bc/server/node', 'VSCODE_PYTHON_AUTOACTIVATE_GUARD': '1', 'DBUS_SESSION_BUS_ADDRESS': 'unix:path=/run/user/1000/bus', 'COLORTERM': 'truecolor', 'DEBUGINFOD_URLS': 'https://debuginfod.ubuntu.com', 'COLCON_PREFIX_PATH': '/home/zuiken/Documents/ichosai_2026_trolley/ros2_ws/src/install', 'ROS_DISTRO': 'jazzy', 'LOGNAME': 'zuiken', '_': '/usr/bin/colcon', 'ROS_VERSION': '2', 'XDG_SESSION_CLASS': 'user', 'TERM': 'xterm-256color', 'XDG_SESSION_ID': '58', 'PATH': '/home/zuiken/.vscode-server/data/User/globalStorage/github.copilot-chat/debugCommand:/home/zuiken/.vscode-server/data/User/globalStorage/github.copilot-chat/copilotCli:/home/zuiken/.vscode-server/cli/servers/Stable-a44adf7f53e00964ab890f9f8758a334f1fc15bc/server/bin/remote-cli:/home/zuiken/.local/bin:/opt/ros/jazzy/bin:/usr/local/sbin:/usr/local/bin:/usr/sbin:/usr/bin:/sbin:/bin:/usr/games:/usr/local/games:/snap/bin', 'XDG_RUNTIME_DIR': '/run/user/1000', 'LANG': 'C.UTF-8', 'LS_COLORS': 'rs=0:di=01;34:ln=01;36:mh=00:pi=40;33:so=01;35:do=01;35:bd=40;33;01:cd=40;33;01:or=40;31;01:mi=00:su=37;41:sg=30;43:ca=00:tw=30;42:ow=34;42:st=37;44:ex=01;32:*.tar=01;31:*.tgz=01;31:*.arc=01;31:*.arj=01;31:*.taz=01;31:*.lha=01;31:*.lz4=01;31:*.lzh=01;31:*.lzma=01;31:*.tlz=01;31:*.txz=01;31:*.tzo=01;31:*.t7z=01;31:*.zip=01;31:*.z=01;31:*.dz=01;31:*.gz=01;31:*.lrz=01;31:*.lz=01;31:*.lzo=01;31:*.xz=01;31:*.zst=01;31:*.tzst=01;31:*.bz2=01;31:*.bz=01;31:*.tbz=01;31:*.tbz2=01;31:*.tz=01;31:*.deb=01;31:*.rpm=01;31:*.jar=01;31:*.war=01;31:*.ear=01;31:*.sar=01;31:*.rar=01;31:*.alz=01;31:*.ace=01;31:*.zoo=01;31:*.cpio=01;31:*.7z=01;31:*.rz=01;31:*.cab=01;31:*.wim=01;31:*.swm=01;31:*.dwm=01;31:*.esd=01;31:*.avif=01;35:*.jpg=01;35:*.jpeg=01;35:*.mjpg=01;35:*.mjpeg=01;35:*.gif=01;35:*.bmp=01;35:*.pbm=01;35:*.pgm=01;35:*.ppm=01;35:*.tga=01;35:*.xbm=01;35:*.xpm=01;35:*.tif=01;35:*.tiff=01;35:*.png=01;35:*.svg=01;35:*.svgz=01;35:*.mng=01;35:*.pcx=01;35:*.mov=01;35:*.mpg=01;35:*.mpeg=01;35:*.m2v=01;35:*.mkv=01;35:*.webm=01;35:*.webp=01;35:*.ogm=01;35:*.mp4=01;35:*.m4v=01;35:*.mp4v=01;35:*.vob=01;35:*.qt=01;35:*.nuv=01;35:*.wmv=01;35:*.asf=01;35:*.rm=01;35:*.rmvb=01;35:*.flc=01;35:*.avi=01;35:*.fli=01;35:*.flv=01;35:*.gl=01;35:*.dl=01;35:*.xcf=01;35:*.xwd=01;35:*.yuv=01;35:*.cgm=01;35:*.emf=01;35:*.ogv=01;35:*.ogx=01;35:*.aac=00;36:*.au=00;36:*.flac=00;36:*.m4a=00;36:*.mid=00;36:*.midi=00;36:*.mka=00;36:*.mp3=00;36:*.mpc=00;36:*.ogg=00;36:*.ra=00;36:*.wav=00;36:*.oga=00;36:*.opus=00;36:*.spx=00;36:*.xspf=00;36:*~=00;90:*#=00;90:*.bak=00;90:*.crdownload=00;90:*.dpkg-dist=00;90:*.dpkg-new=00;90:*.dpkg-old=00;90:*.dpkg-tmp=00;90:*.old=00;90:*.orig=00;90:*.part=00;90:*.rej=00;90:*.rpmnew=00;90:*.rpmorig=00;90:*.rpmsave=00;90:*.swp=00;90:*.tmp=00;90:*.ucf-dist=00;90:*.ucf-new=00;90:*.ucf-old=00;90:', 'VSCODE_GIT_IPC_HANDLE': '/run/user/1000/vscode-git-3264b45195.sock', 'TERM_PROGRAM': 'vscode', 'AMENT_PREFIX_PATH': '/home/zuiken/Documents/ichosai_2026_trolley/ros2_ws/src/install/trolley_drive:/home/zuiken/Documents/ichosai_2026_trolley/ros2_ws/src/install/trolley_api:/home/zuiken/Documents/ichosai_2026_trolley/ros2_ws/src/install/trolley_interfaces:/home/zuiken/Documents/ichosai_2026_trolley/ros2_ws/src/install/trolley_cmd_mux:/home/zuiken/Documents/ichosai_2026_trolley/ros2_ws/src/install/trolley_bringup:/home/zuiken/Documents/ichosai_2026_trolley/ros2_ws/src/install/joy_teleop:/opt/ros/jazzy', 'SHELL': '/bin/bash', 'LESSCLOSE': '/usr/bin/lesspipe %s %s', 'ROS_AUTOMATIC_DISCOVERY_RANGE': 'SUBNET', 'VSCODE_GIT_ASKPASS_EXTRA_ARGS': '', 'PWD': '/home/zuiken/Documents/ichosai_2026_trolley/ros2_ws/src/build/trolley_interfaces', 'COPILOT_DEBUG_NONCE': '588d225576d72e8c3f0154716e9a6b5b', 'SSH_CONNECTION': '192.168.0.101 64908 192.168.0.102 22', 'XDG_DATA_DIRS': '/usr/share/gnome:/usr/local/share:/usr/share:/var/lib/snapd/desktop', 'PYTHONPATH': '/home/zuiken/Documents/ichosai_2026_trolley/ros2_ws/src/install/trolley_drive/lib/python3.12/site-packages:/home/zuiken/Documents/ichosai_2026_trolley/ros2_ws/src/install/trolley_api/lib/python3.12/site-packages:/home/zuiken/Documents/ichosai_2026_trolley/ros2_ws/src/install/trolley_interfaces/lib/python3.12/site-packages:/home/zuiken/Documents/ichosai_2026_trolley/ros2_ws/src/install/trolley_cmd_mux/lib/python3.12/site-packages:/home/zuiken/Documents/ichosai_2026_trolley/ros2_ws/src/install/trolley_bringup/lib/python3.12/site-packages:/home/zuiken/Documents/ichosai_2026_trolley/ros2_ws/src/install/joy_teleop/lib/python3.12/site-packages:/opt/ros/jazzy/lib/python3.12/site-packages', 'COLCON': '1', 'CMAKE_PREFIX_PATH': '/home/zuiken/Documents/ichosai_2026_trolley/ros2_ws/src/install/trolley_interfaces:/opt/ros/jazzy/opt/gz_math_vendor:/opt/ros/jazzy/opt/gz_utils_vendor:/opt/ros/jazzy/opt/gz_cmake_vendor:/home/zuiken/Documents/ichosai_2026_trolley/ros2_ws/src/install/trolley_drive:/home/zuiken/Documents/ichosai_2026_trolley/ros2_ws/src/install/trolley_api:/home/zuiken/Documents/ichosai_2026_trolley/ros2_ws/src/install/trolley_cmd_mux:/home/zuiken/Documents/ichosai_2026_trolley/ros2_ws/src/install/trolley_bringup:/home/zuiken/Documents/ichosai_2026_trolley/ros2_ws/src/install/joy_teleop:/opt/ros/jazzy'}), 'shell': False}
[0.300997] (-) TimerEvent: {}
[0.405900] (-) TimerEvent: {}
[0.506345] (-) TimerEvent: {}
[0.606827] (-) TimerEvent: {}
[0.707336] (-) TimerEvent: {}
[0.807712] (-) TimerEvent: {}
[0.908061] (-) TimerEvent: {}
[1.008495] (-) TimerEvent: {}
[1.108911] (-) TimerEvent: {}
[1.634090] (-) TimerEvent: {}
[1.734483] (-) TimerEvent: {}
[1.834831] (-) TimerEvent: {}
[1.935379] (-) TimerEvent: {}
[2.035988] (-) TimerEvent: {}
[2.136409] (-) TimerEvent: {}
[2.236862] (-) TimerEvent: {}
[2.337290] (-) TimerEvent: {}
[2.437726] (-) TimerEvent: {}
[2.538141] (-) TimerEvent: {}
[2.638569] (-) TimerEvent: {}
[2.699822] (trolley_interfaces) StdoutLine: {'line': b'[  2%] Built target trolley_interfaces__rosidl_generator_type_description\n'}
[2.700814] (trolley_interfaces) StdoutLine: {'line': b'[  4%] Built target trolley_interfaces__rs\n'}
[2.701407] (trolley_interfaces) StdoutLine: {'line': b'[  4%] Built target ament_cmake_python_copy_trolley_interfaces\n'}
[2.701901] (trolley_interfaces) StdoutLine: {'line': b'[  6%] Built target trolley_interfaces__cpp\n'}
[2.702858] (trolley_interfaces) StdoutLine: {'line': b'[ 24%] Built target trolley_interfaces__rosidl_generator_c\n'}
[2.703141] (trolley_interfaces) StdoutLine: {'line': b'[ 33%] Built target trolley_interfaces__rosidl_typesupport_fastrtps_cpp\n'}
[2.703441] (trolley_interfaces) StdoutLine: {'line': b'[ 42%] Built target trolley_interfaces__rosidl_typesupport_cpp\n'}
[2.704203] (trolley_interfaces) StdoutLine: {'line': b'[ 51%] Built target trolley_interfaces__rosidl_typesupport_introspection_cpp\n'}
[2.704369] (trolley_interfaces) StdoutLine: {'line': b'[ 60%] Built target trolley_interfaces__rosidl_typesupport_introspection_c\n'}
[2.704632] (trolley_interfaces) StdoutLine: {'line': b'[ 68%] Built target trolley_interfaces__rosidl_typesupport_fastrtps_c\n'}
[2.704947] (trolley_interfaces) StdoutLine: {'line': b'[ 77%] Built target trolley_interfaces__rosidl_typesupport_c\n'}
[2.705108] (trolley_interfaces) StdoutLine: {'line': b'[ 77%] Built target trolley_interfaces\n'}
[2.705249] (trolley_interfaces) StdoutLine: {'line': b'[ 80%] Built target trolley_interfaces__py\n'}
[2.705395] (trolley_interfaces) StdoutLine: {'line': b'[ 86%] Built target trolley_interfaces__rosidl_generator_py\n'}
[2.705665] (trolley_interfaces) StdoutLine: {'line': b'[ 91%] Built target trolley_interfaces_s__rosidl_typesupport_c\n'}
[2.705844] (trolley_interfaces) StdoutLine: {'line': b'[ 97%] Built target trolley_interfaces_s__rosidl_typesupport_introspection_c\n'}
[2.706003] (trolley_interfaces) StdoutLine: {'line': b'[100%] Built target trolley_interfaces_s__rosidl_typesupport_fastrtps_c\n'}
[2.706158] (trolley_interfaces) StdoutLine: {'line': b'running egg_info\n'}
[2.706304] (trolley_interfaces) StdoutLine: {'line': b'writing trolley_interfaces.egg-info/PKG-INFO\n'}
[2.706450] (trolley_interfaces) StdoutLine: {'line': b'writing dependency_links to trolley_interfaces.egg-info/dependency_links.txt\n'}
[2.706670] (trolley_interfaces) StdoutLine: {'line': b'writing top-level names to trolley_interfaces.egg-info/top_level.txt\n'}
[2.706823] (trolley_interfaces) StdoutLine: {'line': b"reading manifest file 'trolley_interfaces.egg-info/SOURCES.txt'\n"}
[2.707060] (trolley_interfaces) StdoutLine: {'line': b"writing manifest file 'trolley_interfaces.egg-info/SOURCES.txt'\n"}
[2.707225] (trolley_interfaces) StdoutLine: {'line': b'[100%] Built target ament_cmake_python_build_trolley_interfaces_egg\n'}
[2.707377] (trolley_interfaces) CommandEnded: {'returncode': 0}
[2.707857] (trolley_interfaces) JobProgress: {'identifier': 'trolley_interfaces', 'progress': 'install'}
[2.722536] (trolley_interfaces) Command: {'cmd': ['/usr/bin/cmake', '--install', '/home/zuiken/Documents/ichosai_2026_trolley/ros2_ws/src/build/trolley_interfaces'], 'cwd': '/home/zuiken/Documents/ichosai_2026_trolley/ros2_ws/src/build/trolley_interfaces', 'env': OrderedDict({'LESSOPEN': '| /usr/bin/lesspipe %s', 'USER': 'zuiken', 'SSH_CLIENT': '192.168.0.101 64908 22', 'XDG_SESSION_TYPE': 'tty', 'GIT_ASKPASS': '/home/zuiken/.vscode-server/cli/servers/Stable-a44adf7f53e00964ab890f9f8758a334f1fc15bc/server/extensions/git/dist/askpass.sh', 'SHLVL': '1', 'LD_LIBRARY_PATH': '/home/zuiken/Documents/ichosai_2026_trolley/ros2_ws/src/install/trolley_interfaces/lib:/opt/ros/jazzy/opt/rviz_ogre_vendor/lib:/opt/ros/jazzy/lib/aarch64-linux-gnu:/opt/ros/jazzy/opt/gz_math_vendor/lib:/opt/ros/jazzy/opt/gz_utils_vendor/lib:/opt/ros/jazzy/opt/gz_cmake_vendor/lib:/opt/ros/jazzy/lib', 'BROWSER': '/home/zuiken/.vscode-server/cli/servers/Stable-a44adf7f53e00964ab890f9f8758a334f1fc15bc/server/bin/helpers/browser.sh', 'HOME': '/home/zuiken', 'OLDPWD': '/home/zuiken/Documents/ichosai_2026_trolley/ros2_ws', 'TERM_PROGRAM_VERSION': '1.136.1', 'VSCODE_IPC_HOOK_CLI': '/run/user/1000/vscode-ipc-3bc5735e-987f-45d0-96d5-b09f81b4b655.sock', 'ROS_PYTHON_VERSION': '3', 'VSCODE_GIT_ASKPASS_MAIN': '/home/zuiken/.vscode-server/cli/servers/Stable-a44adf7f53e00964ab890f9f8758a334f1fc15bc/server/extensions/git/dist/askpass-main.js', 'VSCODE_GIT_ASKPASS_NODE': '/home/zuiken/.vscode-server/cli/servers/Stable-a44adf7f53e00964ab890f9f8758a334f1fc15bc/server/node', 'VSCODE_PYTHON_AUTOACTIVATE_GUARD': '1', 'DBUS_SESSION_BUS_ADDRESS': 'unix:path=/run/user/1000/bus', 'COLORTERM': 'truecolor', 'DEBUGINFOD_URLS': 'https://debuginfod.ubuntu.com', 'COLCON_PREFIX_PATH': '/home/zuiken/Documents/ichosai_2026_trolley/ros2_ws/src/install', 'ROS_DISTRO': 'jazzy', 'LOGNAME': 'zuiken', '_': '/usr/bin/colcon', 'ROS_VERSION': '2', 'XDG_SESSION_CLASS': 'user', 'TERM': 'xterm-256color', 'XDG_SESSION_ID': '58', 'PATH': '/home/zuiken/.vscode-server/data/User/globalStorage/github.copilot-chat/debugCommand:/home/zuiken/.vscode-server/data/User/globalStorage/github.copilot-chat/copilotCli:/home/zuiken/.vscode-server/cli/servers/Stable-a44adf7f53e00964ab890f9f8758a334f1fc15bc/server/bin/remote-cli:/home/zuiken/.local/bin:/opt/ros/jazzy/bin:/usr/local/sbin:/usr/local/bin:/usr/sbin:/usr/bin:/sbin:/bin:/usr/games:/usr/local/games:/snap/bin', 'XDG_RUNTIME_DIR': '/run/user/1000', 'LANG': 'C.UTF-8', 'LS_COLORS': 'rs=0:di=01;34:ln=01;36:mh=00:pi=40;33:so=01;35:do=01;35:bd=40;33;01:cd=40;33;01:or=40;31;01:mi=00:su=37;41:sg=30;43:ca=00:tw=30;42:ow=34;42:st=37;44:ex=01;32:*.tar=01;31:*.tgz=01;31:*.arc=01;31:*.arj=01;31:*.taz=01;31:*.lha=01;31:*.lz4=01;31:*.lzh=01;31:*.lzma=01;31:*.tlz=01;31:*.txz=01;31:*.tzo=01;31:*.t7z=01;31:*.zip=01;31:*.z=01;31:*.dz=01;31:*.gz=01;31:*.lrz=01;31:*.lz=01;31:*.lzo=01;31:*.xz=01;31:*.zst=01;31:*.tzst=01;31:*.bz2=01;31:*.bz=01;31:*.tbz=01;31:*.tbz2=01;31:*.tz=01;31:*.deb=01;31:*.rpm=01;31:*.jar=01;31:*.war=01;31:*.ear=01;31:*.sar=01;31:*.rar=01;31:*.alz=01;31:*.ace=01;31:*.zoo=01;31:*.cpio=01;31:*.7z=01;31:*.rz=01;31:*.cab=01;31:*.wim=01;31:*.swm=01;31:*.dwm=01;31:*.esd=01;31:*.avif=01;35:*.jpg=01;35:*.jpeg=01;35:*.mjpg=01;35:*.mjpeg=01;35:*.gif=01;35:*.bmp=01;35:*.pbm=01;35:*.pgm=01;35:*.ppm=01;35:*.tga=01;35:*.xbm=01;35:*.xpm=01;35:*.tif=01;35:*.tiff=01;35:*.png=01;35:*.svg=01;35:*.svgz=01;35:*.mng=01;35:*.pcx=01;35:*.mov=01;35:*.mpg=01;35:*.mpeg=01;35:*.m2v=01;35:*.mkv=01;35:*.webm=01;35:*.webp=01;35:*.ogm=01;35:*.mp4=01;35:*.m4v=01;35:*.mp4v=01;35:*.vob=01;35:*.qt=01;35:*.nuv=01;35:*.wmv=01;35:*.asf=01;35:*.rm=01;35:*.rmvb=01;35:*.flc=01;35:*.avi=01;35:*.fli=01;35:*.flv=01;35:*.gl=01;35:*.dl=01;35:*.xcf=01;35:*.xwd=01;35:*.yuv=01;35:*.cgm=01;35:*.emf=01;35:*.ogv=01;35:*.ogx=01;35:*.aac=00;36:*.au=00;36:*.flac=00;36:*.m4a=00;36:*.mid=00;36:*.midi=00;36:*.mka=00;36:*.mp3=00;36:*.mpc=00;36:*.ogg=00;36:*.ra=00;36:*.wav=00;36:*.oga=00;36:*.opus=00;36:*.spx=00;36:*.xspf=00;36:*~=00;90:*#=00;90:*.bak=00;90:*.crdownload=00;90:*.dpkg-dist=00;90:*.dpkg-new=00;90:*.dpkg-old=00;90:*.dpkg-tmp=00;90:*.old=00;90:*.orig=00;90:*.part=00;90:*.rej=00;90:*.rpmnew=00;90:*.rpmorig=00;90:*.rpmsave=00;90:*.swp=00;90:*.tmp=00;90:*.ucf-dist=00;90:*.ucf-new=00;90:*.ucf-old=00;90:', 'VSCODE_GIT_IPC_HANDLE': '/run/user/1000/vscode-git-3264b45195.sock', 'TERM_PROGRAM': 'vscode', 'AMENT_PREFIX_PATH': '/home/zuiken/Documents/ichosai_2026_trolley/ros2_ws/src/install/trolley_drive:/home/zuiken/Documents/ichosai_2026_trolley/ros2_ws/src/install/trolley_api:/home/zuiken/Documents/ichosai_2026_trolley/ros2_ws/src/install/trolley_interfaces:/home/zuiken/Documents/ichosai_2026_trolley/ros2_ws/src/install/trolley_cmd_mux:/home/zuiken/Documents/ichosai_2026_trolley/ros2_ws/src/install/trolley_bringup:/home/zuiken/Documents/ichosai_2026_trolley/ros2_ws/src/install/joy_teleop:/opt/ros/jazzy', 'SHELL': '/bin/bash', 'LESSCLOSE': '/usr/bin/lesspipe %s %s', 'ROS_AUTOMATIC_DISCOVERY_RANGE': 'SUBNET', 'VSCODE_GIT_ASKPASS_EXTRA_ARGS': '', 'PWD': '/home/zuiken/Documents/ichosai_2026_trolley/ros2_ws/src/build/trolley_interfaces', 'COPILOT_DEBUG_NONCE': '588d225576d72e8c3f0154716e9a6b5b', 'SSH_CONNECTION': '192.168.0.101 64908 192.168.0.102 22', 'XDG_DATA_DIRS': '/usr/share/gnome:/usr/local/share:/usr/share:/var/lib/snapd/desktop', 'PYTHONPATH': '/home/zuiken/Documents/ichosai_2026_trolley/ros2_ws/src/install/trolley_drive/lib/python3.12/site-packages:/home/zuiken/Documents/ichosai_2026_trolley/ros2_ws/src/install/trolley_api/lib/python3.12/site-packages:/home/zuiken/Documents/ichosai_2026_trolley/ros2_ws/src/install/trolley_interfaces/lib/python3.12/site-packages:/home/zuiken/Documents/ichosai_2026_trolley/ros2_ws/src/install/trolley_cmd_mux/lib/python3.12/site-packages:/home/zuiken/Documents/ichosai_2026_trolley/ros2_ws/src/install/trolley_bringup/lib/python3.12/site-packages:/home/zuiken/Documents/ichosai_2026_trolley/ros2_ws/src/install/joy_teleop/lib/python3.12/site-packages:/opt/ros/jazzy/lib/python3.12/site-packages', 'COLCON': '1', 'CMAKE_PREFIX_PATH': '/home/zuiken/Documents/ichosai_2026_trolley/ros2_ws/src/install/trolley_interfaces:/opt/ros/jazzy/opt/gz_math_vendor:/opt/ros/jazzy/opt/gz_utils_vendor:/opt/ros/jazzy/opt/gz_cmake_vendor:/home/zuiken/Documents/ichosai_2026_trolley/ros2_ws/src/install/trolley_drive:/home/zuiken/Documents/ichosai_2026_trolley/ros2_ws/src/install/trolley_api:/home/zuiken/Documents/ichosai_2026_trolley/ros2_ws/src/install/trolley_cmd_mux:/home/zuiken/Documents/ichosai_2026_trolley/ros2_ws/src/install/trolley_bringup:/home/zuiken/Documents/ichosai_2026_trolley/ros2_ws/src/install/joy_teleop:/opt/ros/jazzy'}), 'shell': False}
[2.738676] (-) TimerEvent: {}
[2.839121] (-) TimerEvent: {}
[2.939509] (-) TimerEvent: {}
[3.039917] (-) TimerEvent: {}
[3.140452] (-) TimerEvent: {}
[3.240908] (-) TimerEvent: {}
[3.295325] (trolley_interfaces) StdoutLine: {'line': b'-- Install configuration: ""\n'}
[3.295701] (trolley_interfaces) StdoutLine: {'line': b'-- Up-to-date: /home/zuiken/Documents/ichosai_2026_trolley/ros2_ws/src/install/trolley_interfaces/share/ament_index/resource_index/rosidl_interfaces/trolley_interfaces\n'}
[3.295886] (trolley_interfaces) StdoutLine: {'line': b'-- Up-to-date: /home/zuiken/Documents/ichosai_2026_trolley/ros2_ws/src/install/trolley_interfaces/share/trolley_interfaces/srv/SetDriveEnabled.json\n'}
[3.296076] (trolley_interfaces) StdoutLine: {'line': b'-- Up-to-date: /home/zuiken/Documents/ichosai_2026_trolley/ros2_ws/src/install/trolley_interfaces/share/trolley_interfaces/srv/SetDriveMode.json\n'}
[3.296256] (trolley_interfaces) StdoutLine: {'line': b'-- Up-to-date: /home/zuiken/Documents/ichosai_2026_trolley/ros2_ws/src/install/trolley_interfaces/include/trolley_interfaces/trolley_interfaces\n'}
[3.296418] (trolley_interfaces) StdoutLine: {'line': b'-- Up-to-date: /home/zuiken/Documents/ichosai_2026_trolley/ros2_ws/src/install/trolley_interfaces/include/trolley_interfaces/trolley_interfaces/msg\n'}
[3.296606] (trolley_interfaces) StdoutLine: {'line': b'-- Up-to-date: /home/zuiken/Documents/ichosai_2026_trolley/ros2_ws/src/install/trolley_interfaces/include/trolley_interfaces/trolley_interfaces/msg/rosidl_generator_c__visibility_control.h\n'}
[3.296782] (trolley_interfaces) StdoutLine: {'line': b'-- Up-to-date: /home/zuiken/Documents/ichosai_2026_trolley/ros2_ws/src/install/trolley_interfaces/include/trolley_interfaces/trolley_interfaces/srv\n'}
[3.296965] (trolley_interfaces) StdoutLine: {'line': b'-- Up-to-date: /home/zuiken/Documents/ichosai_2026_trolley/ros2_ws/src/install/trolley_interfaces/include/trolley_interfaces/trolley_interfaces/srv/detail\n'}
[3.297142] (trolley_interfaces) StdoutLine: {'line': b'-- Up-to-date: /home/zuiken/Documents/ichosai_2026_trolley/ros2_ws/src/install/trolley_interfaces/include/trolley_interfaces/trolley_interfaces/srv/detail/set_drive_mode__struct.h\n'}
[3.297360] (trolley_interfaces) StdoutLine: {'line': b'-- Up-to-date: /home/zuiken/Documents/ichosai_2026_trolley/ros2_ws/src/install/trolley_interfaces/include/trolley_interfaces/trolley_interfaces/srv/detail/set_drive_enabled__struct.h\n'}
[3.298607] (trolley_interfaces) StdoutLine: {'line': b'-- Up-to-date: /home/zuiken/Documents/ichosai_2026_trolley/ros2_ws/src/install/trolley_interfaces/include/trolley_interfaces/trolley_interfaces/srv/detail/set_drive_enabled__description.c\n'}
[3.298928] (trolley_interfaces) StdoutLine: {'line': b'-- Up-to-date: /home/zuiken/Documents/ichosai_2026_trolley/ros2_ws/src/install/trolley_interfaces/include/trolley_interfaces/trolley_interfaces/srv/detail/set_drive_mode__description.c\n'}
[3.299118] (trolley_interfaces) StdoutLine: {'line': b'-- Up-to-date: /home/zuiken/Documents/ichosai_2026_trolley/ros2_ws/src/install/trolley_interfaces/include/trolley_interfaces/trolley_interfaces/srv/detail/set_drive_mode__functions.h\n'}
[3.299290] (trolley_interfaces) StdoutLine: {'line': b'-- Up-to-date: /home/zuiken/Documents/ichosai_2026_trolley/ros2_ws/src/install/trolley_interfaces/include/trolley_interfaces/trolley_interfaces/srv/detail/set_drive_enabled__type_support.h\n'}
[3.299467] (trolley_interfaces) StdoutLine: {'line': b'-- Up-to-date: /home/zuiken/Documents/ichosai_2026_trolley/ros2_ws/src/install/trolley_interfaces/include/trolley_interfaces/trolley_interfaces/srv/detail/set_drive_enabled__functions.h\n'}
[3.299659] (trolley_interfaces) StdoutLine: {'line': b'-- Up-to-date: /home/zuiken/Documents/ichosai_2026_trolley/ros2_ws/src/install/trolley_interfaces/include/trolley_interfaces/trolley_interfaces/srv/detail/set_drive_mode__functions.c\n'}
[3.299862] (trolley_interfaces) StdoutLine: {'line': b'-- Installing: /home/zuiken/Documents/ichosai_2026_trolley/ros2_ws/src/install/trolley_interfaces/include/trolley_interfaces/trolley_interfaces/srv/detail/set_drive_mode__type_support.c\n'}
[3.300023] (trolley_interfaces) StdoutLine: {'line': b'-- Installing: /home/zuiken/Documents/ichosai_2026_trolley/ros2_ws/src/install/trolley_interfaces/include/trolley_interfaces/trolley_interfaces/srv/detail/set_drive_enabled__type_support.c\n'}
[3.300165] (trolley_interfaces) StdoutLine: {'line': b'-- Up-to-date: /home/zuiken/Documents/ichosai_2026_trolley/ros2_ws/src/install/trolley_interfaces/include/trolley_interfaces/trolley_interfaces/srv/detail/set_drive_enabled__functions.c\n'}
[3.300310] (trolley_interfaces) StdoutLine: {'line': b'-- Up-to-date: /home/zuiken/Documents/ichosai_2026_trolley/ros2_ws/src/install/trolley_interfaces/include/trolley_interfaces/trolley_interfaces/srv/detail/set_drive_mode__type_support.h\n'}
[3.300452] (trolley_interfaces) StdoutLine: {'line': b'-- Up-to-date: /home/zuiken/Documents/ichosai_2026_trolley/ros2_ws/src/install/trolley_interfaces/include/trolley_interfaces/trolley_interfaces/srv/set_drive_mode.h\n'}
[3.300644] (trolley_interfaces) StdoutLine: {'line': b'-- Up-to-date: /home/zuiken/Documents/ichosai_2026_trolley/ros2_ws/src/install/trolley_interfaces/include/trolley_interfaces/trolley_interfaces/srv/set_drive_enabled.h\n'}
[3.300802] (trolley_interfaces) StdoutLine: {'line': b'-- Up-to-date: /home/zuiken/Documents/ichosai_2026_trolley/ros2_ws/src/install/trolley_interfaces/share/trolley_interfaces/environment/library_path.sh\n'}
[3.300944] (trolley_interfaces) StdoutLine: {'line': b'-- Up-to-date: /home/zuiken/Documents/ichosai_2026_trolley/ros2_ws/src/install/trolley_interfaces/share/trolley_interfaces/environment/library_path.dsv\n'}
[3.301081] (trolley_interfaces) StdoutLine: {'line': b'-- Up-to-date: /home/zuiken/Documents/ichosai_2026_trolley/ros2_ws/src/install/trolley_interfaces/lib/libtrolley_interfaces__rosidl_generator_c.so\n'}
[3.301254] (trolley_interfaces) StdoutLine: {'line': b'-- Up-to-date: /home/zuiken/Documents/ichosai_2026_trolley/ros2_ws/src/install/trolley_interfaces/include/trolley_interfaces/trolley_interfaces\n'}
[3.301434] (trolley_interfaces) StdoutLine: {'line': b'-- Up-to-date: /home/zuiken/Documents/ichosai_2026_trolley/ros2_ws/src/install/trolley_interfaces/include/trolley_interfaces/trolley_interfaces/msg\n'}
[3.301621] (trolley_interfaces) StdoutLine: {'line': b'-- Up-to-date: /home/zuiken/Documents/ichosai_2026_trolley/ros2_ws/src/install/trolley_interfaces/include/trolley_interfaces/trolley_interfaces/msg/rosidl_typesupport_fastrtps_c__visibility_control.h\n'}
[3.301779] (trolley_interfaces) StdoutLine: {'line': b'-- Up-to-date: /home/zuiken/Documents/ichosai_2026_trolley/ros2_ws/src/install/trolley_interfaces/include/trolley_interfaces/trolley_interfaces/srv\n'}
[3.301922] (trolley_interfaces) StdoutLine: {'line': b'-- Up-to-date: /home/zuiken/Documents/ichosai_2026_trolley/ros2_ws/src/install/trolley_interfaces/include/trolley_interfaces/trolley_interfaces/srv/detail\n'}
[3.302081] (trolley_interfaces) StdoutLine: {'line': b'-- Up-to-date: /home/zuiken/Documents/ichosai_2026_trolley/ros2_ws/src/install/trolley_interfaces/include/trolley_interfaces/trolley_interfaces/srv/detail/set_drive_enabled__rosidl_typesupport_fastrtps_c.h\n'}
[3.302235] (trolley_interfaces) StdoutLine: {'line': b'-- Up-to-date: /home/zuiken/Documents/ichosai_2026_trolley/ros2_ws/src/install/trolley_interfaces/include/trolley_interfaces/trolley_interfaces/srv/detail/set_drive_mode__rosidl_typesupport_fastrtps_c.h\n'}
[3.302389] (trolley_interfaces) StdoutLine: {'line': b'-- Up-to-date: /home/zuiken/Documents/ichosai_2026_trolley/ros2_ws/src/install/trolley_interfaces/lib/libtrolley_interfaces__rosidl_typesupport_fastrtps_c.so\n'}
[3.302567] (trolley_interfaces) StdoutLine: {'line': b'-- Up-to-date: /home/zuiken/Documents/ichosai_2026_trolley/ros2_ws/src/install/trolley_interfaces/include/trolley_interfaces/trolley_interfaces\n'}
[3.302733] (trolley_interfaces) StdoutLine: {'line': b'-- Up-to-date: /home/zuiken/Documents/ichosai_2026_trolley/ros2_ws/src/install/trolley_interfaces/include/trolley_interfaces/trolley_interfaces/msg\n'}
[3.302890] (trolley_interfaces) StdoutLine: {'line': b'-- Up-to-date: /home/zuiken/Documents/ichosai_2026_trolley/ros2_ws/src/install/trolley_interfaces/include/trolley_interfaces/trolley_interfaces/msg/rosidl_typesupport_introspection_c__visibility_control.h\n'}
[3.303045] (trolley_interfaces) StdoutLine: {'line': b'-- Up-to-date: /home/zuiken/Documents/ichosai_2026_trolley/ros2_ws/src/install/trolley_interfaces/include/trolley_interfaces/trolley_interfaces/srv\n'}
[3.303186] (trolley_interfaces) StdoutLine: {'line': b'-- Up-to-date: /home/zuiken/Documents/ichosai_2026_trolley/ros2_ws/src/install/trolley_interfaces/include/trolley_interfaces/trolley_interfaces/srv/detail\n'}
[3.303342] (trolley_interfaces) StdoutLine: {'line': b'-- Up-to-date: /home/zuiken/Documents/ichosai_2026_trolley/ros2_ws/src/install/trolley_interfaces/include/trolley_interfaces/trolley_interfaces/srv/detail/set_drive_enabled__rosidl_typesupport_introspection_c.h\n'}
[3.303517] (trolley_interfaces) StdoutLine: {'line': b'-- Up-to-date: /home/zuiken/Documents/ichosai_2026_trolley/ros2_ws/src/install/trolley_interfaces/include/trolley_interfaces/trolley_interfaces/srv/detail/set_drive_mode__rosidl_typesupport_introspection_c.h\n'}
[3.303714] (trolley_interfaces) StdoutLine: {'line': b'-- Installing: /home/zuiken/Documents/ichosai_2026_trolley/ros2_ws/src/install/trolley_interfaces/include/trolley_interfaces/trolley_interfaces/srv/detail/set_drive_mode__type_support.c\n'}
[3.303847] (trolley_interfaces) StdoutLine: {'line': b'-- Installing: /home/zuiken/Documents/ichosai_2026_trolley/ros2_ws/src/install/trolley_interfaces/include/trolley_interfaces/trolley_interfaces/srv/detail/set_drive_enabled__type_support.c\n'}
[3.303950] (trolley_interfaces) StdoutLine: {'line': b'-- Up-to-date: /home/zuiken/Documents/ichosai_2026_trolley/ros2_ws/src/install/trolley_interfaces/lib/libtrolley_interfaces__rosidl_typesupport_introspection_c.so\n'}
[3.304055] (trolley_interfaces) StdoutLine: {'line': b'-- Up-to-date: /home/zuiken/Documents/ichosai_2026_trolley/ros2_ws/src/install/trolley_interfaces/lib/libtrolley_interfaces__rosidl_typesupport_c.so\n'}
[3.304161] (trolley_interfaces) StdoutLine: {'line': b'-- Up-to-date: /home/zuiken/Documents/ichosai_2026_trolley/ros2_ws/src/install/trolley_interfaces/include/trolley_interfaces/trolley_interfaces\n'}
[3.304259] (trolley_interfaces) StdoutLine: {'line': b'-- Up-to-date: /home/zuiken/Documents/ichosai_2026_trolley/ros2_ws/src/install/trolley_interfaces/include/trolley_interfaces/trolley_interfaces/msg\n'}
[3.304359] (trolley_interfaces) StdoutLine: {'line': b'-- Up-to-date: /home/zuiken/Documents/ichosai_2026_trolley/ros2_ws/src/install/trolley_interfaces/include/trolley_interfaces/trolley_interfaces/msg/rosidl_generator_cpp__visibility_control.hpp\n'}
[3.304478] (trolley_interfaces) StdoutLine: {'line': b'-- Up-to-date: /home/zuiken/Documents/ichosai_2026_trolley/ros2_ws/src/install/trolley_interfaces/include/trolley_interfaces/trolley_interfaces/srv\n'}
[3.304602] (trolley_interfaces) StdoutLine: {'line': b'-- Up-to-date: /home/zuiken/Documents/ichosai_2026_trolley/ros2_ws/src/install/trolley_interfaces/include/trolley_interfaces/trolley_interfaces/srv/set_drive_mode.hpp\n'}
[3.304704] (trolley_interfaces) StdoutLine: {'line': b'-- Up-to-date: /home/zuiken/Documents/ichosai_2026_trolley/ros2_ws/src/install/trolley_interfaces/include/trolley_interfaces/trolley_interfaces/srv/set_drive_enabled.hpp\n'}
[3.304808] (trolley_interfaces) StdoutLine: {'line': b'-- Up-to-date: /home/zuiken/Documents/ichosai_2026_trolley/ros2_ws/src/install/trolley_interfaces/include/trolley_interfaces/trolley_interfaces/srv/detail\n'}
[3.304912] (trolley_interfaces) StdoutLine: {'line': b'-- Up-to-date: /home/zuiken/Documents/ichosai_2026_trolley/ros2_ws/src/install/trolley_interfaces/include/trolley_interfaces/trolley_interfaces/srv/detail/set_drive_enabled__builder.hpp\n'}
[3.305008] (trolley_interfaces) StdoutLine: {'line': b'-- Up-to-date: /home/zuiken/Documents/ichosai_2026_trolley/ros2_ws/src/install/trolley_interfaces/include/trolley_interfaces/trolley_interfaces/srv/detail/set_drive_mode__traits.hpp\n'}
[3.305111] (trolley_interfaces) StdoutLine: {'line': b'-- Up-to-date: /home/zuiken/Documents/ichosai_2026_trolley/ros2_ws/src/install/trolley_interfaces/include/trolley_interfaces/trolley_interfaces/srv/detail/set_drive_enabled__struct.hpp\n'}
[3.305249] (trolley_interfaces) StdoutLine: {'line': b'-- Up-to-date: /home/zuiken/Documents/ichosai_2026_trolley/ros2_ws/src/install/trolley_interfaces/include/trolley_interfaces/trolley_interfaces/srv/detail/set_drive_mode__type_support.hpp\n'}
[3.305377] (trolley_interfaces) StdoutLine: {'line': b'-- Up-to-date: /home/zuiken/Documents/ichosai_2026_trolley/ros2_ws/src/install/trolley_interfaces/include/trolley_interfaces/trolley_interfaces/srv/detail/set_drive_mode__struct.hpp\n'}
[3.305502] (trolley_interfaces) StdoutLine: {'line': b'-- Up-to-date: /home/zuiken/Documents/ichosai_2026_trolley/ros2_ws/src/install/trolley_interfaces/include/trolley_interfaces/trolley_interfaces/srv/detail/set_drive_enabled__traits.hpp\n'}
[3.305623] (trolley_interfaces) StdoutLine: {'line': b'-- Up-to-date: /home/zuiken/Documents/ichosai_2026_trolley/ros2_ws/src/install/trolley_interfaces/include/trolley_interfaces/trolley_interfaces/srv/detail/set_drive_mode__builder.hpp\n'}
[3.305721] (trolley_interfaces) StdoutLine: {'line': b'-- Up-to-date: /home/zuiken/Documents/ichosai_2026_trolley/ros2_ws/src/install/trolley_interfaces/include/trolley_interfaces/trolley_interfaces/srv/detail/set_drive_enabled__type_support.hpp\n'}
[3.305815] (trolley_interfaces) StdoutLine: {'line': b'-- Up-to-date: /home/zuiken/Documents/ichosai_2026_trolley/ros2_ws/src/install/trolley_interfaces/include/trolley_interfaces/trolley_interfaces\n'}
[3.305910] (trolley_interfaces) StdoutLine: {'line': b'-- Up-to-date: /home/zuiken/Documents/ichosai_2026_trolley/ros2_ws/src/install/trolley_interfaces/include/trolley_interfaces/trolley_interfaces/msg\n'}
[3.306004] (trolley_interfaces) StdoutLine: {'line': b'-- Up-to-date: /home/zuiken/Documents/ichosai_2026_trolley/ros2_ws/src/install/trolley_interfaces/include/trolley_interfaces/trolley_interfaces/msg/rosidl_typesupport_fastrtps_cpp__visibility_control.h\n'}
[3.306131] (trolley_interfaces) StdoutLine: {'line': b'-- Up-to-date: /home/zuiken/Documents/ichosai_2026_trolley/ros2_ws/src/install/trolley_interfaces/include/trolley_interfaces/trolley_interfaces/srv\n'}
[3.306226] (trolley_interfaces) StdoutLine: {'line': b'-- Up-to-date: /home/zuiken/Documents/ichosai_2026_trolley/ros2_ws/src/install/trolley_interfaces/include/trolley_interfaces/trolley_interfaces/srv/detail\n'}
[3.306339] (trolley_interfaces) StdoutLine: {'line': b'-- Up-to-date: /home/zuiken/Documents/ichosai_2026_trolley/ros2_ws/src/install/trolley_interfaces/include/trolley_interfaces/trolley_interfaces/srv/detail/set_drive_mode__rosidl_typesupport_fastrtps_cpp.hpp\n'}
[3.306434] (trolley_interfaces) StdoutLine: {'line': b'-- Up-to-date: /home/zuiken/Documents/ichosai_2026_trolley/ros2_ws/src/install/trolley_interfaces/include/trolley_interfaces/trolley_interfaces/srv/detail/set_drive_enabled__rosidl_typesupport_fastrtps_cpp.hpp\n'}
[3.306550] (trolley_interfaces) StdoutLine: {'line': b'-- Up-to-date: /home/zuiken/Documents/ichosai_2026_trolley/ros2_ws/src/install/trolley_interfaces/include/trolley_interfaces/trolley_interfaces/srv/detail/dds_fastrtps\n'}
[3.306647] (trolley_interfaces) StdoutLine: {'line': b'-- Up-to-date: /home/zuiken/Documents/ichosai_2026_trolley/ros2_ws/src/install/trolley_interfaces/lib/libtrolley_interfaces__rosidl_typesupport_fastrtps_cpp.so\n'}
[3.306743] (trolley_interfaces) StdoutLine: {'line': b'-- Up-to-date: /home/zuiken/Documents/ichosai_2026_trolley/ros2_ws/src/install/trolley_interfaces/include/trolley_interfaces/trolley_interfaces\n'}
[3.306843] (trolley_interfaces) StdoutLine: {'line': b'-- Up-to-date: /home/zuiken/Documents/ichosai_2026_trolley/ros2_ws/src/install/trolley_interfaces/include/trolley_interfaces/trolley_interfaces/srv\n'}
[3.306947] (trolley_interfaces) StdoutLine: {'line': b'-- Up-to-date: /home/zuiken/Documents/ichosai_2026_trolley/ros2_ws/src/install/trolley_interfaces/include/trolley_interfaces/trolley_interfaces/srv/detail\n'}
[3.307047] (trolley_interfaces) StdoutLine: {'line': b'-- Up-to-date: /home/zuiken/Documents/ichosai_2026_trolley/ros2_ws/src/install/trolley_interfaces/include/trolley_interfaces/trolley_interfaces/srv/detail/set_drive_mode__type_support.cpp\n'}
[3.307141] (trolley_interfaces) StdoutLine: {'line': b'-- Up-to-date: /home/zuiken/Documents/ichosai_2026_trolley/ros2_ws/src/install/trolley_interfaces/include/trolley_interfaces/trolley_interfaces/srv/detail/set_drive_mode__rosidl_typesupport_introspection_cpp.hpp\n'}
[3.307237] (trolley_interfaces) StdoutLine: {'line': b'-- Up-to-date: /home/zuiken/Documents/ichosai_2026_trolley/ros2_ws/src/install/trolley_interfaces/include/trolley_interfaces/trolley_interfaces/srv/detail/set_drive_enabled__type_support.cpp\n'}
[3.307332] (trolley_interfaces) StdoutLine: {'line': b'-- Up-to-date: /home/zuiken/Documents/ichosai_2026_trolley/ros2_ws/src/install/trolley_interfaces/include/trolley_interfaces/trolley_interfaces/srv/detail/set_drive_enabled__rosidl_typesupport_introspection_cpp.hpp\n'}
[3.307426] (trolley_interfaces) StdoutLine: {'line': b'-- Up-to-date: /home/zuiken/Documents/ichosai_2026_trolley/ros2_ws/src/install/trolley_interfaces/lib/libtrolley_interfaces__rosidl_typesupport_introspection_cpp.so\n'}
[3.307543] (trolley_interfaces) StdoutLine: {'line': b'-- Up-to-date: /home/zuiken/Documents/ichosai_2026_trolley/ros2_ws/src/install/trolley_interfaces/lib/libtrolley_interfaces__rosidl_typesupport_cpp.so\n'}
[3.307640] (trolley_interfaces) StdoutLine: {'line': b'-- Up-to-date: /home/zuiken/Documents/ichosai_2026_trolley/ros2_ws/src/install/trolley_interfaces/share/trolley_interfaces/environment/pythonpath.sh\n'}
[3.307733] (trolley_interfaces) StdoutLine: {'line': b'-- Up-to-date: /home/zuiken/Documents/ichosai_2026_trolley/ros2_ws/src/install/trolley_interfaces/share/trolley_interfaces/environment/pythonpath.dsv\n'}
[3.307836] (trolley_interfaces) StdoutLine: {'line': b'-- Up-to-date: /home/zuiken/Documents/ichosai_2026_trolley/ros2_ws/src/install/trolley_interfaces/lib/python3.12/site-packages/trolley_interfaces-0.0.0-py3.12.egg-info\n'}
[3.307931] (trolley_interfaces) StdoutLine: {'line': b'-- Installing: /home/zuiken/Documents/ichosai_2026_trolley/ros2_ws/src/install/trolley_interfaces/lib/python3.12/site-packages/trolley_interfaces-0.0.0-py3.12.egg-info/top_level.txt\n'}
[3.308026] (trolley_interfaces) StdoutLine: {'line': b'-- Installing: /home/zuiken/Documents/ichosai_2026_trolley/ros2_ws/src/install/trolley_interfaces/lib/python3.12/site-packages/trolley_interfaces-0.0.0-py3.12.egg-info/PKG-INFO\n'}
[3.308119] (trolley_interfaces) StdoutLine: {'line': b'-- Installing: /home/zuiken/Documents/ichosai_2026_trolley/ros2_ws/src/install/trolley_interfaces/lib/python3.12/site-packages/trolley_interfaces-0.0.0-py3.12.egg-info/SOURCES.txt\n'}
[3.308216] (trolley_interfaces) StdoutLine: {'line': b'-- Installing: /home/zuiken/Documents/ichosai_2026_trolley/ros2_ws/src/install/trolley_interfaces/lib/python3.12/site-packages/trolley_interfaces-0.0.0-py3.12.egg-info/dependency_links.txt\n'}
[3.308309] (trolley_interfaces) StdoutLine: {'line': b'-- Up-to-date: /home/zuiken/Documents/ichosai_2026_trolley/ros2_ws/src/install/trolley_interfaces/lib/python3.12/site-packages/trolley_interfaces\n'}
[3.308400] (trolley_interfaces) StdoutLine: {'line': b'-- Up-to-date: /home/zuiken/Documents/ichosai_2026_trolley/ros2_ws/src/install/trolley_interfaces/lib/python3.12/site-packages/trolley_interfaces/trolley_interfaces_s__rosidl_typesupport_introspection_c.so\n'}
[3.309557] (trolley_interfaces) StdoutLine: {'line': b'-- Up-to-date: /home/zuiken/Documents/ichosai_2026_trolley/ros2_ws/src/install/trolley_interfaces/lib/python3.12/site-packages/trolley_interfaces/__init__.py\n'}
[3.309696] (trolley_interfaces) StdoutLine: {'line': b'-- Up-to-date: /home/zuiken/Documents/ichosai_2026_trolley/ros2_ws/src/install/trolley_interfaces/lib/python3.12/site-packages/trolley_interfaces/_trolley_interfaces_s.ep.rosidl_typesupport_introspection_c.c\n'}
[3.309811] (trolley_interfaces) StdoutLine: {'line': b'-- Up-to-date: /home/zuiken/Documents/ichosai_2026_trolley/ros2_ws/src/install/trolley_interfaces/lib/python3.12/site-packages/trolley_interfaces/srv\n'}
[3.309913] (trolley_interfaces) StdoutLine: {'line': b'-- Up-to-date: /home/zuiken/Documents/ichosai_2026_trolley/ros2_ws/src/install/trolley_interfaces/lib/python3.12/site-packages/trolley_interfaces/srv/_set_drive_enabled.py\n'}
[3.310016] (trolley_interfaces) StdoutLine: {'line': b'-- Up-to-date: /home/zuiken/Documents/ichosai_2026_trolley/ros2_ws/src/install/trolley_interfaces/lib/python3.12/site-packages/trolley_interfaces/srv/__init__.py\n'}
[3.310118] (trolley_interfaces) StdoutLine: {'line': b'-- Up-to-date: /home/zuiken/Documents/ichosai_2026_trolley/ros2_ws/src/install/trolley_interfaces/lib/python3.12/site-packages/trolley_interfaces/srv/_set_drive_mode_s.c\n'}
[3.310228] (trolley_interfaces) StdoutLine: {'line': b'-- Up-to-date: /home/zuiken/Documents/ichosai_2026_trolley/ros2_ws/src/install/trolley_interfaces/lib/python3.12/site-packages/trolley_interfaces/srv/_set_drive_mode.py\n'}
[3.310341] (trolley_interfaces) StdoutLine: {'line': b'-- Up-to-date: /home/zuiken/Documents/ichosai_2026_trolley/ros2_ws/src/install/trolley_interfaces/lib/python3.12/site-packages/trolley_interfaces/srv/_set_drive_enabled_s.c\n'}
[3.310439] (trolley_interfaces) StdoutLine: {'line': b'-- Up-to-date: /home/zuiken/Documents/ichosai_2026_trolley/ros2_ws/src/install/trolley_interfaces/lib/python3.12/site-packages/trolley_interfaces/trolley_interfaces_s__rosidl_typesupport_c.so\n'}
[3.310558] (trolley_interfaces) StdoutLine: {'line': b'-- Up-to-date: /home/zuiken/Documents/ichosai_2026_trolley/ros2_ws/src/install/trolley_interfaces/lib/python3.12/site-packages/trolley_interfaces/trolley_interfaces_s__rosidl_typesupport_fastrtps_c.so\n'}
[3.310665] (trolley_interfaces) StdoutLine: {'line': b'-- Up-to-date: /home/zuiken/Documents/ichosai_2026_trolley/ros2_ws/src/install/trolley_interfaces/lib/python3.12/site-packages/trolley_interfaces/_trolley_interfaces_s.ep.rosidl_typesupport_c.c\n'}
[3.310781] (trolley_interfaces) StdoutLine: {'line': b'-- Up-to-date: /home/zuiken/Documents/ichosai_2026_trolley/ros2_ws/src/install/trolley_interfaces/lib/python3.12/site-packages/trolley_interfaces/_trolley_interfaces_s.ep.rosidl_typesupport_fastrtps_c.c\n'}
[3.341006] (-) TimerEvent: {}
[3.354823] (trolley_interfaces) StdoutLine: {'line': b"Listing '/home/zuiken/Documents/ichosai_2026_trolley/ros2_ws/src/install/trolley_interfaces/lib/python3.12/site-packages/trolley_interfaces'...\n"}
[3.355208] (trolley_interfaces) StdoutLine: {'line': b"Listing '/home/zuiken/Documents/ichosai_2026_trolley/ros2_ws/src/install/trolley_interfaces/lib/python3.12/site-packages/trolley_interfaces/srv'...\n"}
[3.369317] (trolley_interfaces) StdoutLine: {'line': b'-- Up-to-date: /home/zuiken/Documents/ichosai_2026_trolley/ros2_ws/src/install/trolley_interfaces/lib/python3.12/site-packages/trolley_interfaces/trolley_interfaces_s__rosidl_typesupport_fastrtps_c.so\n'}
[3.369777] (trolley_interfaces) StdoutLine: {'line': b'-- Up-to-date: /home/zuiken/Documents/ichosai_2026_trolley/ros2_ws/src/install/trolley_interfaces/lib/python3.12/site-packages/trolley_interfaces/trolley_interfaces_s__rosidl_typesupport_introspection_c.so\n'}
[3.370207] (trolley_interfaces) StdoutLine: {'line': b'-- Up-to-date: /home/zuiken/Documents/ichosai_2026_trolley/ros2_ws/src/install/trolley_interfaces/lib/python3.12/site-packages/trolley_interfaces/trolley_interfaces_s__rosidl_typesupport_c.so\n'}
[3.370672] (trolley_interfaces) StdoutLine: {'line': b'-- Up-to-date: /home/zuiken/Documents/ichosai_2026_trolley/ros2_ws/src/install/trolley_interfaces/lib/libtrolley_interfaces__rosidl_generator_py.so\n'}
[3.370968] (trolley_interfaces) StdoutLine: {'line': b'-- Up-to-date: /home/zuiken/Documents/ichosai_2026_trolley/ros2_ws/src/install/trolley_interfaces/share/ament_index/resource_index/rust_packages/trolley_interfaces\n'}
[3.371216] (trolley_interfaces) StdoutLine: {'line': b'-- Up-to-date: /home/zuiken/Documents/ichosai_2026_trolley/ros2_ws/src/install/trolley_interfaces/share/trolley_interfaces/rust\n'}
[3.371447] (trolley_interfaces) StdoutLine: {'line': b'-- Up-to-date: /home/zuiken/Documents/ichosai_2026_trolley/ros2_ws/src/install/trolley_interfaces/share/trolley_interfaces/rust/build.rs\n'}
[3.371676] (trolley_interfaces) StdoutLine: {'line': b'-- Up-to-date: /home/zuiken/Documents/ichosai_2026_trolley/ros2_ws/src/install/trolley_interfaces/share/trolley_interfaces/rust/src\n'}
[3.371783] (trolley_interfaces) StdoutLine: {'line': b'-- Up-to-date: /home/zuiken/Documents/ichosai_2026_trolley/ros2_ws/src/install/trolley_interfaces/share/trolley_interfaces/rust/src/lib.rs\n'}
[3.371877] (trolley_interfaces) StdoutLine: {'line': b'-- Up-to-date: /home/zuiken/Documents/ichosai_2026_trolley/ros2_ws/src/install/trolley_interfaces/share/trolley_interfaces/rust/src/srv\n'}
[3.371967] (trolley_interfaces) StdoutLine: {'line': b'-- Up-to-date: /home/zuiken/Documents/ichosai_2026_trolley/ros2_ws/src/install/trolley_interfaces/share/trolley_interfaces/rust/src/srv/rmw.rs\n'}
[3.372056] (trolley_interfaces) StdoutLine: {'line': b'-- Up-to-date: /home/zuiken/Documents/ichosai_2026_trolley/ros2_ws/src/install/trolley_interfaces/share/trolley_interfaces/rust/src/srv.rs\n'}
[3.372172] (trolley_interfaces) StdoutLine: {'line': b'-- Up-to-date: /home/zuiken/Documents/ichosai_2026_trolley/ros2_ws/src/install/trolley_interfaces/share/trolley_interfaces/rust/Cargo.toml\n'}
[3.372264] (trolley_interfaces) StdoutLine: {'line': b'-- Up-to-date: /home/zuiken/Documents/ichosai_2026_trolley/ros2_ws/src/install/trolley_interfaces/share/trolley_interfaces/srv/SetDriveEnabled.idl\n'}
[3.372356] (trolley_interfaces) StdoutLine: {'line': b'-- Up-to-date: /home/zuiken/Documents/ichosai_2026_trolley/ros2_ws/src/install/trolley_interfaces/share/trolley_interfaces/srv/SetDriveMode.idl\n'}
[3.372521] (trolley_interfaces) StdoutLine: {'line': b'-- Up-to-date: /home/zuiken/Documents/ichosai_2026_trolley/ros2_ws/src/install/trolley_interfaces/share/trolley_interfaces/srv/SetDriveEnabled.srv\n'}
[3.372624] (trolley_interfaces) StdoutLine: {'line': b'-- Up-to-date: /home/zuiken/Documents/ichosai_2026_trolley/ros2_ws/src/install/trolley_interfaces/share/trolley_interfaces/srv/SetDriveMode.srv\n'}
[3.372713] (trolley_interfaces) StdoutLine: {'line': b'-- Up-to-date: /home/zuiken/Documents/ichosai_2026_trolley/ros2_ws/src/install/trolley_interfaces/share/ament_index/resource_index/package_run_dependencies/trolley_interfaces\n'}
[3.372803] (trolley_interfaces) StdoutLine: {'line': b'-- Up-to-date: /home/zuiken/Documents/ichosai_2026_trolley/ros2_ws/src/install/trolley_interfaces/share/ament_index/resource_index/parent_prefix_path/trolley_interfaces\n'}
[3.372892] (trolley_interfaces) StdoutLine: {'line': b'-- Up-to-date: /home/zuiken/Documents/ichosai_2026_trolley/ros2_ws/src/install/trolley_interfaces/share/trolley_interfaces/environment/ament_prefix_path.sh\n'}
[3.372978] (trolley_interfaces) StdoutLine: {'line': b'-- Up-to-date: /home/zuiken/Documents/ichosai_2026_trolley/ros2_ws/src/install/trolley_interfaces/share/trolley_interfaces/environment/ament_prefix_path.dsv\n'}
[3.373064] (trolley_interfaces) StdoutLine: {'line': b'-- Up-to-date: /home/zuiken/Documents/ichosai_2026_trolley/ros2_ws/src/install/trolley_interfaces/share/trolley_interfaces/environment/path.sh\n'}
[3.373152] (trolley_interfaces) StdoutLine: {'line': b'-- Up-to-date: /home/zuiken/Documents/ichosai_2026_trolley/ros2_ws/src/install/trolley_interfaces/share/trolley_interfaces/environment/path.dsv\n'}
[3.373240] (trolley_interfaces) StdoutLine: {'line': b'-- Up-to-date: /home/zuiken/Documents/ichosai_2026_trolley/ros2_ws/src/install/trolley_interfaces/share/trolley_interfaces/local_setup.bash\n'}
[3.373325] (trolley_interfaces) StdoutLine: {'line': b'-- Up-to-date: /home/zuiken/Documents/ichosai_2026_trolley/ros2_ws/src/install/trolley_interfaces/share/trolley_interfaces/local_setup.sh\n'}
[3.373412] (trolley_interfaces) StdoutLine: {'line': b'-- Up-to-date: /home/zuiken/Documents/ichosai_2026_trolley/ros2_ws/src/install/trolley_interfaces/share/trolley_interfaces/local_setup.zsh\n'}
[3.373514] (trolley_interfaces) StdoutLine: {'line': b'-- Up-to-date: /home/zuiken/Documents/ichosai_2026_trolley/ros2_ws/src/install/trolley_interfaces/share/trolley_interfaces/local_setup.dsv\n'}
[3.373609] (trolley_interfaces) StdoutLine: {'line': b'-- Installing: /home/zuiken/Documents/ichosai_2026_trolley/ros2_ws/src/install/trolley_interfaces/share/trolley_interfaces/package.dsv\n'}
[3.441119] (-) TimerEvent: {}
[3.541514] (-) TimerEvent: {}
[3.641909] (-) TimerEvent: {}
[3.742334] (-) TimerEvent: {}
[3.843135] (-) TimerEvent: {}
[3.844294] (trolley_interfaces) StdoutLine: {'line': b'-- Up-to-date: /home/zuiken/Documents/ichosai_2026_trolley/ros2_ws/src/install/trolley_interfaces/share/ament_index/resource_index/packages/trolley_interfaces\n'}
[3.844855] (trolley_interfaces) StdoutLine: {'line': b'-- Up-to-date: /home/zuiken/Documents/ichosai_2026_trolley/ros2_ws/src/install/trolley_interfaces/share/trolley_interfaces/cmake/export_trolley_interfaces__rosidl_generator_cExport.cmake\n'}
[3.845195] (trolley_interfaces) StdoutLine: {'line': b'-- Up-to-date: /home/zuiken/Documents/ichosai_2026_trolley/ros2_ws/src/install/trolley_interfaces/share/trolley_interfaces/cmake/export_trolley_interfaces__rosidl_generator_cExport-noconfig.cmake\n'}
[3.845443] (trolley_interfaces) StdoutLine: {'line': b'-- Up-to-date: /home/zuiken/Documents/ichosai_2026_trolley/ros2_ws/src/install/trolley_interfaces/share/trolley_interfaces/cmake/export_trolley_interfaces__rosidl_typesupport_fastrtps_cExport.cmake\n'}
[3.845688] (trolley_interfaces) StdoutLine: {'line': b'-- Up-to-date: /home/zuiken/Documents/ichosai_2026_trolley/ros2_ws/src/install/trolley_interfaces/share/trolley_interfaces/cmake/export_trolley_interfaces__rosidl_typesupport_fastrtps_cExport-noconfig.cmake\n'}
[3.845953] (trolley_interfaces) StdoutLine: {'line': b'-- Up-to-date: /home/zuiken/Documents/ichosai_2026_trolley/ros2_ws/src/install/trolley_interfaces/share/trolley_interfaces/cmake/trolley_interfaces__rosidl_typesupport_introspection_cExport.cmake\n'}
[3.846191] (trolley_interfaces) StdoutLine: {'line': b'-- Up-to-date: /home/zuiken/Documents/ichosai_2026_trolley/ros2_ws/src/install/trolley_interfaces/share/trolley_interfaces/cmake/trolley_interfaces__rosidl_typesupport_introspection_cExport-noconfig.cmake\n'}
[3.846387] (trolley_interfaces) StdoutLine: {'line': b'-- Up-to-date: /home/zuiken/Documents/ichosai_2026_trolley/ros2_ws/src/install/trolley_interfaces/share/trolley_interfaces/cmake/trolley_interfaces__rosidl_typesupport_cExport.cmake\n'}
[3.846968] (trolley_interfaces) StdoutLine: {'line': b'-- Up-to-date: /home/zuiken/Documents/ichosai_2026_trolley/ros2_ws/src/install/trolley_interfaces/share/trolley_interfaces/cmake/trolley_interfaces__rosidl_typesupport_cExport-noconfig.cmake\n'}
[3.847189] (trolley_interfaces) StdoutLine: {'line': b'-- Up-to-date: /home/zuiken/Documents/ichosai_2026_trolley/ros2_ws/src/install/trolley_interfaces/share/trolley_interfaces/cmake/export_trolley_interfaces__rosidl_generator_cppExport.cmake\n'}
[3.847366] (trolley_interfaces) StdoutLine: {'line': b'-- Up-to-date: /home/zuiken/Documents/ichosai_2026_trolley/ros2_ws/src/install/trolley_interfaces/share/trolley_interfaces/cmake/export_trolley_interfaces__rosidl_typesupport_fastrtps_cppExport.cmake\n'}
[3.847581] (trolley_interfaces) StdoutLine: {'line': b'-- Up-to-date: /home/zuiken/Documents/ichosai_2026_trolley/ros2_ws/src/install/trolley_interfaces/share/trolley_interfaces/cmake/export_trolley_interfaces__rosidl_typesupport_fastrtps_cppExport-noconfig.cmake\n'}
[3.847840] (trolley_interfaces) StdoutLine: {'line': b'-- Up-to-date: /home/zuiken/Documents/ichosai_2026_trolley/ros2_ws/src/install/trolley_interfaces/share/trolley_interfaces/cmake/trolley_interfaces__rosidl_typesupport_introspection_cppExport.cmake\n'}
[3.848203] (trolley_interfaces) StdoutLine: {'line': b'-- Up-to-date: /home/zuiken/Documents/ichosai_2026_trolley/ros2_ws/src/install/trolley_interfaces/share/trolley_interfaces/cmake/trolley_interfaces__rosidl_typesupport_introspection_cppExport-noconfig.cmake\n'}
[3.848959] (trolley_interfaces) StdoutLine: {'line': b'-- Up-to-date: /home/zuiken/Documents/ichosai_2026_trolley/ros2_ws/src/install/trolley_interfaces/share/trolley_interfaces/cmake/trolley_interfaces__rosidl_typesupport_cppExport.cmake\n'}
[3.849512] (trolley_interfaces) StdoutLine: {'line': b'-- Up-to-date: /home/zuiken/Documents/ichosai_2026_trolley/ros2_ws/src/install/trolley_interfaces/share/trolley_interfaces/cmake/trolley_interfaces__rosidl_typesupport_cppExport-noconfig.cmake\n'}
[3.849744] (trolley_interfaces) StdoutLine: {'line': b'-- Up-to-date: /home/zuiken/Documents/ichosai_2026_trolley/ros2_ws/src/install/trolley_interfaces/share/trolley_interfaces/cmake/export_trolley_interfaces__rosidl_generator_pyExport.cmake\n'}
[3.849954] (trolley_interfaces) StdoutLine: {'line': b'-- Up-to-date: /home/zuiken/Documents/ichosai_2026_trolley/ros2_ws/src/install/trolley_interfaces/share/trolley_interfaces/cmake/export_trolley_interfaces__rosidl_generator_pyExport-noconfig.cmake\n'}
[3.850169] (trolley_interfaces) StdoutLine: {'line': b'-- Up-to-date: /home/zuiken/Documents/ichosai_2026_trolley/ros2_ws/src/install/trolley_interfaces/share/trolley_interfaces/cmake/rosidl_cmake-extras.cmake\n'}
[3.850374] (trolley_interfaces) StdoutLine: {'line': b'-- Up-to-date: /home/zuiken/Documents/ichosai_2026_trolley/ros2_ws/src/install/trolley_interfaces/share/trolley_interfaces/cmake/ament_cmake_export_dependencies-extras.cmake\n'}
[3.850622] (trolley_interfaces) StdoutLine: {'line': b'-- Up-to-date: /home/zuiken/Documents/ichosai_2026_trolley/ros2_ws/src/install/trolley_interfaces/share/trolley_interfaces/cmake/ament_cmake_export_include_directories-extras.cmake\n'}
[3.850807] (trolley_interfaces) StdoutLine: {'line': b'-- Up-to-date: /home/zuiken/Documents/ichosai_2026_trolley/ros2_ws/src/install/trolley_interfaces/share/trolley_interfaces/cmake/ament_cmake_export_libraries-extras.cmake\n'}
[3.851003] (trolley_interfaces) StdoutLine: {'line': b'-- Up-to-date: /home/zuiken/Documents/ichosai_2026_trolley/ros2_ws/src/install/trolley_interfaces/share/trolley_interfaces/cmake/ament_cmake_export_targets-extras.cmake\n'}
[3.851187] (trolley_interfaces) StdoutLine: {'line': b'-- Up-to-date: /home/zuiken/Documents/ichosai_2026_trolley/ros2_ws/src/install/trolley_interfaces/share/trolley_interfaces/cmake/rosidl_cmake_export_typesupport_targets-extras.cmake\n'}
[3.851374] (trolley_interfaces) StdoutLine: {'line': b'-- Up-to-date: /home/zuiken/Documents/ichosai_2026_trolley/ros2_ws/src/install/trolley_interfaces/share/trolley_interfaces/cmake/rosidl_cmake_export_typesupport_libraries-extras.cmake\n'}
[3.851641] (trolley_interfaces) StdoutLine: {'line': b'-- Up-to-date: /home/zuiken/Documents/ichosai_2026_trolley/ros2_ws/src/install/trolley_interfaces/share/trolley_interfaces/cmake/rosidl_cmake_aggregate_target-extras.cmake\n'}
[3.851860] (trolley_interfaces) StdoutLine: {'line': b'-- Up-to-date: /home/zuiken/Documents/ichosai_2026_trolley/ros2_ws/src/install/trolley_interfaces/share/trolley_interfaces/cmake/trolley_interfacesConfig.cmake\n'}
[3.852029] (trolley_interfaces) StdoutLine: {'line': b'-- Up-to-date: /home/zuiken/Documents/ichosai_2026_trolley/ros2_ws/src/install/trolley_interfaces/share/trolley_interfaces/cmake/trolley_interfacesConfig-version.cmake\n'}
[3.852191] (trolley_interfaces) StdoutLine: {'line': b'-- Up-to-date: /home/zuiken/Documents/ichosai_2026_trolley/ros2_ws/src/install/trolley_interfaces/share/trolley_interfaces/package.xml\n'}
[3.943255] (-) TimerEvent: {}
[4.043694] (-) TimerEvent: {}
[4.062898] (trolley_interfaces) CommandEnded: {'returncode': 0}
[4.143876] (-) TimerEvent: {}
[4.177988] (trolley_interfaces) JobEnded: {'identifier': 'trolley_interfaces', 'rc': 0}
[4.179437] (trolley_api) JobStarted: {'identifier': 'trolley_api'}
[4.244638] (-) TimerEvent: {}
[4.345669] (-) TimerEvent: {}
[4.447637] (-) TimerEvent: {}
[4.548081] (-) TimerEvent: {}
[4.648529] (-) TimerEvent: {}
[4.749018] (-) TimerEvent: {}
[4.851782] (-) TimerEvent: {}
[4.952148] (-) TimerEvent: {}
[5.052520] (-) TimerEvent: {}
[5.152999] (-) TimerEvent: {}
[5.256978] (-) TimerEvent: {}
[5.358350] (joy_teleop) Command: {'cmd': ['/usr/bin/python3', '-W', 'ignore:setup.py install is deprecated', '-W', 'ignore:easy_install command is deprecated', 'setup.py', 'egg_info', '--egg-base', '../build/joy_teleop', 'build', '--build-base', '/home/zuiken/Documents/ichosai_2026_trolley/ros2_ws/src/build/joy_teleop/build', 'install', '--record', '/home/zuiken/Documents/ichosai_2026_trolley/ros2_ws/src/build/joy_teleop/install.log', '--install-scripts', '$base/lib/joy_teleop', '--single-version-externally-managed', 'install_data'], 'cwd': '/home/zuiken/Documents/ichosai_2026_trolley/ros2_ws/src/joy_teleop', 'env': {'LESSOPEN': '| /usr/bin/lesspipe %s', 'USER': 'zuiken', 'SSH_CLIENT': '192.168.0.101 64908 22', 'XDG_SESSION_TYPE': 'tty', 'GIT_ASKPASS': '/home/zuiken/.vscode-server/cli/servers/Stable-a44adf7f53e00964ab890f9f8758a334f1fc15bc/server/extensions/git/dist/askpass.sh', 'SHLVL': '1', 'LD_LIBRARY_PATH': '/home/zuiken/Documents/ichosai_2026_trolley/ros2_ws/src/install/trolley_interfaces/lib:/opt/ros/jazzy/opt/rviz_ogre_vendor/lib:/opt/ros/jazzy/lib/aarch64-linux-gnu:/opt/ros/jazzy/opt/gz_math_vendor/lib:/opt/ros/jazzy/opt/gz_utils_vendor/lib:/opt/ros/jazzy/opt/gz_cmake_vendor/lib:/opt/ros/jazzy/lib', 'BROWSER': '/home/zuiken/.vscode-server/cli/servers/Stable-a44adf7f53e00964ab890f9f8758a334f1fc15bc/server/bin/helpers/browser.sh', 'HOME': '/home/zuiken', 'OLDPWD': '/home/zuiken/Documents/ichosai_2026_trolley/ros2_ws', 'TERM_PROGRAM_VERSION': '1.136.1', 'VSCODE_IPC_HOOK_CLI': '/run/user/1000/vscode-ipc-3bc5735e-987f-45d0-96d5-b09f81b4b655.sock', 'ROS_PYTHON_VERSION': '3', 'VSCODE_GIT_ASKPASS_MAIN': '/home/zuiken/.vscode-server/cli/servers/Stable-a44adf7f53e00964ab890f9f8758a334f1fc15bc/server/extensions/git/dist/askpass-main.js', 'VSCODE_GIT_ASKPASS_NODE': '/home/zuiken/.vscode-server/cli/servers/Stable-a44adf7f53e00964ab890f9f8758a334f1fc15bc/server/node', 'VSCODE_PYTHON_AUTOACTIVATE_GUARD': '1', 'DBUS_SESSION_BUS_ADDRESS': 'unix:path=/run/user/1000/bus', 'COLORTERM': 'truecolor', 'DEBUGINFOD_URLS': 'https://debuginfod.ubuntu.com', 'COLCON_PREFIX_PATH': '/home/zuiken/Documents/ichosai_2026_trolley/ros2_ws/src/install', 'ROS_DISTRO': 'jazzy', 'LOGNAME': 'zuiken', '_': '/usr/bin/colcon', 'ROS_VERSION': '2', 'XDG_SESSION_CLASS': 'user', 'TERM': 'xterm-256color', 'XDG_SESSION_ID': '58', 'PATH': '/home/zuiken/.vscode-server/data/User/globalStorage/github.copilot-chat/debugCommand:/home/zuiken/.vscode-server/data/User/globalStorage/github.copilot-chat/copilotCli:/home/zuiken/.vscode-server/cli/servers/Stable-a44adf7f53e00964ab890f9f8758a334f1fc15bc/server/bin/remote-cli:/home/zuiken/.local/bin:/opt/ros/jazzy/bin:/usr/local/sbin:/usr/local/bin:/usr/sbin:/usr/bin:/sbin:/bin:/usr/games:/usr/local/games:/snap/bin', 'XDG_RUNTIME_DIR': '/run/user/1000', 'LANG': 'C.UTF-8', 'LS_COLORS': 'rs=0:di=01;34:ln=01;36:mh=00:pi=40;33:so=01;35:do=01;35:bd=40;33;01:cd=40;33;01:or=40;31;01:mi=00:su=37;41:sg=30;43:ca=00:tw=30;42:ow=34;42:st=37;44:ex=01;32:*.tar=01;31:*.tgz=01;31:*.arc=01;31:*.arj=01;31:*.taz=01;31:*.lha=01;31:*.lz4=01;31:*.lzh=01;31:*.lzma=01;31:*.tlz=01;31:*.txz=01;31:*.tzo=01;31:*.t7z=01;31:*.zip=01;31:*.z=01;31:*.dz=01;31:*.gz=01;31:*.lrz=01;31:*.lz=01;31:*.lzo=01;31:*.xz=01;31:*.zst=01;31:*.tzst=01;31:*.bz2=01;31:*.bz=01;31:*.tbz=01;31:*.tbz2=01;31:*.tz=01;31:*.deb=01;31:*.rpm=01;31:*.jar=01;31:*.war=01;31:*.ear=01;31:*.sar=01;31:*.rar=01;31:*.alz=01;31:*.ace=01;31:*.zoo=01;31:*.cpio=01;31:*.7z=01;31:*.rz=01;31:*.cab=01;31:*.wim=01;31:*.swm=01;31:*.dwm=01;31:*.esd=01;31:*.avif=01;35:*.jpg=01;35:*.jpeg=01;35:*.mjpg=01;35:*.mjpeg=01;35:*.gif=01;35:*.bmp=01;35:*.pbm=01;35:*.pgm=01;35:*.ppm=01;35:*.tga=01;35:*.xbm=01;35:*.xpm=01;35:*.tif=01;35:*.tiff=01;35:*.png=01;35:*.svg=01;35:*.svgz=01;35:*.mng=01;35:*.pcx=01;35:*.mov=01;35:*.mpg=01;35:*.mpeg=01;35:*.m2v=01;35:*.mkv=01;35:*.webm=01;35:*.webp=01;35:*.ogm=01;35:*.mp4=01;35:*.m4v=01;35:*.mp4v=01;35:*.vob=01;35:*.qt=01;35:*.nuv=01;35:*.wmv=01;35:*.asf=01;35:*.rm=01;35:*.rmvb=01;35:*.flc=01;35:*.avi=01;35:*.fli=01;35:*.flv=01;35:*.gl=01;35:*.dl=01;35:*.xcf=01;35:*.xwd=01;35:*.yuv=01;35:*.cgm=01;35:*.emf=01;35:*.ogv=01;35:*.ogx=01;35:*.aac=00;36:*.au=00;36:*.flac=00;36:*.m4a=00;36:*.mid=00;36:*.midi=00;36:*.mka=00;36:*.mp3=00;36:*.mpc=00;36:*.ogg=00;36:*.ra=00;36:*.wav=00;36:*.oga=00;36:*.opus=00;36:*.spx=00;36:*.xspf=00;36:*~=00;90:*#=00;90:*.bak=00;90:*.crdownload=00;90:*.dpkg-dist=00;90:*.dpkg-new=00;90:*.dpkg-old=00;90:*.dpkg-tmp=00;90:*.old=00;90:*.orig=00;90:*.part=00;90:*.rej=00;90:*.rpmnew=00;90:*.rpmorig=00;90:*.rpmsave=00;90:*.swp=00;90:*.tmp=00;90:*.ucf-dist=00;90:*.ucf-new=00;90:*.ucf-old=00;90:', 'VSCODE_GIT_IPC_HANDLE': '/run/user/1000/vscode-git-3264b45195.sock', 'TERM_PROGRAM': 'vscode', 'AMENT_PREFIX_PATH': '/home/zuiken/Documents/ichosai_2026_trolley/ros2_ws/src/install/trolley_drive:/home/zuiken/Documents/ichosai_2026_trolley/ros2_ws/src/install/trolley_api:/home/zuiken/Documents/ichosai_2026_trolley/ros2_ws/src/install/trolley_interfaces:/home/zuiken/Documents/ichosai_2026_trolley/ros2_ws/src/install/trolley_cmd_mux:/home/zuiken/Documents/ichosai_2026_trolley/ros2_ws/src/install/trolley_bringup:/home/zuiken/Documents/ichosai_2026_trolley/ros2_ws/src/install/joy_teleop:/opt/ros/jazzy', 'SHELL': '/bin/bash', 'LESSCLOSE': '/usr/bin/lesspipe %s %s', 'ROS_AUTOMATIC_DISCOVERY_RANGE': 'SUBNET', 'VSCODE_GIT_ASKPASS_EXTRA_ARGS': '', 'PWD': '/home/zuiken/Documents/ichosai_2026_trolley/ros2_ws/src/build/joy_teleop', 'COPILOT_DEBUG_NONCE': '588d225576d72e8c3f0154716e9a6b5b', 'SSH_CONNECTION': '192.168.0.101 64908 192.168.0.102 22', 'XDG_DATA_DIRS': '/usr/share/gnome:/usr/local/share:/usr/share:/var/lib/snapd/desktop', 'PYTHONPATH': '/home/zuiken/Documents/ichosai_2026_trolley/ros2_ws/src/build/joy_teleop/prefix_override:/usr/lib/python3/dist-packages/colcon_core/task/python/colcon_distutils_commands:/home/zuiken/Documents/ichosai_2026_trolley/ros2_ws/src/install/joy_teleop/lib/python3.12/site-packages:/home/zuiken/Documents/ichosai_2026_trolley/ros2_ws/src/install/trolley_drive/lib/python3.12/site-packages:/home/zuiken/Documents/ichosai_2026_trolley/ros2_ws/src/install/trolley_api/lib/python3.12/site-packages:/home/zuiken/Documents/ichosai_2026_trolley/ros2_ws/src/install/trolley_interfaces/lib/python3.12/site-packages:/home/zuiken/Documents/ichosai_2026_trolley/ros2_ws/src/install/trolley_cmd_mux/lib/python3.12/site-packages:/home/zuiken/Documents/ichosai_2026_trolley/ros2_ws/src/install/trolley_bringup/lib/python3.12/site-packages:/home/zuiken/Documents/ichosai_2026_trolley/ros2_ws/src/install/joy_teleop/lib/python3.12/site-packages:/opt/ros/jazzy/lib/python3.12/site-packages', 'COLCON': '1', 'CMAKE_PREFIX_PATH': '/home/zuiken/Documents/ichosai_2026_trolley/ros2_ws/src/install/trolley_interfaces:/opt/ros/jazzy/opt/gz_math_vendor:/opt/ros/jazzy/opt/gz_utils_vendor:/opt/ros/jazzy/opt/gz_cmake_vendor'}, 'shell': False}
[5.359984] (-) TimerEvent: {}
[5.422920] (trolley_bringup) Command: {'cmd': ['/usr/bin/python3', '-W', 'ignore:setup.py install is deprecated', '-W', 'ignore:easy_install command is deprecated', 'setup.py', 'egg_info', '--egg-base', '../build/trolley_bringup', 'build', '--build-base', '/home/zuiken/Documents/ichosai_2026_trolley/ros2_ws/src/build/trolley_bringup/build', 'install', '--record', '/home/zuiken/Documents/ichosai_2026_trolley/ros2_ws/src/build/trolley_bringup/install.log', '--install-scripts', '$base/lib/trolley_bringup', '--single-version-externally-managed', 'install_data'], 'cwd': '/home/zuiken/Documents/ichosai_2026_trolley/ros2_ws/src/trolley_bringup', 'env': {'LESSOPEN': '| /usr/bin/lesspipe %s', 'USER': 'zuiken', 'SSH_CLIENT': '192.168.0.101 64908 22', 'XDG_SESSION_TYPE': 'tty', 'GIT_ASKPASS': '/home/zuiken/.vscode-server/cli/servers/Stable-a44adf7f53e00964ab890f9f8758a334f1fc15bc/server/extensions/git/dist/askpass.sh', 'SHLVL': '1', 'LD_LIBRARY_PATH': '/home/zuiken/Documents/ichosai_2026_trolley/ros2_ws/src/install/trolley_interfaces/lib:/opt/ros/jazzy/opt/rviz_ogre_vendor/lib:/opt/ros/jazzy/lib/aarch64-linux-gnu:/opt/ros/jazzy/opt/gz_math_vendor/lib:/opt/ros/jazzy/opt/gz_utils_vendor/lib:/opt/ros/jazzy/opt/gz_cmake_vendor/lib:/opt/ros/jazzy/lib', 'BROWSER': '/home/zuiken/.vscode-server/cli/servers/Stable-a44adf7f53e00964ab890f9f8758a334f1fc15bc/server/bin/helpers/browser.sh', 'HOME': '/home/zuiken', 'OLDPWD': '/home/zuiken/Documents/ichosai_2026_trolley/ros2_ws', 'TERM_PROGRAM_VERSION': '1.136.1', 'VSCODE_IPC_HOOK_CLI': '/run/user/1000/vscode-ipc-3bc5735e-987f-45d0-96d5-b09f81b4b655.sock', 'ROS_PYTHON_VERSION': '3', 'VSCODE_GIT_ASKPASS_MAIN': '/home/zuiken/.vscode-server/cli/servers/Stable-a44adf7f53e00964ab890f9f8758a334f1fc15bc/server/extensions/git/dist/askpass-main.js', 'VSCODE_GIT_ASKPASS_NODE': '/home/zuiken/.vscode-server/cli/servers/Stable-a44adf7f53e00964ab890f9f8758a334f1fc15bc/server/node', 'VSCODE_PYTHON_AUTOACTIVATE_GUARD': '1', 'DBUS_SESSION_BUS_ADDRESS': 'unix:path=/run/user/1000/bus', 'COLORTERM': 'truecolor', 'DEBUGINFOD_URLS': 'https://debuginfod.ubuntu.com', 'COLCON_PREFIX_PATH': '/home/zuiken/Documents/ichosai_2026_trolley/ros2_ws/src/install', 'ROS_DISTRO': 'jazzy', 'LOGNAME': 'zuiken', '_': '/usr/bin/colcon', 'ROS_VERSION': '2', 'XDG_SESSION_CLASS': 'user', 'TERM': 'xterm-256color', 'XDG_SESSION_ID': '58', 'PATH': '/home/zuiken/.vscode-server/data/User/globalStorage/github.copilot-chat/debugCommand:/home/zuiken/.vscode-server/data/User/globalStorage/github.copilot-chat/copilotCli:/home/zuiken/.vscode-server/cli/servers/Stable-a44adf7f53e00964ab890f9f8758a334f1fc15bc/server/bin/remote-cli:/home/zuiken/.local/bin:/opt/ros/jazzy/bin:/usr/local/sbin:/usr/local/bin:/usr/sbin:/usr/bin:/sbin:/bin:/usr/games:/usr/local/games:/snap/bin', 'XDG_RUNTIME_DIR': '/run/user/1000', 'LANG': 'C.UTF-8', 'LS_COLORS': 'rs=0:di=01;34:ln=01;36:mh=00:pi=40;33:so=01;35:do=01;35:bd=40;33;01:cd=40;33;01:or=40;31;01:mi=00:su=37;41:sg=30;43:ca=00:tw=30;42:ow=34;42:st=37;44:ex=01;32:*.tar=01;31:*.tgz=01;31:*.arc=01;31:*.arj=01;31:*.taz=01;31:*.lha=01;31:*.lz4=01;31:*.lzh=01;31:*.lzma=01;31:*.tlz=01;31:*.txz=01;31:*.tzo=01;31:*.t7z=01;31:*.zip=01;31:*.z=01;31:*.dz=01;31:*.gz=01;31:*.lrz=01;31:*.lz=01;31:*.lzo=01;31:*.xz=01;31:*.zst=01;31:*.tzst=01;31:*.bz2=01;31:*.bz=01;31:*.tbz=01;31:*.tbz2=01;31:*.tz=01;31:*.deb=01;31:*.rpm=01;31:*.jar=01;31:*.war=01;31:*.ear=01;31:*.sar=01;31:*.rar=01;31:*.alz=01;31:*.ace=01;31:*.zoo=01;31:*.cpio=01;31:*.7z=01;31:*.rz=01;31:*.cab=01;31:*.wim=01;31:*.swm=01;31:*.dwm=01;31:*.esd=01;31:*.avif=01;35:*.jpg=01;35:*.jpeg=01;35:*.mjpg=01;35:*.mjpeg=01;35:*.gif=01;35:*.bmp=01;35:*.pbm=01;35:*.pgm=01;35:*.ppm=01;35:*.tga=01;35:*.xbm=01;35:*.xpm=01;35:*.tif=01;35:*.tiff=01;35:*.png=01;35:*.svg=01;35:*.svgz=01;35:*.mng=01;35:*.pcx=01;35:*.mov=01;35:*.mpg=01;35:*.mpeg=01;35:*.m2v=01;35:*.mkv=01;35:*.webm=01;35:*.webp=01;35:*.ogm=01;35:*.mp4=01;35:*.m4v=01;35:*.mp4v=01;35:*.vob=01;35:*.qt=01;35:*.nuv=01;35:*.wmv=01;35:*.asf=01;35:*.rm=01;35:*.rmvb=01;35:*.flc=01;35:*.avi=01;35:*.fli=01;35:*.flv=01;35:*.gl=01;35:*.dl=01;35:*.xcf=01;35:*.xwd=01;35:*.yuv=01;35:*.cgm=01;35:*.emf=01;35:*.ogv=01;35:*.ogx=01;35:*.aac=00;36:*.au=00;36:*.flac=00;36:*.m4a=00;36:*.mid=00;36:*.midi=00;36:*.mka=00;36:*.mp3=00;36:*.mpc=00;36:*.ogg=00;36:*.ra=00;36:*.wav=00;36:*.oga=00;36:*.opus=00;36:*.spx=00;36:*.xspf=00;36:*~=00;90:*#=00;90:*.bak=00;90:*.crdownload=00;90:*.dpkg-dist=00;90:*.dpkg-new=00;90:*.dpkg-old=00;90:*.dpkg-tmp=00;90:*.old=00;90:*.orig=00;90:*.part=00;90:*.rej=00;90:*.rpmnew=00;90:*.rpmorig=00;90:*.rpmsave=00;90:*.swp=00;90:*.tmp=00;90:*.ucf-dist=00;90:*.ucf-new=00;90:*.ucf-old=00;90:', 'VSCODE_GIT_IPC_HANDLE': '/run/user/1000/vscode-git-3264b45195.sock', 'TERM_PROGRAM': 'vscode', 'AMENT_PREFIX_PATH': '/home/zuiken/Documents/ichosai_2026_trolley/ros2_ws/src/install/trolley_drive:/home/zuiken/Documents/ichosai_2026_trolley/ros2_ws/src/install/trolley_api:/home/zuiken/Documents/ichosai_2026_trolley/ros2_ws/src/install/trolley_interfaces:/home/zuiken/Documents/ichosai_2026_trolley/ros2_ws/src/install/trolley_cmd_mux:/home/zuiken/Documents/ichosai_2026_trolley/ros2_ws/src/install/trolley_bringup:/home/zuiken/Documents/ichosai_2026_trolley/ros2_ws/src/install/joy_teleop:/opt/ros/jazzy', 'SHELL': '/bin/bash', 'LESSCLOSE': '/usr/bin/lesspipe %s %s', 'ROS_AUTOMATIC_DISCOVERY_RANGE': 'SUBNET', 'VSCODE_GIT_ASKPASS_EXTRA_ARGS': '', 'PWD': '/home/zuiken/Documents/ichosai_2026_trolley/ros2_ws/src/build/trolley_bringup', 'COPILOT_DEBUG_NONCE': '588d225576d72e8c3f0154716e9a6b5b', 'SSH_CONNECTION': '192.168.0.101 64908 192.168.0.102 22', 'XDG_DATA_DIRS': '/usr/share/gnome:/usr/local/share:/usr/share:/var/lib/snapd/desktop', 'PYTHONPATH': '/home/zuiken/Documents/ichosai_2026_trolley/ros2_ws/src/build/trolley_bringup/prefix_override:/usr/lib/python3/dist-packages/colcon_core/task/python/colcon_distutils_commands:/home/zuiken/Documents/ichosai_2026_trolley/ros2_ws/src/install/trolley_bringup/lib/python3.12/site-packages:/home/zuiken/Documents/ichosai_2026_trolley/ros2_ws/src/install/trolley_drive/lib/python3.12/site-packages:/home/zuiken/Documents/ichosai_2026_trolley/ros2_ws/src/install/trolley_api/lib/python3.12/site-packages:/home/zuiken/Documents/ichosai_2026_trolley/ros2_ws/src/install/trolley_interfaces/lib/python3.12/site-packages:/home/zuiken/Documents/ichosai_2026_trolley/ros2_ws/src/install/trolley_cmd_mux/lib/python3.12/site-packages:/home/zuiken/Documents/ichosai_2026_trolley/ros2_ws/src/install/trolley_bringup/lib/python3.12/site-packages:/home/zuiken/Documents/ichosai_2026_trolley/ros2_ws/src/install/joy_teleop/lib/python3.12/site-packages:/opt/ros/jazzy/lib/python3.12/site-packages', 'COLCON': '1', 'CMAKE_PREFIX_PATH': '/home/zuiken/Documents/ichosai_2026_trolley/ros2_ws/src/install/trolley_interfaces:/opt/ros/jazzy/opt/gz_math_vendor:/opt/ros/jazzy/opt/gz_utils_vendor:/opt/ros/jazzy/opt/gz_cmake_vendor'}, 'shell': False}
[5.463565] (trolley_cmd_mux) Command: {'cmd': ['/usr/bin/python3', '-W', 'ignore:setup.py install is deprecated', '-W', 'ignore:easy_install command is deprecated', 'setup.py', 'egg_info', '--egg-base', '../build/trolley_cmd_mux', 'build', '--build-base', '/home/zuiken/Documents/ichosai_2026_trolley/ros2_ws/src/build/trolley_cmd_mux/build', 'install', '--record', '/home/zuiken/Documents/ichosai_2026_trolley/ros2_ws/src/build/trolley_cmd_mux/install.log', '--install-scripts', '$base/lib/trolley_cmd_mux', '--single-version-externally-managed', 'install_data'], 'cwd': '/home/zuiken/Documents/ichosai_2026_trolley/ros2_ws/src/trolley_cmd_mux', 'env': {'LESSOPEN': '| /usr/bin/lesspipe %s', 'USER': 'zuiken', 'SSH_CLIENT': '192.168.0.101 64908 22', 'XDG_SESSION_TYPE': 'tty', 'GIT_ASKPASS': '/home/zuiken/.vscode-server/cli/servers/Stable-a44adf7f53e00964ab890f9f8758a334f1fc15bc/server/extensions/git/dist/askpass.sh', 'SHLVL': '1', 'LD_LIBRARY_PATH': '/home/zuiken/Documents/ichosai_2026_trolley/ros2_ws/src/install/trolley_interfaces/lib:/opt/ros/jazzy/opt/rviz_ogre_vendor/lib:/opt/ros/jazzy/lib/aarch64-linux-gnu:/opt/ros/jazzy/opt/gz_math_vendor/lib:/opt/ros/jazzy/opt/gz_utils_vendor/lib:/opt/ros/jazzy/opt/gz_cmake_vendor/lib:/opt/ros/jazzy/lib', 'BROWSER': '/home/zuiken/.vscode-server/cli/servers/Stable-a44adf7f53e00964ab890f9f8758a334f1fc15bc/server/bin/helpers/browser.sh', 'HOME': '/home/zuiken', 'OLDPWD': '/home/zuiken/Documents/ichosai_2026_trolley/ros2_ws', 'TERM_PROGRAM_VERSION': '1.136.1', 'VSCODE_IPC_HOOK_CLI': '/run/user/1000/vscode-ipc-3bc5735e-987f-45d0-96d5-b09f81b4b655.sock', 'ROS_PYTHON_VERSION': '3', 'VSCODE_GIT_ASKPASS_MAIN': '/home/zuiken/.vscode-server/cli/servers/Stable-a44adf7f53e00964ab890f9f8758a334f1fc15bc/server/extensions/git/dist/askpass-main.js', 'VSCODE_GIT_ASKPASS_NODE': '/home/zuiken/.vscode-server/cli/servers/Stable-a44adf7f53e00964ab890f9f8758a334f1fc15bc/server/node', 'VSCODE_PYTHON_AUTOACTIVATE_GUARD': '1', 'DBUS_SESSION_BUS_ADDRESS': 'unix:path=/run/user/1000/bus', 'COLORTERM': 'truecolor', 'DEBUGINFOD_URLS': 'https://debuginfod.ubuntu.com', 'COLCON_PREFIX_PATH': '/home/zuiken/Documents/ichosai_2026_trolley/ros2_ws/src/install', 'ROS_DISTRO': 'jazzy', 'LOGNAME': 'zuiken', '_': '/usr/bin/colcon', 'ROS_VERSION': '2', 'XDG_SESSION_CLASS': 'user', 'TERM': 'xterm-256color', 'XDG_SESSION_ID': '58', 'PATH': '/home/zuiken/.vscode-server/data/User/globalStorage/github.copilot-chat/debugCommand:/home/zuiken/.vscode-server/data/User/globalStorage/github.copilot-chat/copilotCli:/home/zuiken/.vscode-server/cli/servers/Stable-a44adf7f53e00964ab890f9f8758a334f1fc15bc/server/bin/remote-cli:/home/zuiken/.local/bin:/opt/ros/jazzy/bin:/usr/local/sbin:/usr/local/bin:/usr/sbin:/usr/bin:/sbin:/bin:/usr/games:/usr/local/games:/snap/bin', 'XDG_RUNTIME_DIR': '/run/user/1000', 'LANG': 'C.UTF-8', 'LS_COLORS': 'rs=0:di=01;34:ln=01;36:mh=00:pi=40;33:so=01;35:do=01;35:bd=40;33;01:cd=40;33;01:or=40;31;01:mi=00:su=37;41:sg=30;43:ca=00:tw=30;42:ow=34;42:st=37;44:ex=01;32:*.tar=01;31:*.tgz=01;31:*.arc=01;31:*.arj=01;31:*.taz=01;31:*.lha=01;31:*.lz4=01;31:*.lzh=01;31:*.lzma=01;31:*.tlz=01;31:*.txz=01;31:*.tzo=01;31:*.t7z=01;31:*.zip=01;31:*.z=01;31:*.dz=01;31:*.gz=01;31:*.lrz=01;31:*.lz=01;31:*.lzo=01;31:*.xz=01;31:*.zst=01;31:*.tzst=01;31:*.bz2=01;31:*.bz=01;31:*.tbz=01;31:*.tbz2=01;31:*.tz=01;31:*.deb=01;31:*.rpm=01;31:*.jar=01;31:*.war=01;31:*.ear=01;31:*.sar=01;31:*.rar=01;31:*.alz=01;31:*.ace=01;31:*.zoo=01;31:*.cpio=01;31:*.7z=01;31:*.rz=01;31:*.cab=01;31:*.wim=01;31:*.swm=01;31:*.dwm=01;31:*.esd=01;31:*.avif=01;35:*.jpg=01;35:*.jpeg=01;35:*.mjpg=01;35:*.mjpeg=01;35:*.gif=01;35:*.bmp=01;35:*.pbm=01;35:*.pgm=01;35:*.ppm=01;35:*.tga=01;35:*.xbm=01;35:*.xpm=01;35:*.tif=01;35:*.tiff=01;35:*.png=01;35:*.svg=01;35:*.svgz=01;35:*.mng=01;35:*.pcx=01;35:*.mov=01;35:*.mpg=01;35:*.mpeg=01;35:*.m2v=01;35:*.mkv=01;35:*.webm=01;35:*.webp=01;35:*.ogm=01;35:*.mp4=01;35:*.m4v=01;35:*.mp4v=01;35:*.vob=01;35:*.qt=01;35:*.nuv=01;35:*.wmv=01;35:*.asf=01;35:*.rm=01;35:*.rmvb=01;35:*.flc=01;35:*.avi=01;35:*.fli=01;35:*.flv=01;35:*.gl=01;35:*.dl=01;35:*.xcf=01;35:*.xwd=01;35:*.yuv=01;35:*.cgm=01;35:*.emf=01;35:*.ogv=01;35:*.ogx=01;35:*.aac=00;36:*.au=00;36:*.flac=00;36:*.m4a=00;36:*.mid=00;36:*.midi=00;36:*.mka=00;36:*.mp3=00;36:*.mpc=00;36:*.ogg=00;36:*.ra=00;36:*.wav=00;36:*.oga=00;36:*.opus=00;36:*.spx=00;36:*.xspf=00;36:*~=00;90:*#=00;90:*.bak=00;90:*.crdownload=00;90:*.dpkg-dist=00;90:*.dpkg-new=00;90:*.dpkg-old=00;90:*.dpkg-tmp=00;90:*.old=00;90:*.orig=00;90:*.part=00;90:*.rej=00;90:*.rpmnew=00;90:*.rpmorig=00;90:*.rpmsave=00;90:*.swp=00;90:*.tmp=00;90:*.ucf-dist=00;90:*.ucf-new=00;90:*.ucf-old=00;90:', 'VSCODE_GIT_IPC_HANDLE': '/run/user/1000/vscode-git-3264b45195.sock', 'TERM_PROGRAM': 'vscode', 'AMENT_PREFIX_PATH': '/home/zuiken/Documents/ichosai_2026_trolley/ros2_ws/src/install/trolley_drive:/home/zuiken/Documents/ichosai_2026_trolley/ros2_ws/src/install/trolley_api:/home/zuiken/Documents/ichosai_2026_trolley/ros2_ws/src/install/trolley_interfaces:/home/zuiken/Documents/ichosai_2026_trolley/ros2_ws/src/install/trolley_cmd_mux:/home/zuiken/Documents/ichosai_2026_trolley/ros2_ws/src/install/trolley_bringup:/home/zuiken/Documents/ichosai_2026_trolley/ros2_ws/src/install/joy_teleop:/opt/ros/jazzy', 'SHELL': '/bin/bash', 'LESSCLOSE': '/usr/bin/lesspipe %s %s', 'ROS_AUTOMATIC_DISCOVERY_RANGE': 'SUBNET', 'VSCODE_GIT_ASKPASS_EXTRA_ARGS': '', 'PWD': '/home/zuiken/Documents/ichosai_2026_trolley/ros2_ws/src/build/trolley_cmd_mux', 'COPILOT_DEBUG_NONCE': '588d225576d72e8c3f0154716e9a6b5b', 'SSH_CONNECTION': '192.168.0.101 64908 192.168.0.102 22', 'XDG_DATA_DIRS': '/usr/share/gnome:/usr/local/share:/usr/share:/var/lib/snapd/desktop', 'PYTHONPATH': '/home/zuiken/Documents/ichosai_2026_trolley/ros2_ws/src/build/trolley_cmd_mux/prefix_override:/usr/lib/python3/dist-packages/colcon_core/task/python/colcon_distutils_commands:/home/zuiken/Documents/ichosai_2026_trolley/ros2_ws/src/install/trolley_cmd_mux/lib/python3.12/site-packages:/home/zuiken/Documents/ichosai_2026_trolley/ros2_ws/src/install/trolley_drive/lib/python3.12/site-packages:/home/zuiken/Documents/ichosai_2026_trolley/ros2_ws/src/install/trolley_api/lib/python3.12/site-packages:/home/zuiken/Documents/ichosai_2026_trolley/ros2_ws/src/install/trolley_interfaces/lib/python3.12/site-packages:/home/zuiken/Documents/ichosai_2026_trolley/ros2_ws/src/install/trolley_cmd_mux/lib/python3.12/site-packages:/home/zuiken/Documents/ichosai_2026_trolley/ros2_ws/src/install/trolley_bringup/lib/python3.12/site-packages:/home/zuiken/Documents/ichosai_2026_trolley/ros2_ws/src/install/joy_teleop/lib/python3.12/site-packages:/opt/ros/jazzy/lib/python3.12/site-packages', 'COLCON': '1', 'CMAKE_PREFIX_PATH': '/home/zuiken/Documents/ichosai_2026_trolley/ros2_ws/src/install/trolley_interfaces:/opt/ros/jazzy/opt/gz_math_vendor:/opt/ros/jazzy/opt/gz_utils_vendor:/opt/ros/jazzy/opt/gz_cmake_vendor'}, 'shell': False}
[5.464839] (-) TimerEvent: {}
[5.567021] (-) TimerEvent: {}
[5.667494] (-) TimerEvent: {}
[5.769856] (-) TimerEvent: {}
[5.870386] (-) TimerEvent: {}
[5.921286] (joy_teleop) StdoutLine: {'line': b'running egg_info\n'}
[5.961578] (joy_teleop) StdoutLine: {'line': b'writing ../build/joy_teleop/joy_teleop.egg-info/PKG-INFO\n'}
[5.963707] (joy_teleop) StdoutLine: {'line': b'writing dependency_links to ../build/joy_teleop/joy_teleop.egg-info/dependency_links.txt\n'}
[5.966779] (joy_teleop) StdoutLine: {'line': b'writing entry points to ../build/joy_teleop/joy_teleop.egg-info/entry_points.txt\n'}
[5.966993] (joy_teleop) StdoutLine: {'line': b'writing requirements to ../build/joy_teleop/joy_teleop.egg-info/requires.txt\n'}
[5.967129] (joy_teleop) StdoutLine: {'line': b'writing top-level names to ../build/joy_teleop/joy_teleop.egg-info/top_level.txt\n'}
[5.970520] (-) TimerEvent: {}
[5.973502] (trolley_bringup) StdoutLine: {'line': b'running egg_info\n'}
[6.003564] (trolley_cmd_mux) StdoutLine: {'line': b'running egg_info\n'}
[6.015218] (trolley_bringup) StdoutLine: {'line': b'writing ../build/trolley_bringup/trolley_bringup.egg-info/PKG-INFO\n'}
[6.017980] (trolley_bringup) StdoutLine: {'line': b'writing dependency_links to ../build/trolley_bringup/trolley_bringup.egg-info/dependency_links.txt\n'}
[6.018174] (trolley_bringup) StdoutLine: {'line': b'writing requirements to ../build/trolley_bringup/trolley_bringup.egg-info/requires.txt\n'}
[6.018319] (trolley_bringup) StdoutLine: {'line': b'writing top-level names to ../build/trolley_bringup/trolley_bringup.egg-info/top_level.txt\n'}
[6.043590] (trolley_cmd_mux) StdoutLine: {'line': b'writing ../build/trolley_cmd_mux/trolley_cmd_mux.egg-info/PKG-INFO\n'}
[6.046983] (trolley_cmd_mux) StdoutLine: {'line': b'writing dependency_links to ../build/trolley_cmd_mux/trolley_cmd_mux.egg-info/dependency_links.txt\n'}
[6.047673] (trolley_cmd_mux) StdoutLine: {'line': b'writing entry points to ../build/trolley_cmd_mux/trolley_cmd_mux.egg-info/entry_points.txt\n'}
[6.047839] (trolley_cmd_mux) StdoutLine: {'line': b'writing requirements to ../build/trolley_cmd_mux/trolley_cmd_mux.egg-info/requires.txt\n'}
[6.047954] (trolley_cmd_mux) StdoutLine: {'line': b'writing top-level names to ../build/trolley_cmd_mux/trolley_cmd_mux.egg-info/top_level.txt\n'}
[6.050590] (joy_teleop) StdoutLine: {'line': b"reading manifest file '../build/joy_teleop/joy_teleop.egg-info/SOURCES.txt'\n"}
[6.053156] (joy_teleop) StdoutLine: {'line': b"writing manifest file '../build/joy_teleop/joy_teleop.egg-info/SOURCES.txt'\n"}
[6.055796] (joy_teleop) StdoutLine: {'line': b'running build\n'}
[6.055997] (joy_teleop) StdoutLine: {'line': b'running build_py\n'}
[6.056121] (joy_teleop) StdoutLine: {'line': b'running install\n'}
[6.068875] (joy_teleop) StdoutLine: {'line': b'running install_lib\n'}
[6.071824] (-) TimerEvent: {}
[6.074205] (trolley_api) Command: {'cmd': ['/usr/bin/python3', '-W', 'ignore:setup.py install is deprecated', '-W', 'ignore:easy_install command is deprecated', 'setup.py', 'egg_info', '--egg-base', '../build/trolley_api', 'build', '--build-base', '/home/zuiken/Documents/ichosai_2026_trolley/ros2_ws/src/build/trolley_api/build', 'install', '--record', '/home/zuiken/Documents/ichosai_2026_trolley/ros2_ws/src/build/trolley_api/install.log', '--install-scripts', '$base/lib/trolley_api', '--single-version-externally-managed', 'install_data'], 'cwd': '/home/zuiken/Documents/ichosai_2026_trolley/ros2_ws/src/trolley_api', 'env': {'LESSOPEN': '| /usr/bin/lesspipe %s', 'USER': 'zuiken', 'SSH_CLIENT': '192.168.0.101 64908 22', 'XDG_SESSION_TYPE': 'tty', 'GIT_ASKPASS': '/home/zuiken/.vscode-server/cli/servers/Stable-a44adf7f53e00964ab890f9f8758a334f1fc15bc/server/extensions/git/dist/askpass.sh', 'SHLVL': '1', 'LD_LIBRARY_PATH': '/home/zuiken/Documents/ichosai_2026_trolley/ros2_ws/src/install/trolley_interfaces/lib:/opt/ros/jazzy/opt/rviz_ogre_vendor/lib:/opt/ros/jazzy/lib/aarch64-linux-gnu:/opt/ros/jazzy/opt/gz_math_vendor/lib:/opt/ros/jazzy/opt/gz_utils_vendor/lib:/opt/ros/jazzy/opt/gz_cmake_vendor/lib:/opt/ros/jazzy/lib', 'BROWSER': '/home/zuiken/.vscode-server/cli/servers/Stable-a44adf7f53e00964ab890f9f8758a334f1fc15bc/server/bin/helpers/browser.sh', 'HOME': '/home/zuiken', 'OLDPWD': '/home/zuiken/Documents/ichosai_2026_trolley/ros2_ws', 'TERM_PROGRAM_VERSION': '1.136.1', 'VSCODE_IPC_HOOK_CLI': '/run/user/1000/vscode-ipc-3bc5735e-987f-45d0-96d5-b09f81b4b655.sock', 'ROS_PYTHON_VERSION': '3', 'VSCODE_GIT_ASKPASS_MAIN': '/home/zuiken/.vscode-server/cli/servers/Stable-a44adf7f53e00964ab890f9f8758a334f1fc15bc/server/extensions/git/dist/askpass-main.js', 'VSCODE_GIT_ASKPASS_NODE': '/home/zuiken/.vscode-server/cli/servers/Stable-a44adf7f53e00964ab890f9f8758a334f1fc15bc/server/node', 'VSCODE_PYTHON_AUTOACTIVATE_GUARD': '1', 'DBUS_SESSION_BUS_ADDRESS': 'unix:path=/run/user/1000/bus', 'COLORTERM': 'truecolor', 'DEBUGINFOD_URLS': 'https://debuginfod.ubuntu.com', 'COLCON_PREFIX_PATH': '/home/zuiken/Documents/ichosai_2026_trolley/ros2_ws/src/install', 'ROS_DISTRO': 'jazzy', 'LOGNAME': 'zuiken', '_': '/usr/bin/colcon', 'ROS_VERSION': '2', 'XDG_SESSION_CLASS': 'user', 'TERM': 'xterm-256color', 'XDG_SESSION_ID': '58', 'PATH': '/home/zuiken/.vscode-server/data/User/globalStorage/github.copilot-chat/debugCommand:/home/zuiken/.vscode-server/data/User/globalStorage/github.copilot-chat/copilotCli:/home/zuiken/.vscode-server/cli/servers/Stable-a44adf7f53e00964ab890f9f8758a334f1fc15bc/server/bin/remote-cli:/home/zuiken/.local/bin:/opt/ros/jazzy/bin:/usr/local/sbin:/usr/local/bin:/usr/sbin:/usr/bin:/sbin:/bin:/usr/games:/usr/local/games:/snap/bin', 'XDG_RUNTIME_DIR': '/run/user/1000', 'LANG': 'C.UTF-8', 'LS_COLORS': 'rs=0:di=01;34:ln=01;36:mh=00:pi=40;33:so=01;35:do=01;35:bd=40;33;01:cd=40;33;01:or=40;31;01:mi=00:su=37;41:sg=30;43:ca=00:tw=30;42:ow=34;42:st=37;44:ex=01;32:*.tar=01;31:*.tgz=01;31:*.arc=01;31:*.arj=01;31:*.taz=01;31:*.lha=01;31:*.lz4=01;31:*.lzh=01;31:*.lzma=01;31:*.tlz=01;31:*.txz=01;31:*.tzo=01;31:*.t7z=01;31:*.zip=01;31:*.z=01;31:*.dz=01;31:*.gz=01;31:*.lrz=01;31:*.lz=01;31:*.lzo=01;31:*.xz=01;31:*.zst=01;31:*.tzst=01;31:*.bz2=01;31:*.bz=01;31:*.tbz=01;31:*.tbz2=01;31:*.tz=01;31:*.deb=01;31:*.rpm=01;31:*.jar=01;31:*.war=01;31:*.ear=01;31:*.sar=01;31:*.rar=01;31:*.alz=01;31:*.ace=01;31:*.zoo=01;31:*.cpio=01;31:*.7z=01;31:*.rz=01;31:*.cab=01;31:*.wim=01;31:*.swm=01;31:*.dwm=01;31:*.esd=01;31:*.avif=01;35:*.jpg=01;35:*.jpeg=01;35:*.mjpg=01;35:*.mjpeg=01;35:*.gif=01;35:*.bmp=01;35:*.pbm=01;35:*.pgm=01;35:*.ppm=01;35:*.tga=01;35:*.xbm=01;35:*.xpm=01;35:*.tif=01;35:*.tiff=01;35:*.png=01;35:*.svg=01;35:*.svgz=01;35:*.mng=01;35:*.pcx=01;35:*.mov=01;35:*.mpg=01;35:*.mpeg=01;35:*.m2v=01;35:*.mkv=01;35:*.webm=01;35:*.webp=01;35:*.ogm=01;35:*.mp4=01;35:*.m4v=01;35:*.mp4v=01;35:*.vob=01;35:*.qt=01;35:*.nuv=01;35:*.wmv=01;35:*.asf=01;35:*.rm=01;35:*.rmvb=01;35:*.flc=01;35:*.avi=01;35:*.fli=01;35:*.flv=01;35:*.gl=01;35:*.dl=01;35:*.xcf=01;35:*.xwd=01;35:*.yuv=01;35:*.cgm=01;35:*.emf=01;35:*.ogv=01;35:*.ogx=01;35:*.aac=00;36:*.au=00;36:*.flac=00;36:*.m4a=00;36:*.mid=00;36:*.midi=00;36:*.mka=00;36:*.mp3=00;36:*.mpc=00;36:*.ogg=00;36:*.ra=00;36:*.wav=00;36:*.oga=00;36:*.opus=00;36:*.spx=00;36:*.xspf=00;36:*~=00;90:*#=00;90:*.bak=00;90:*.crdownload=00;90:*.dpkg-dist=00;90:*.dpkg-new=00;90:*.dpkg-old=00;90:*.dpkg-tmp=00;90:*.old=00;90:*.orig=00;90:*.part=00;90:*.rej=00;90:*.rpmnew=00;90:*.rpmorig=00;90:*.rpmsave=00;90:*.swp=00;90:*.tmp=00;90:*.ucf-dist=00;90:*.ucf-new=00;90:*.ucf-old=00;90:', 'VSCODE_GIT_IPC_HANDLE': '/run/user/1000/vscode-git-3264b45195.sock', 'TERM_PROGRAM': 'vscode', 'AMENT_PREFIX_PATH': '/home/zuiken/Documents/ichosai_2026_trolley/ros2_ws/src/install/trolley_drive:/home/zuiken/Documents/ichosai_2026_trolley/ros2_ws/src/install/trolley_api:/home/zuiken/Documents/ichosai_2026_trolley/ros2_ws/src/install/trolley_interfaces:/home/zuiken/Documents/ichosai_2026_trolley/ros2_ws/src/install/trolley_cmd_mux:/home/zuiken/Documents/ichosai_2026_trolley/ros2_ws/src/install/trolley_bringup:/home/zuiken/Documents/ichosai_2026_trolley/ros2_ws/src/install/joy_teleop:/opt/ros/jazzy', 'SHELL': '/bin/bash', 'LESSCLOSE': '/usr/bin/lesspipe %s %s', 'ROS_AUTOMATIC_DISCOVERY_RANGE': 'SUBNET', 'VSCODE_GIT_ASKPASS_EXTRA_ARGS': '', 'PWD': '/home/zuiken/Documents/ichosai_2026_trolley/ros2_ws/src/build/trolley_api', 'COPILOT_DEBUG_NONCE': '588d225576d72e8c3f0154716e9a6b5b', 'SSH_CONNECTION': '192.168.0.101 64908 192.168.0.102 22', 'XDG_DATA_DIRS': '/usr/share/gnome:/usr/local/share:/usr/share:/var/lib/snapd/desktop', 'PYTHONPATH': '/home/zuiken/Documents/ichosai_2026_trolley/ros2_ws/src/build/trolley_api/prefix_override:/usr/lib/python3/dist-packages/colcon_core/task/python/colcon_distutils_commands:/home/zuiken/Documents/ichosai_2026_trolley/ros2_ws/src/install/trolley_api/lib/python3.12/site-packages:/home/zuiken/Documents/ichosai_2026_trolley/ros2_ws/src/install/trolley_interfaces/lib/python3.12/site-packages:/home/zuiken/Documents/ichosai_2026_trolley/ros2_ws/src/install/trolley_drive/lib/python3.12/site-packages:/home/zuiken/Documents/ichosai_2026_trolley/ros2_ws/src/install/trolley_api/lib/python3.12/site-packages:/home/zuiken/Documents/ichosai_2026_trolley/ros2_ws/src/install/trolley_cmd_mux/lib/python3.12/site-packages:/home/zuiken/Documents/ichosai_2026_trolley/ros2_ws/src/install/trolley_bringup/lib/python3.12/site-packages:/home/zuiken/Documents/ichosai_2026_trolley/ros2_ws/src/install/joy_teleop/lib/python3.12/site-packages:/opt/ros/jazzy/lib/python3.12/site-packages', 'COLCON': '1', 'CMAKE_PREFIX_PATH': '/home/zuiken/Documents/ichosai_2026_trolley/ros2_ws/src/install/trolley_interfaces:/opt/ros/jazzy/opt/gz_math_vendor:/opt/ros/jazzy/opt/gz_utils_vendor:/opt/ros/jazzy/opt/gz_cmake_vendor'}, 'shell': False}
[6.102447] (trolley_bringup) StdoutLine: {'line': b"reading manifest file '../build/trolley_bringup/trolley_bringup.egg-info/SOURCES.txt'\n"}
[6.104575] (joy_teleop) StdoutLine: {'line': b'running install_data\n'}
[6.104857] (joy_teleop) StdoutLine: {'line': b'running install_egg_info\n'}
[6.104969] (trolley_bringup) StdoutLine: {'line': b"writing manifest file '../build/trolley_bringup/trolley_bringup.egg-info/SOURCES.txt'\n"}
[6.105837] (trolley_bringup) StdoutLine: {'line': b'running build\n'}
[6.106311] (trolley_bringup) StdoutLine: {'line': b'running build_py\n'}
[6.107186] (trolley_bringup) StdoutLine: {'line': b'running install\n'}
[6.120655] (trolley_bringup) StdoutLine: {'line': b'running install_lib\n'}
[6.127528] (trolley_cmd_mux) StdoutLine: {'line': b"reading manifest file '../build/trolley_cmd_mux/trolley_cmd_mux.egg-info/SOURCES.txt'\n"}
[6.127880] (trolley_cmd_mux) StdoutLine: {'line': b"writing manifest file '../build/trolley_cmd_mux/trolley_cmd_mux.egg-info/SOURCES.txt'\n"}
[6.128694] (trolley_cmd_mux) StdoutLine: {'line': b'running build\n'}
[6.129194] (trolley_cmd_mux) StdoutLine: {'line': b'running build_py\n'}
[6.131271] (trolley_cmd_mux) StdoutLine: {'line': b'running install\n'}
[6.142535] (trolley_cmd_mux) StdoutLine: {'line': b'running install_lib\n'}
[6.147447] (joy_teleop) StdoutLine: {'line': b"removing '/home/zuiken/Documents/ichosai_2026_trolley/ros2_ws/src/install/joy_teleop/lib/python3.12/site-packages/joy_teleop-0.0.0-py3.12.egg-info' (and everything under it)\n"}
[6.148821] (joy_teleop) StdoutLine: {'line': b'Copying ../build/joy_teleop/joy_teleop.egg-info to /home/zuiken/Documents/ichosai_2026_trolley/ros2_ws/src/install/joy_teleop/lib/python3.12/site-packages/joy_teleop-0.0.0-py3.12.egg-info\n'}
[6.150410] (joy_teleop) StdoutLine: {'line': b'running install_scripts\n'}
[6.163517] (trolley_bringup) StdoutLine: {'line': b'running install_data\n'}
[6.164363] (trolley_bringup) StdoutLine: {'line': b'running install_egg_info\n'}
[6.173520] (-) TimerEvent: {}
[6.182010] (trolley_cmd_mux) StdoutLine: {'line': b'running install_data\n'}
[6.182654] (trolley_cmd_mux) StdoutLine: {'line': b'running install_egg_info\n'}
[6.203798] (trolley_bringup) StdoutLine: {'line': b"removing '/home/zuiken/Documents/ichosai_2026_trolley/ros2_ws/src/install/trolley_bringup/lib/python3.12/site-packages/trolley_bringup-0.0.0-py3.12.egg-info' (and everything under it)\n"}
[6.206641] (trolley_bringup) StdoutLine: {'line': b'Copying ../build/trolley_bringup/trolley_bringup.egg-info to /home/zuiken/Documents/ichosai_2026_trolley/ros2_ws/src/install/trolley_bringup/lib/python3.12/site-packages/trolley_bringup-0.0.0-py3.12.egg-info\n'}
[6.210308] (trolley_bringup) StdoutLine: {'line': b'running install_scripts\n'}
[6.225519] (trolley_cmd_mux) StdoutLine: {'line': b"removing '/home/zuiken/Documents/ichosai_2026_trolley/ros2_ws/src/install/trolley_cmd_mux/lib/python3.12/site-packages/trolley_cmd_mux-0.0.0-py3.12.egg-info' (and everything under it)\n"}
[6.226166] (trolley_cmd_mux) StdoutLine: {'line': b'Copying ../build/trolley_cmd_mux/trolley_cmd_mux.egg-info to /home/zuiken/Documents/ichosai_2026_trolley/ros2_ws/src/install/trolley_cmd_mux/lib/python3.12/site-packages/trolley_cmd_mux-0.0.0-py3.12.egg-info\n'}
[6.228344] (trolley_cmd_mux) StdoutLine: {'line': b'running install_scripts\n'}
[6.273649] (-) TimerEvent: {}
[6.374127] (-) TimerEvent: {}
[6.385523] (joy_teleop) StdoutLine: {'line': b'Installing joy_teleop script to /home/zuiken/Documents/ichosai_2026_trolley/ros2_ws/src/install/joy_teleop/lib/joy_teleop\n'}
[6.386412] (joy_teleop) StdoutLine: {'line': b"writing list of installed files to '/home/zuiken/Documents/ichosai_2026_trolley/ros2_ws/src/build/joy_teleop/install.log'\n"}
[6.472420] (trolley_bringup) StdoutLine: {'line': b"writing list of installed files to '/home/zuiken/Documents/ichosai_2026_trolley/ros2_ws/src/build/trolley_bringup/install.log'\n"}
[6.474244] (-) TimerEvent: {}
[6.520115] (trolley_cmd_mux) StdoutLine: {'line': b'Installing cmd_vel_mux script to /home/zuiken/Documents/ichosai_2026_trolley/ros2_ws/src/install/trolley_cmd_mux/lib/trolley_cmd_mux\n'}
[6.523480] (trolley_cmd_mux) StdoutLine: {'line': b"writing list of installed files to '/home/zuiken/Documents/ichosai_2026_trolley/ros2_ws/src/build/trolley_cmd_mux/install.log'\n"}
[6.576577] (-) TimerEvent: {}
[6.634767] (joy_teleop) CommandEnded: {'returncode': 0}
[6.654178] (joy_teleop) JobEnded: {'identifier': 'joy_teleop', 'rc': 0}
[6.658865] (trolley_drive) JobStarted: {'identifier': 'trolley_drive'}
[6.676773] (-) TimerEvent: {}
[6.690783] (trolley_api) StdoutLine: {'line': b'running egg_info\n'}
[6.730758] (trolley_api) StdoutLine: {'line': b'writing ../build/trolley_api/trolley_api.egg-info/PKG-INFO\n'}
[6.776835] (-) TimerEvent: {}
[6.877230] (-) TimerEvent: {}
[6.977580] (-) TimerEvent: {}
[7.066123] (trolley_api) StdoutLine: {'line': b'writing dependency_links to ../build/trolley_api/trolley_api.egg-info/dependency_links.txt\n'}
[7.066627] (trolley_api) StdoutLine: {'line': b'writing entry points to ../build/trolley_api/trolley_api.egg-info/entry_points.txt\n'}
[7.067005] (trolley_api) StdoutLine: {'line': b'writing requirements to ../build/trolley_api/trolley_api.egg-info/requires.txt\n'}
[7.067259] (trolley_api) StdoutLine: {'line': b'writing top-level names to ../build/trolley_api/trolley_api.egg-info/top_level.txt\n'}
[7.078675] (trolley_cmd_mux) CommandEnded: {'returncode': 0}
[7.079896] (-) TimerEvent: {}
[7.129987] (trolley_cmd_mux) JobEnded: {'identifier': 'trolley_cmd_mux', 'rc': 0}
[7.133785] (trolley_bringup) CommandEnded: {'returncode': 0}
[7.134589] (trolley_api) StdoutLine: {'line': b"reading manifest file '../build/trolley_api/trolley_api.egg-info/SOURCES.txt'\n"}
[7.134815] (trolley_api) StdoutLine: {'line': b"writing manifest file '../build/trolley_api/trolley_api.egg-info/SOURCES.txt'\n"}
[7.135870] (trolley_api) StdoutLine: {'line': b'running build\n'}
[7.136027] (trolley_api) StdoutLine: {'line': b'running build_py\n'}
[7.136545] (trolley_api) StdoutLine: {'line': b'running install\n'}
[7.147184] (trolley_api) StdoutLine: {'line': b'running install_lib\n'}
[7.175816] (trolley_api) StdoutLine: {'line': b'running install_data\n'}
[7.176306] (trolley_api) StdoutLine: {'line': b'running install_egg_info\n'}
[7.177900] (trolley_bringup) JobEnded: {'identifier': 'trolley_bringup', 'rc': 0}
[7.182618] (-) TimerEvent: {}
[7.207694] (trolley_api) StdoutLine: {'line': b"removing '/home/zuiken/Documents/ichosai_2026_trolley/ros2_ws/src/install/trolley_api/lib/python3.12/site-packages/trolley_api-0.0.0-py3.12.egg-info' (and everything under it)\n"}
[7.209224] (trolley_api) StdoutLine: {'line': b'Copying ../build/trolley_api/trolley_api.egg-info to /home/zuiken/Documents/ichosai_2026_trolley/ros2_ws/src/install/trolley_api/lib/python3.12/site-packages/trolley_api-0.0.0-py3.12.egg-info\n'}
[7.210056] (trolley_api) StdoutLine: {'line': b'running install_scripts\n'}
[7.282718] (-) TimerEvent: {}
[7.383193] (-) TimerEvent: {}
[7.409529] (trolley_api) StdoutLine: {'line': b'Installing api_server script to /home/zuiken/Documents/ichosai_2026_trolley/ros2_ws/src/install/trolley_api/lib/trolley_api\n'}
[7.410224] (trolley_api) StdoutLine: {'line': b"writing list of installed files to '/home/zuiken/Documents/ichosai_2026_trolley/ros2_ws/src/build/trolley_api/install.log'\n"}
[7.483321] (-) TimerEvent: {}
[7.504321] (trolley_api) CommandEnded: {'returncode': 0}
[7.514070] (trolley_api) JobEnded: {'identifier': 'trolley_api', 'rc': 0}
[7.583420] (-) TimerEvent: {}
[7.683751] (-) TimerEvent: {}
[7.784085] (-) TimerEvent: {}
[7.884395] (-) TimerEvent: {}
[7.984743] (-) TimerEvent: {}
[8.085196] (-) TimerEvent: {}
[8.104304] (trolley_drive) Command: {'cmd': ['/usr/bin/python3', '-W', 'ignore:setup.py install is deprecated', '-W', 'ignore:easy_install command is deprecated', 'setup.py', 'egg_info', '--egg-base', '../build/trolley_drive', 'build', '--build-base', '/home/zuiken/Documents/ichosai_2026_trolley/ros2_ws/src/build/trolley_drive/build', 'install', '--record', '/home/zuiken/Documents/ichosai_2026_trolley/ros2_ws/src/build/trolley_drive/install.log', '--install-scripts', '$base/lib/trolley_drive', '--single-version-externally-managed', 'install_data'], 'cwd': '/home/zuiken/Documents/ichosai_2026_trolley/ros2_ws/src/trolley_drive', 'env': {'LESSOPEN': '| /usr/bin/lesspipe %s', 'USER': 'zuiken', 'SSH_CLIENT': '192.168.0.101 64908 22', 'XDG_SESSION_TYPE': 'tty', 'GIT_ASKPASS': '/home/zuiken/.vscode-server/cli/servers/Stable-a44adf7f53e00964ab890f9f8758a334f1fc15bc/server/extensions/git/dist/askpass.sh', 'SHLVL': '1', 'LD_LIBRARY_PATH': '/home/zuiken/Documents/ichosai_2026_trolley/ros2_ws/src/install/trolley_interfaces/lib:/opt/ros/jazzy/opt/rviz_ogre_vendor/lib:/opt/ros/jazzy/lib/aarch64-linux-gnu:/opt/ros/jazzy/opt/gz_math_vendor/lib:/opt/ros/jazzy/opt/gz_utils_vendor/lib:/opt/ros/jazzy/opt/gz_cmake_vendor/lib:/opt/ros/jazzy/lib', 'BROWSER': '/home/zuiken/.vscode-server/cli/servers/Stable-a44adf7f53e00964ab890f9f8758a334f1fc15bc/server/bin/helpers/browser.sh', 'HOME': '/home/zuiken', 'OLDPWD': '/home/zuiken/Documents/ichosai_2026_trolley/ros2_ws', 'TERM_PROGRAM_VERSION': '1.136.1', 'VSCODE_IPC_HOOK_CLI': '/run/user/1000/vscode-ipc-3bc5735e-987f-45d0-96d5-b09f81b4b655.sock', 'ROS_PYTHON_VERSION': '3', 'VSCODE_GIT_ASKPASS_MAIN': '/home/zuiken/.vscode-server/cli/servers/Stable-a44adf7f53e00964ab890f9f8758a334f1fc15bc/server/extensions/git/dist/askpass-main.js', 'VSCODE_GIT_ASKPASS_NODE': '/home/zuiken/.vscode-server/cli/servers/Stable-a44adf7f53e00964ab890f9f8758a334f1fc15bc/server/node', 'VSCODE_PYTHON_AUTOACTIVATE_GUARD': '1', 'DBUS_SESSION_BUS_ADDRESS': 'unix:path=/run/user/1000/bus', 'COLORTERM': 'truecolor', 'DEBUGINFOD_URLS': 'https://debuginfod.ubuntu.com', 'COLCON_PREFIX_PATH': '/home/zuiken/Documents/ichosai_2026_trolley/ros2_ws/src/install', 'ROS_DISTRO': 'jazzy', 'LOGNAME': 'zuiken', '_': '/usr/bin/colcon', 'ROS_VERSION': '2', 'XDG_SESSION_CLASS': 'user', 'TERM': 'xterm-256color', 'XDG_SESSION_ID': '58', 'PATH': '/home/zuiken/.vscode-server/data/User/globalStorage/github.copilot-chat/debugCommand:/home/zuiken/.vscode-server/data/User/globalStorage/github.copilot-chat/copilotCli:/home/zuiken/.vscode-server/cli/servers/Stable-a44adf7f53e00964ab890f9f8758a334f1fc15bc/server/bin/remote-cli:/home/zuiken/.local/bin:/opt/ros/jazzy/bin:/usr/local/sbin:/usr/local/bin:/usr/sbin:/usr/bin:/sbin:/bin:/usr/games:/usr/local/games:/snap/bin', 'XDG_RUNTIME_DIR': '/run/user/1000', 'LANG': 'C.UTF-8', 'LS_COLORS': 'rs=0:di=01;34:ln=01;36:mh=00:pi=40;33:so=01;35:do=01;35:bd=40;33;01:cd=40;33;01:or=40;31;01:mi=00:su=37;41:sg=30;43:ca=00:tw=30;42:ow=34;42:st=37;44:ex=01;32:*.tar=01;31:*.tgz=01;31:*.arc=01;31:*.arj=01;31:*.taz=01;31:*.lha=01;31:*.lz4=01;31:*.lzh=01;31:*.lzma=01;31:*.tlz=01;31:*.txz=01;31:*.tzo=01;31:*.t7z=01;31:*.zip=01;31:*.z=01;31:*.dz=01;31:*.gz=01;31:*.lrz=01;31:*.lz=01;31:*.lzo=01;31:*.xz=01;31:*.zst=01;31:*.tzst=01;31:*.bz2=01;31:*.bz=01;31:*.tbz=01;31:*.tbz2=01;31:*.tz=01;31:*.deb=01;31:*.rpm=01;31:*.jar=01;31:*.war=01;31:*.ear=01;31:*.sar=01;31:*.rar=01;31:*.alz=01;31:*.ace=01;31:*.zoo=01;31:*.cpio=01;31:*.7z=01;31:*.rz=01;31:*.cab=01;31:*.wim=01;31:*.swm=01;31:*.dwm=01;31:*.esd=01;31:*.avif=01;35:*.jpg=01;35:*.jpeg=01;35:*.mjpg=01;35:*.mjpeg=01;35:*.gif=01;35:*.bmp=01;35:*.pbm=01;35:*.pgm=01;35:*.ppm=01;35:*.tga=01;35:*.xbm=01;35:*.xpm=01;35:*.tif=01;35:*.tiff=01;35:*.png=01;35:*.svg=01;35:*.svgz=01;35:*.mng=01;35:*.pcx=01;35:*.mov=01;35:*.mpg=01;35:*.mpeg=01;35:*.m2v=01;35:*.mkv=01;35:*.webm=01;35:*.webp=01;35:*.ogm=01;35:*.mp4=01;35:*.m4v=01;35:*.mp4v=01;35:*.vob=01;35:*.qt=01;35:*.nuv=01;35:*.wmv=01;35:*.asf=01;35:*.rm=01;35:*.rmvb=01;35:*.flc=01;35:*.avi=01;35:*.fli=01;35:*.flv=01;35:*.gl=01;35:*.dl=01;35:*.xcf=01;35:*.xwd=01;35:*.yuv=01;35:*.cgm=01;35:*.emf=01;35:*.ogv=01;35:*.ogx=01;35:*.aac=00;36:*.au=00;36:*.flac=00;36:*.m4a=00;36:*.mid=00;36:*.midi=00;36:*.mka=00;36:*.mp3=00;36:*.mpc=00;36:*.ogg=00;36:*.ra=00;36:*.wav=00;36:*.oga=00;36:*.opus=00;36:*.spx=00;36:*.xspf=00;36:*~=00;90:*#=00;90:*.bak=00;90:*.crdownload=00;90:*.dpkg-dist=00;90:*.dpkg-new=00;90:*.dpkg-old=00;90:*.dpkg-tmp=00;90:*.old=00;90:*.orig=00;90:*.part=00;90:*.rej=00;90:*.rpmnew=00;90:*.rpmorig=00;90:*.rpmsave=00;90:*.swp=00;90:*.tmp=00;90:*.ucf-dist=00;90:*.ucf-new=00;90:*.ucf-old=00;90:', 'VSCODE_GIT_IPC_HANDLE': '/run/user/1000/vscode-git-3264b45195.sock', 'TERM_PROGRAM': 'vscode', 'AMENT_PREFIX_PATH': '/home/zuiken/Documents/ichosai_2026_trolley/ros2_ws/src/install/trolley_drive:/home/zuiken/Documents/ichosai_2026_trolley/ros2_ws/src/install/trolley_api:/home/zuiken/Documents/ichosai_2026_trolley/ros2_ws/src/install/trolley_interfaces:/home/zuiken/Documents/ichosai_2026_trolley/ros2_ws/src/install/trolley_cmd_mux:/home/zuiken/Documents/ichosai_2026_trolley/ros2_ws/src/install/trolley_bringup:/home/zuiken/Documents/ichosai_2026_trolley/ros2_ws/src/install/joy_teleop:/opt/ros/jazzy', 'SHELL': '/bin/bash', 'LESSCLOSE': '/usr/bin/lesspipe %s %s', 'ROS_AUTOMATIC_DISCOVERY_RANGE': 'SUBNET', 'VSCODE_GIT_ASKPASS_EXTRA_ARGS': '', 'PWD': '/home/zuiken/Documents/ichosai_2026_trolley/ros2_ws/src/build/trolley_drive', 'COPILOT_DEBUG_NONCE': '588d225576d72e8c3f0154716e9a6b5b', 'SSH_CONNECTION': '192.168.0.101 64908 192.168.0.102 22', 'XDG_DATA_DIRS': '/usr/share/gnome:/usr/local/share:/usr/share:/var/lib/snapd/desktop', 'PYTHONPATH': '/home/zuiken/Documents/ichosai_2026_trolley/ros2_ws/src/build/trolley_drive/prefix_override:/usr/lib/python3/dist-packages/colcon_core/task/python/colcon_distutils_commands:/home/zuiken/Documents/ichosai_2026_trolley/ros2_ws/src/install/trolley_drive/lib/python3.12/site-packages:/home/zuiken/Documents/ichosai_2026_trolley/ros2_ws/src/install/trolley_interfaces/lib/python3.12/site-packages:/home/zuiken/Documents/ichosai_2026_trolley/ros2_ws/src/install/trolley_drive/lib/python3.12/site-packages:/home/zuiken/Documents/ichosai_2026_trolley/ros2_ws/src/install/trolley_api/lib/python3.12/site-packages:/home/zuiken/Documents/ichosai_2026_trolley/ros2_ws/src/install/trolley_cmd_mux/lib/python3.12/site-packages:/home/zuiken/Documents/ichosai_2026_trolley/ros2_ws/src/install/trolley_bringup/lib/python3.12/site-packages:/home/zuiken/Documents/ichosai_2026_trolley/ros2_ws/src/install/joy_teleop/lib/python3.12/site-packages:/opt/ros/jazzy/lib/python3.12/site-packages', 'COLCON': '1', 'CMAKE_PREFIX_PATH': '/home/zuiken/Documents/ichosai_2026_trolley/ros2_ws/src/install/trolley_interfaces:/opt/ros/jazzy/opt/gz_math_vendor:/opt/ros/jazzy/opt/gz_utils_vendor:/opt/ros/jazzy/opt/gz_cmake_vendor'}, 'shell': False}
[8.185297] (-) TimerEvent: {}
[8.285679] (-) TimerEvent: {}
[8.385999] (-) TimerEvent: {}
[8.479606] (trolley_drive) StdoutLine: {'line': b'running egg_info\n'}
[8.486065] (-) TimerEvent: {}
[8.506208] (trolley_drive) StdoutLine: {'line': b'writing ../build/trolley_drive/trolley_drive.egg-info/PKG-INFO\n'}
[8.506641] (trolley_drive) StdoutLine: {'line': b'writing dependency_links to ../build/trolley_drive/trolley_drive.egg-info/dependency_links.txt\n'}
[8.506933] (trolley_drive) StdoutLine: {'line': b'writing entry points to ../build/trolley_drive/trolley_drive.egg-info/entry_points.txt\n'}
[8.507137] (trolley_drive) StdoutLine: {'line': b'writing requirements to ../build/trolley_drive/trolley_drive.egg-info/requires.txt\n'}
[8.507326] (trolley_drive) StdoutLine: {'line': b'writing top-level names to ../build/trolley_drive/trolley_drive.egg-info/top_level.txt\n'}
[8.561447] (trolley_drive) StdoutLine: {'line': b"reading manifest file '../build/trolley_drive/trolley_drive.egg-info/SOURCES.txt'\n"}
[8.562613] (trolley_drive) StdoutLine: {'line': b"writing manifest file '../build/trolley_drive/trolley_drive.egg-info/SOURCES.txt'\n"}
[8.562875] (trolley_drive) StdoutLine: {'line': b'running build\n'}
[8.563036] (trolley_drive) StdoutLine: {'line': b'running build_py\n'}
[8.563406] (trolley_drive) StdoutLine: {'line': b'running install\n'}
[8.572665] (trolley_drive) StdoutLine: {'line': b'running install_lib\n'}
[8.586137] (-) TimerEvent: {}
[8.599998] (trolley_drive) StdoutLine: {'line': b'running install_data\n'}
[8.600321] (trolley_drive) StdoutLine: {'line': b'running install_egg_info\n'}
[8.628628] (trolley_drive) StdoutLine: {'line': b"removing '/home/zuiken/Documents/ichosai_2026_trolley/ros2_ws/src/install/trolley_drive/lib/python3.12/site-packages/trolley_drive-0.0.0-py3.12.egg-info' (and everything under it)\n"}
[8.629586] (trolley_drive) StdoutLine: {'line': b'Copying ../build/trolley_drive/trolley_drive.egg-info to /home/zuiken/Documents/ichosai_2026_trolley/ros2_ws/src/install/trolley_drive/lib/python3.12/site-packages/trolley_drive-0.0.0-py3.12.egg-info\n'}
[8.630724] (trolley_drive) StdoutLine: {'line': b'running install_scripts\n'}
[8.686251] (-) TimerEvent: {}
[8.786603] (-) TimerEvent: {}
[8.817600] (trolley_drive) StdoutLine: {'line': b'Installing drive_node script to /home/zuiken/Documents/ichosai_2026_trolley/ros2_ws/src/install/trolley_drive/lib/trolley_drive\n'}
[8.818203] (trolley_drive) StdoutLine: {'line': b"writing list of installed files to '/home/zuiken/Documents/ichosai_2026_trolley/ros2_ws/src/build/trolley_drive/install.log'\n"}
[8.886730] (-) TimerEvent: {}
[8.906471] (trolley_drive) CommandEnded: {'returncode': 0}
[8.914584] (trolley_drive) JobEnded: {'identifier': 'trolley_drive', 'rc': 0}
[8.916357] (-) EventReactorShutdown: {}
