[0.000000] (-) TimerEvent: {}
[0.000368] (joy_teleop) JobQueued: {'identifier': 'joy_teleop', 'dependencies': OrderedDict()}
[0.000702] (trolley_bringup) JobQueued: {'identifier': 'trolley_bringup', 'dependencies': OrderedDict()}
[0.000864] (trolley_cmd_mux) JobQueued: {'identifier': 'trolley_cmd_mux', 'dependencies': OrderedDict()}
[0.000896] (trolley_interfaces) JobQueued: {'identifier': 'trolley_interfaces', 'dependencies': OrderedDict()}
[0.001121] (trolley_api) JobQueued: {'identifier': 'trolley_api', 'dependencies': OrderedDict({'trolley_interfaces': '/home/zuiken/Documents/ichosai_2026_trolley/ros2_ws/src/install/trolley_interfaces'})}
[0.001251] (trolley_drive) JobQueued: {'identifier': 'trolley_drive', 'dependencies': OrderedDict({'trolley_interfaces': '/home/zuiken/Documents/ichosai_2026_trolley/ros2_ws/src/install/trolley_interfaces'})}
[0.001277] (trolley_interfaces) JobStarted: {'identifier': 'trolley_interfaces'}
[0.099719] (-) TimerEvent: {}
[0.200129] (-) TimerEvent: {}
[0.240018] (joy_teleop) JobStarted: {'identifier': 'joy_teleop'}
[0.251056] (trolley_bringup) JobStarted: {'identifier': 'trolley_bringup'}
[0.258785] (trolley_cmd_mux) JobStarted: {'identifier': 'trolley_cmd_mux'}
[0.300252] (-) TimerEvent: {}
[0.400652] (-) TimerEvent: {}
[0.482841] (trolley_interfaces) JobProgress: {'identifier': 'trolley_interfaces', 'progress': 'cmake'}
[0.483962] (trolley_interfaces) JobProgress: {'identifier': 'trolley_interfaces', 'progress': 'build'}
[0.484972] (trolley_interfaces) Command: {'cmd': ['/usr/bin/cmake', '--build', '/home/zuiken/Documents/ichosai_2026_trolley/ros2_ws/src/build/trolley_interfaces', '--', '-j4', '-l4'], 'cwd': '/home/zuiken/Documents/ichosai_2026_trolley/ros2_ws/src/build/trolley_interfaces', 'env': OrderedDict({'LESSOPEN': '| /usr/bin/lesspipe %s', 'USER': 'zuiken', 'SSH_CLIENT': '192.168.0.101 64908 22', 'XDG_SESSION_TYPE': 'tty', 'GIT_ASKPASS': '/home/zuiken/.vscode-server/cli/servers/Stable-a44adf7f53e00964ab890f9f8758a334f1fc15bc/server/extensions/git/dist/askpass.sh', 'SHLVL': '1', 'LD_LIBRARY_PATH': '/home/zuiken/Documents/ichosai_2026_trolley/ros2_ws/src/install/trolley_interfaces/lib:/opt/ros/jazzy/opt/rviz_ogre_vendor/lib:/opt/ros/jazzy/lib/aarch64-linux-gnu:/opt/ros/jazzy/opt/gz_math_vendor/lib:/opt/ros/jazzy/opt/gz_utils_vendor/lib:/opt/ros/jazzy/opt/gz_cmake_vendor/lib:/opt/ros/jazzy/lib', 'BROWSER': '/home/zuiken/.vscode-server/cli/servers/Stable-a44adf7f53e00964ab890f9f8758a334f1fc15bc/server/bin/helpers/browser.sh', 'HOME': '/home/zuiken', 'OLDPWD': '/home/zuiken/Documents/ichosai_2026_trolley/ros2_ws', 'TERM_PROGRAM_VERSION': '1.136.1', 'VSCODE_IPC_HOOK_CLI': '/run/user/1000/vscode-ipc-e0b83720-7306-4e86-b336-6b5d163a5894.sock', 'ROS_PYTHON_VERSION': '3', 'VSCODE_GIT_ASKPASS_MAIN': '/home/zuiken/.vscode-server/cli/servers/Stable-a44adf7f53e00964ab890f9f8758a334f1fc15bc/server/extensions/git/dist/askpass-main.js', 'VSCODE_GIT_ASKPASS_NODE': '/home/zuiken/.vscode-server/cli/servers/Stable-a44adf7f53e00964ab890f9f8758a334f1fc15bc/server/node', 'VSCODE_PYTHON_AUTOACTIVATE_GUARD': '1', 'DBUS_SESSION_BUS_ADDRESS': 'unix:path=/run/user/1000/bus', 'COLORTERM': 'truecolor', 'DEBUGINFOD_URLS': 'https://debuginfod.ubuntu.com', 'COLCON_PREFIX_PATH': '/home/zuiken/Documents/ichosai_2026_trolley/ros2_ws/src/install', 'ROS_DISTRO': 'jazzy', 'LOGNAME': 'zuiken', '_': '/usr/bin/colcon', 'ROS_VERSION': '2', 'XDG_SESSION_CLASS': 'user', 'TERM': 'xterm-256color', 'XDG_SESSION_ID': '58', 'PATH': '/home/zuiken/.vscode-server/data/User/globalStorage/github.copilot-chat/debugCommand:/home/zuiken/.vscode-server/data/User/globalStorage/github.copilot-chat/copilotCli:/home/zuiken/.vscode-server/cli/servers/Stable-a44adf7f53e00964ab890f9f8758a334f1fc15bc/server/bin/remote-cli:/home/zuiken/.local/bin:/opt/ros/jazzy/bin:/usr/local/sbin:/usr/local/bin:/usr/sbin:/usr/bin:/sbin:/bin:/usr/games:/usr/local/games:/snap/bin', 'XDG_RUNTIME_DIR': '/run/user/1000', 'LANG': 'C.UTF-8', 'LS_COLORS': 'rs=0:di=01;34:ln=01;36:mh=00:pi=40;33:so=01;35:do=01;35:bd=40;33;01:cd=40;33;01:or=40;31;01:mi=00:su=37;41:sg=30;43:ca=00:tw=30;42:ow=34;42:st=37;44:ex=01;32:*.tar=01;31:*.tgz=01;31:*.arc=01;31:*.arj=01;31:*.taz=01;31:*.lha=01;31:*.lz4=01;31:*.lzh=01;31:*.lzma=01;31:*.tlz=01;31:*.txz=01;31:*.tzo=01;31:*.t7z=01;31:*.zip=01;31:*.z=01;31:*.dz=01;31:*.gz=01;31:*.lrz=01;31:*.lz=01;31:*.lzo=01;31:*.xz=01;31:*.zst=01;31:*.tzst=01;31:*.bz2=01;31:*.bz=01;31:*.tbz=01;31:*.tbz2=01;31:*.tz=01;31:*.deb=01;31:*.rpm=01;31:*.jar=01;31:*.war=01;31:*.ear=01;31:*.sar=01;31:*.rar=01;31:*.alz=01;31:*.ace=01;31:*.zoo=01;31:*.cpio=01;31:*.7z=01;31:*.rz=01;31:*.cab=01;31:*.wim=01;31:*.swm=01;31:*.dwm=01;31:*.esd=01;31:*.avif=01;35:*.jpg=01;35:*.jpeg=01;35:*.mjpg=01;35:*.mjpeg=01;35:*.gif=01;35:*.bmp=01;35:*.pbm=01;35:*.pgm=01;35:*.ppm=01;35:*.tga=01;35:*.xbm=01;35:*.xpm=01;35:*.tif=01;35:*.tiff=01;35:*.png=01;35:*.svg=01;35:*.svgz=01;35:*.mng=01;35:*.pcx=01;35:*.mov=01;35:*.mpg=01;35:*.mpeg=01;35:*.m2v=01;35:*.mkv=01;35:*.webm=01;35:*.webp=01;35:*.ogm=01;35:*.mp4=01;35:*.m4v=01;35:*.mp4v=01;35:*.vob=01;35:*.qt=01;35:*.nuv=01;35:*.wmv=01;35:*.asf=01;35:*.rm=01;35:*.rmvb=01;35:*.flc=01;35:*.avi=01;35:*.fli=01;35:*.flv=01;35:*.gl=01;35:*.dl=01;35:*.xcf=01;35:*.xwd=01;35:*.yuv=01;35:*.cgm=01;35:*.emf=01;35:*.ogv=01;35:*.ogx=01;35:*.aac=00;36:*.au=00;36:*.flac=00;36:*.m4a=00;36:*.mid=00;36:*.midi=00;36:*.mka=00;36:*.mp3=00;36:*.mpc=00;36:*.ogg=00;36:*.ra=00;36:*.wav=00;36:*.oga=00;36:*.opus=00;36:*.spx=00;36:*.xspf=00;36:*~=00;90:*#=00;90:*.bak=00;90:*.crdownload=00;90:*.dpkg-dist=00;90:*.dpkg-new=00;90:*.dpkg-old=00;90:*.dpkg-tmp=00;90:*.old=00;90:*.orig=00;90:*.part=00;90:*.rej=00;90:*.rpmnew=00;90:*.rpmorig=00;90:*.rpmsave=00;90:*.swp=00;90:*.tmp=00;90:*.ucf-dist=00;90:*.ucf-new=00;90:*.ucf-old=00;90:', 'VSCODE_GIT_IPC_HANDLE': '/run/user/1000/vscode-git-3264b45195.sock', 'TERM_PROGRAM': 'vscode', 'AMENT_PREFIX_PATH': '/home/zuiken/Documents/ichosai_2026_trolley/ros2_ws/src/install/trolley_drive:/home/zuiken/Documents/ichosai_2026_trolley/ros2_ws/src/install/trolley_api:/home/zuiken/Documents/ichosai_2026_trolley/ros2_ws/src/install/trolley_interfaces:/home/zuiken/Documents/ichosai_2026_trolley/ros2_ws/src/install/trolley_cmd_mux:/home/zuiken/Documents/ichosai_2026_trolley/ros2_ws/src/install/trolley_bringup:/home/zuiken/Documents/ichosai_2026_trolley/ros2_ws/src/install/joy_teleop:/opt/ros/jazzy', 'SHELL': '/bin/bash', 'LESSCLOSE': '/usr/bin/lesspipe %s %s', 'ROS_AUTOMATIC_DISCOVERY_RANGE': 'SUBNET', 'VSCODE_GIT_ASKPASS_EXTRA_ARGS': '', 'PWD': '/home/zuiken/Documents/ichosai_2026_trolley/ros2_ws/src/build/trolley_interfaces', 'COPILOT_DEBUG_NONCE': '588d225576d72e8c3f0154716e9a6b5b', 'SSH_CONNECTION': '192.168.0.101 64908 192.168.0.102 22', 'XDG_DATA_DIRS': '/usr/share/gnome:/usr/local/share:/usr/share:/var/lib/snapd/desktop', 'PYTHONPATH': '/home/zuiken/Documents/ichosai_2026_trolley/ros2_ws/src/install/trolley_drive/lib/python3.12/site-packages:/home/zuiken/Documents/ichosai_2026_trolley/ros2_ws/src/install/trolley_api/lib/python3.12/site-packages:/home/zuiken/Documents/ichosai_2026_trolley/ros2_ws/src/install/trolley_interfaces/lib/python3.12/site-packages:/home/zuiken/Documents/ichosai_2026_trolley/ros2_ws/src/install/trolley_cmd_mux/lib/python3.12/site-packages:/home/zuiken/Documents/ichosai_2026_trolley/ros2_ws/src/install/trolley_bringup/lib/python3.12/site-packages:/home/zuiken/Documents/ichosai_2026_trolley/ros2_ws/src/install/joy_teleop/lib/python3.12/site-packages:/opt/ros/jazzy/lib/python3.12/site-packages', 'COLCON': '1', 'CMAKE_PREFIX_PATH': '/home/zuiken/Documents/ichosai_2026_trolley/ros2_ws/src/install/trolley_interfaces:/opt/ros/jazzy/opt/gz_math_vendor:/opt/ros/jazzy/opt/gz_utils_vendor:/opt/ros/jazzy/opt/gz_cmake_vendor:/home/zuiken/Documents/ichosai_2026_trolley/ros2_ws/src/install/trolley_drive:/home/zuiken/Documents/ichosai_2026_trolley/ros2_ws/src/install/trolley_api:/home/zuiken/Documents/ichosai_2026_trolley/ros2_ws/src/install/trolley_cmd_mux:/home/zuiken/Documents/ichosai_2026_trolley/ros2_ws/src/install/trolley_bringup:/home/zuiken/Documents/ichosai_2026_trolley/ros2_ws/src/install/joy_teleop:/opt/ros/jazzy'}), 'shell': False}
[0.500789] (-) TimerEvent: {}
[0.601891] (-) TimerEvent: {}
[0.705593] (-) TimerEvent: {}
[0.806136] (-) TimerEvent: {}
[0.906522] (-) TimerEvent: {}
[1.007082] (-) TimerEvent: {}
[1.107524] (-) TimerEvent: {}
[1.207868] (-) TimerEvent: {}
[1.308308] (-) TimerEvent: {}
[1.320769] (trolley_interfaces) StdoutLine: {'line': b'[  2%] Built target trolley_interfaces__rosidl_generator_type_description\n'}
[1.321518] (trolley_interfaces) StdoutLine: {'line': b'[  4%] Built target trolley_interfaces__rs\n'}
[1.322038] (trolley_interfaces) StdoutLine: {'line': b'[  4%] Built target ament_cmake_python_copy_trolley_interfaces\n'}
[1.322451] (trolley_interfaces) StdoutLine: {'line': b'[  6%] Built target trolley_interfaces__cpp\n'}
[1.322752] (trolley_interfaces) StdoutLine: {'line': b'[ 24%] Built target trolley_interfaces__rosidl_generator_c\n'}
[1.323585] (trolley_interfaces) StdoutLine: {'line': b'[ 33%] Built target trolley_interfaces__rosidl_typesupport_fastrtps_cpp\n'}
[1.323782] (trolley_interfaces) StdoutLine: {'line': b'[ 42%] Built target trolley_interfaces__rosidl_typesupport_introspection_cpp\n'}
[1.323923] (trolley_interfaces) StdoutLine: {'line': b'[ 51%] Built target trolley_interfaces__rosidl_typesupport_cpp\n'}
[1.324111] (trolley_interfaces) StdoutLine: {'line': b'[ 60%] Built target trolley_interfaces__rosidl_typesupport_introspection_c\n'}
[1.324567] (trolley_interfaces) StdoutLine: {'line': b'[ 68%] Built target trolley_interfaces__rosidl_typesupport_c\n'}
[1.325161] (trolley_interfaces) StdoutLine: {'line': b'[ 77%] Built target trolley_interfaces__rosidl_typesupport_fastrtps_c\n'}
[1.325331] (trolley_interfaces) StdoutLine: {'line': b'[ 77%] Built target trolley_interfaces\n'}
[1.325460] (trolley_interfaces) StdoutLine: {'line': b'[ 80%] Built target trolley_interfaces__py\n'}
[1.325702] (trolley_interfaces) StdoutLine: {'line': b'[ 86%] Built target trolley_interfaces__rosidl_generator_py\n'}
[1.325839] (trolley_interfaces) StdoutLine: {'line': b'[ 91%] Built target trolley_interfaces_s__rosidl_typesupport_fastrtps_c\n'}
[1.325956] (trolley_interfaces) StdoutLine: {'line': b'[ 95%] Built target trolley_interfaces_s__rosidl_typesupport_introspection_c\n'}
[1.326104] (trolley_interfaces) StdoutLine: {'line': b'[100%] Built target trolley_interfaces_s__rosidl_typesupport_c\n'}
[1.326234] (trolley_interfaces) StdoutLine: {'line': b'running egg_info\n'}
[1.326347] (trolley_interfaces) StdoutLine: {'line': b'writing trolley_interfaces.egg-info/PKG-INFO\n'}
[1.326461] (trolley_interfaces) StdoutLine: {'line': b'writing dependency_links to trolley_interfaces.egg-info/dependency_links.txt\n'}
[1.326575] (trolley_interfaces) StdoutLine: {'line': b'writing top-level names to trolley_interfaces.egg-info/top_level.txt\n'}
[1.326688] (trolley_interfaces) StdoutLine: {'line': b"reading manifest file 'trolley_interfaces.egg-info/SOURCES.txt'\n"}
[1.326800] (trolley_interfaces) StdoutLine: {'line': b"writing manifest file 'trolley_interfaces.egg-info/SOURCES.txt'\n"}
[1.326911] (trolley_interfaces) StdoutLine: {'line': b'[100%] Built target ament_cmake_python_build_trolley_interfaces_egg\n'}
[1.327028] (trolley_interfaces) CommandEnded: {'returncode': 0}
[1.327497] (trolley_interfaces) JobProgress: {'identifier': 'trolley_interfaces', 'progress': 'install'}
[1.342874] (trolley_interfaces) Command: {'cmd': ['/usr/bin/cmake', '--install', '/home/zuiken/Documents/ichosai_2026_trolley/ros2_ws/src/build/trolley_interfaces'], 'cwd': '/home/zuiken/Documents/ichosai_2026_trolley/ros2_ws/src/build/trolley_interfaces', 'env': OrderedDict({'LESSOPEN': '| /usr/bin/lesspipe %s', 'USER': 'zuiken', 'SSH_CLIENT': '192.168.0.101 64908 22', 'XDG_SESSION_TYPE': 'tty', 'GIT_ASKPASS': '/home/zuiken/.vscode-server/cli/servers/Stable-a44adf7f53e00964ab890f9f8758a334f1fc15bc/server/extensions/git/dist/askpass.sh', 'SHLVL': '1', 'LD_LIBRARY_PATH': '/home/zuiken/Documents/ichosai_2026_trolley/ros2_ws/src/install/trolley_interfaces/lib:/opt/ros/jazzy/opt/rviz_ogre_vendor/lib:/opt/ros/jazzy/lib/aarch64-linux-gnu:/opt/ros/jazzy/opt/gz_math_vendor/lib:/opt/ros/jazzy/opt/gz_utils_vendor/lib:/opt/ros/jazzy/opt/gz_cmake_vendor/lib:/opt/ros/jazzy/lib', 'BROWSER': '/home/zuiken/.vscode-server/cli/servers/Stable-a44adf7f53e00964ab890f9f8758a334f1fc15bc/server/bin/helpers/browser.sh', 'HOME': '/home/zuiken', 'OLDPWD': '/home/zuiken/Documents/ichosai_2026_trolley/ros2_ws', 'TERM_PROGRAM_VERSION': '1.136.1', 'VSCODE_IPC_HOOK_CLI': '/run/user/1000/vscode-ipc-e0b83720-7306-4e86-b336-6b5d163a5894.sock', 'ROS_PYTHON_VERSION': '3', 'VSCODE_GIT_ASKPASS_MAIN': '/home/zuiken/.vscode-server/cli/servers/Stable-a44adf7f53e00964ab890f9f8758a334f1fc15bc/server/extensions/git/dist/askpass-main.js', 'VSCODE_GIT_ASKPASS_NODE': '/home/zuiken/.vscode-server/cli/servers/Stable-a44adf7f53e00964ab890f9f8758a334f1fc15bc/server/node', 'VSCODE_PYTHON_AUTOACTIVATE_GUARD': '1', 'DBUS_SESSION_BUS_ADDRESS': 'unix:path=/run/user/1000/bus', 'COLORTERM': 'truecolor', 'DEBUGINFOD_URLS': 'https://debuginfod.ubuntu.com', 'COLCON_PREFIX_PATH': '/home/zuiken/Documents/ichosai_2026_trolley/ros2_ws/src/install', 'ROS_DISTRO': 'jazzy', 'LOGNAME': 'zuiken', '_': '/usr/bin/colcon', 'ROS_VERSION': '2', 'XDG_SESSION_CLASS': 'user', 'TERM': 'xterm-256color', 'XDG_SESSION_ID': '58', 'PATH': '/home/zuiken/.vscode-server/data/User/globalStorage/github.copilot-chat/debugCommand:/home/zuiken/.vscode-server/data/User/globalStorage/github.copilot-chat/copilotCli:/home/zuiken/.vscode-server/cli/servers/Stable-a44adf7f53e00964ab890f9f8758a334f1fc15bc/server/bin/remote-cli:/home/zuiken/.local/bin:/opt/ros/jazzy/bin:/usr/local/sbin:/usr/local/bin:/usr/sbin:/usr/bin:/sbin:/bin:/usr/games:/usr/local/games:/snap/bin', 'XDG_RUNTIME_DIR': '/run/user/1000', 'LANG': 'C.UTF-8', 'LS_COLORS': 'rs=0:di=01;34:ln=01;36:mh=00:pi=40;33:so=01;35:do=01;35:bd=40;33;01:cd=40;33;01:or=40;31;01:mi=00:su=37;41:sg=30;43:ca=00:tw=30;42:ow=34;42:st=37;44:ex=01;32:*.tar=01;31:*.tgz=01;31:*.arc=01;31:*.arj=01;31:*.taz=01;31:*.lha=01;31:*.lz4=01;31:*.lzh=01;31:*.lzma=01;31:*.tlz=01;31:*.txz=01;31:*.tzo=01;31:*.t7z=01;31:*.zip=01;31:*.z=01;31:*.dz=01;31:*.gz=01;31:*.lrz=01;31:*.lz=01;31:*.lzo=01;31:*.xz=01;31:*.zst=01;31:*.tzst=01;31:*.bz2=01;31:*.bz=01;31:*.tbz=01;31:*.tbz2=01;31:*.tz=01;31:*.deb=01;31:*.rpm=01;31:*.jar=01;31:*.war=01;31:*.ear=01;31:*.sar=01;31:*.rar=01;31:*.alz=01;31:*.ace=01;31:*.zoo=01;31:*.cpio=01;31:*.7z=01;31:*.rz=01;31:*.cab=01;31:*.wim=01;31:*.swm=01;31:*.dwm=01;31:*.esd=01;31:*.avif=01;35:*.jpg=01;35:*.jpeg=01;35:*.mjpg=01;35:*.mjpeg=01;35:*.gif=01;35:*.bmp=01;35:*.pbm=01;35:*.pgm=01;35:*.ppm=01;35:*.tga=01;35:*.xbm=01;35:*.xpm=01;35:*.tif=01;35:*.tiff=01;35:*.png=01;35:*.svg=01;35:*.svgz=01;35:*.mng=01;35:*.pcx=01;35:*.mov=01;35:*.mpg=01;35:*.mpeg=01;35:*.m2v=01;35:*.mkv=01;35:*.webm=01;35:*.webp=01;35:*.ogm=01;35:*.mp4=01;35:*.m4v=01;35:*.mp4v=01;35:*.vob=01;35:*.qt=01;35:*.nuv=01;35:*.wmv=01;35:*.asf=01;35:*.rm=01;35:*.rmvb=01;35:*.flc=01;35:*.avi=01;35:*.fli=01;35:*.flv=01;35:*.gl=01;35:*.dl=01;35:*.xcf=01;35:*.xwd=01;35:*.yuv=01;35:*.cgm=01;35:*.emf=01;35:*.ogv=01;35:*.ogx=01;35:*.aac=00;36:*.au=00;36:*.flac=00;36:*.m4a=00;36:*.mid=00;36:*.midi=00;36:*.mka=00;36:*.mp3=00;36:*.mpc=00;36:*.ogg=00;36:*.ra=00;36:*.wav=00;36:*.oga=00;36:*.opus=00;36:*.spx=00;36:*.xspf=00;36:*~=00;90:*#=00;90:*.bak=00;90:*.crdownload=00;90:*.dpkg-dist=00;90:*.dpkg-new=00;90:*.dpkg-old=00;90:*.dpkg-tmp=00;90:*.old=00;90:*.orig=00;90:*.part=00;90:*.rej=00;90:*.rpmnew=00;90:*.rpmorig=00;90:*.rpmsave=00;90:*.swp=00;90:*.tmp=00;90:*.ucf-dist=00;90:*.ucf-new=00;90:*.ucf-old=00;90:', 'VSCODE_GIT_IPC_HANDLE': '/run/user/1000/vscode-git-3264b45195.sock', 'TERM_PROGRAM': 'vscode', 'AMENT_PREFIX_PATH': '/home/zuiken/Documents/ichosai_2026_trolley/ros2_ws/src/install/trolley_drive:/home/zuiken/Documents/ichosai_2026_trolley/ros2_ws/src/install/trolley_api:/home/zuiken/Documents/ichosai_2026_trolley/ros2_ws/src/install/trolley_interfaces:/home/zuiken/Documents/ichosai_2026_trolley/ros2_ws/src/install/trolley_cmd_mux:/home/zuiken/Documents/ichosai_2026_trolley/ros2_ws/src/install/trolley_bringup:/home/zuiken/Documents/ichosai_2026_trolley/ros2_ws/src/install/joy_teleop:/opt/ros/jazzy', 'SHELL': '/bin/bash', 'LESSCLOSE': '/usr/bin/lesspipe %s %s', 'ROS_AUTOMATIC_DISCOVERY_RANGE': 'SUBNET', 'VSCODE_GIT_ASKPASS_EXTRA_ARGS': '', 'PWD': '/home/zuiken/Documents/ichosai_2026_trolley/ros2_ws/src/build/trolley_interfaces', 'COPILOT_DEBUG_NONCE': '588d225576d72e8c3f0154716e9a6b5b', 'SSH_CONNECTION': '192.168.0.101 64908 192.168.0.102 22', 'XDG_DATA_DIRS': '/usr/share/gnome:/usr/local/share:/usr/share:/var/lib/snapd/desktop', 'PYTHONPATH': '/home/zuiken/Documents/ichosai_2026_trolley/ros2_ws/src/install/trolley_drive/lib/python3.12/site-packages:/home/zuiken/Documents/ichosai_2026_trolley/ros2_ws/src/install/trolley_api/lib/python3.12/site-packages:/home/zuiken/Documents/ichosai_2026_trolley/ros2_ws/src/install/trolley_interfaces/lib/python3.12/site-packages:/home/zuiken/Documents/ichosai_2026_trolley/ros2_ws/src/install/trolley_cmd_mux/lib/python3.12/site-packages:/home/zuiken/Documents/ichosai_2026_trolley/ros2_ws/src/install/trolley_bringup/lib/python3.12/site-packages:/home/zuiken/Documents/ichosai_2026_trolley/ros2_ws/src/install/joy_teleop/lib/python3.12/site-packages:/opt/ros/jazzy/lib/python3.12/site-packages', 'COLCON': '1', 'CMAKE_PREFIX_PATH': '/home/zuiken/Documents/ichosai_2026_trolley/ros2_ws/src/install/trolley_interfaces:/opt/ros/jazzy/opt/gz_math_vendor:/opt/ros/jazzy/opt/gz_utils_vendor:/opt/ros/jazzy/opt/gz_cmake_vendor:/home/zuiken/Documents/ichosai_2026_trolley/ros2_ws/src/install/trolley_drive:/home/zuiken/Documents/ichosai_2026_trolley/ros2_ws/src/install/trolley_api:/home/zuiken/Documents/ichosai_2026_trolley/ros2_ws/src/install/trolley_cmd_mux:/home/zuiken/Documents/ichosai_2026_trolley/ros2_ws/src/install/trolley_bringup:/home/zuiken/Documents/ichosai_2026_trolley/ros2_ws/src/install/joy_teleop:/opt/ros/jazzy'}), 'shell': False}
[1.408388] (-) TimerEvent: {}
[1.508748] (-) TimerEvent: {}
[1.609102] (-) TimerEvent: {}
[1.673244] (trolley_interfaces) StdoutLine: {'line': b'-- Install configuration: ""\n'}
[1.674312] (trolley_interfaces) StdoutLine: {'line': b'-- Up-to-date: /home/zuiken/Documents/ichosai_2026_trolley/ros2_ws/src/install/trolley_interfaces/share/ament_index/resource_index/rosidl_interfaces/trolley_interfaces\n'}
[1.675035] (trolley_interfaces) StdoutLine: {'line': b'-- Up-to-date: /home/zuiken/Documents/ichosai_2026_trolley/ros2_ws/src/install/trolley_interfaces/share/trolley_interfaces/srv/SetDriveEnabled.json\n'}
[1.675326] (trolley_interfaces) StdoutLine: {'line': b'-- Up-to-date: /home/zuiken/Documents/ichosai_2026_trolley/ros2_ws/src/install/trolley_interfaces/share/trolley_interfaces/srv/SetDriveMode.json\n'}
[1.676236] (trolley_interfaces) StdoutLine: {'line': b'-- Up-to-date: /home/zuiken/Documents/ichosai_2026_trolley/ros2_ws/src/install/trolley_interfaces/include/trolley_interfaces/trolley_interfaces\n'}
[1.676572] (trolley_interfaces) StdoutLine: {'line': b'-- Up-to-date: /home/zuiken/Documents/ichosai_2026_trolley/ros2_ws/src/install/trolley_interfaces/include/trolley_interfaces/trolley_interfaces/msg\n'}
[1.676729] (trolley_interfaces) StdoutLine: {'line': b'-- Up-to-date: /home/zuiken/Documents/ichosai_2026_trolley/ros2_ws/src/install/trolley_interfaces/include/trolley_interfaces/trolley_interfaces/msg/rosidl_generator_c__visibility_control.h\n'}
[1.677003] (trolley_interfaces) StdoutLine: {'line': b'-- Up-to-date: /home/zuiken/Documents/ichosai_2026_trolley/ros2_ws/src/install/trolley_interfaces/include/trolley_interfaces/trolley_interfaces/srv\n'}
[1.677624] (trolley_interfaces) StdoutLine: {'line': b'-- Up-to-date: /home/zuiken/Documents/ichosai_2026_trolley/ros2_ws/src/install/trolley_interfaces/include/trolley_interfaces/trolley_interfaces/srv/detail\n'}
[1.680138] (trolley_interfaces) StdoutLine: {'line': b'-- Up-to-date: /home/zuiken/Documents/ichosai_2026_trolley/ros2_ws/src/install/trolley_interfaces/include/trolley_interfaces/trolley_interfaces/srv/detail/set_drive_mode__struct.h\n'}
[1.680774] (trolley_interfaces) StdoutLine: {'line': b'-- Up-to-date: /home/zuiken/Documents/ichosai_2026_trolley/ros2_ws/src/install/trolley_interfaces/include/trolley_interfaces/trolley_interfaces/srv/detail/set_drive_enabled__struct.h\n'}
[1.680978] (trolley_interfaces) StdoutLine: {'line': b'-- Up-to-date: /home/zuiken/Documents/ichosai_2026_trolley/ros2_ws/src/install/trolley_interfaces/include/trolley_interfaces/trolley_interfaces/srv/detail/set_drive_enabled__description.c\n'}
[1.683704] (trolley_interfaces) StdoutLine: {'line': b'-- Up-to-date: /home/zuiken/Documents/ichosai_2026_trolley/ros2_ws/src/install/trolley_interfaces/include/trolley_interfaces/trolley_interfaces/srv/detail/set_drive_mode__description.c\n'}
[1.684015] (trolley_interfaces) StdoutLine: {'line': b'-- Up-to-date: /home/zuiken/Documents/ichosai_2026_trolley/ros2_ws/src/install/trolley_interfaces/include/trolley_interfaces/trolley_interfaces/srv/detail/set_drive_mode__functions.h\n'}
[1.684241] (trolley_interfaces) StdoutLine: {'line': b'-- Up-to-date: /home/zuiken/Documents/ichosai_2026_trolley/ros2_ws/src/install/trolley_interfaces/include/trolley_interfaces/trolley_interfaces/srv/detail/set_drive_enabled__type_support.h\n'}
[1.684375] (trolley_interfaces) StdoutLine: {'line': b'-- Up-to-date: /home/zuiken/Documents/ichosai_2026_trolley/ros2_ws/src/install/trolley_interfaces/include/trolley_interfaces/trolley_interfaces/srv/detail/set_drive_enabled__functions.h\n'}
[1.684497] (trolley_interfaces) StdoutLine: {'line': b'-- Up-to-date: /home/zuiken/Documents/ichosai_2026_trolley/ros2_ws/src/install/trolley_interfaces/include/trolley_interfaces/trolley_interfaces/srv/detail/set_drive_mode__functions.c\n'}
[1.684652] (trolley_interfaces) StdoutLine: {'line': b'-- Installing: /home/zuiken/Documents/ichosai_2026_trolley/ros2_ws/src/install/trolley_interfaces/include/trolley_interfaces/trolley_interfaces/srv/detail/set_drive_mode__type_support.c\n'}
[1.684806] (trolley_interfaces) StdoutLine: {'line': b'-- Installing: /home/zuiken/Documents/ichosai_2026_trolley/ros2_ws/src/install/trolley_interfaces/include/trolley_interfaces/trolley_interfaces/srv/detail/set_drive_enabled__type_support.c\n'}
[1.684928] (trolley_interfaces) StdoutLine: {'line': b'-- Up-to-date: /home/zuiken/Documents/ichosai_2026_trolley/ros2_ws/src/install/trolley_interfaces/include/trolley_interfaces/trolley_interfaces/srv/detail/set_drive_enabled__functions.c\n'}
[1.685034] (trolley_interfaces) StdoutLine: {'line': b'-- Up-to-date: /home/zuiken/Documents/ichosai_2026_trolley/ros2_ws/src/install/trolley_interfaces/include/trolley_interfaces/trolley_interfaces/srv/detail/set_drive_mode__type_support.h\n'}
[1.687583] (trolley_interfaces) StdoutLine: {'line': b'-- Up-to-date: /home/zuiken/Documents/ichosai_2026_trolley/ros2_ws/src/install/trolley_interfaces/include/trolley_interfaces/trolley_interfaces/srv/set_drive_mode.h\n'}
[1.687742] (trolley_interfaces) StdoutLine: {'line': b'-- Up-to-date: /home/zuiken/Documents/ichosai_2026_trolley/ros2_ws/src/install/trolley_interfaces/include/trolley_interfaces/trolley_interfaces/srv/set_drive_enabled.h\n'}
[1.687853] (trolley_interfaces) StdoutLine: {'line': b'-- Up-to-date: /home/zuiken/Documents/ichosai_2026_trolley/ros2_ws/src/install/trolley_interfaces/share/trolley_interfaces/environment/library_path.sh\n'}
[1.687952] (trolley_interfaces) StdoutLine: {'line': b'-- Up-to-date: /home/zuiken/Documents/ichosai_2026_trolley/ros2_ws/src/install/trolley_interfaces/share/trolley_interfaces/environment/library_path.dsv\n'}
[1.688069] (trolley_interfaces) StdoutLine: {'line': b'-- Up-to-date: /home/zuiken/Documents/ichosai_2026_trolley/ros2_ws/src/install/trolley_interfaces/lib/libtrolley_interfaces__rosidl_generator_c.so\n'}
[1.690462] (trolley_interfaces) StdoutLine: {'line': b'-- Up-to-date: /home/zuiken/Documents/ichosai_2026_trolley/ros2_ws/src/install/trolley_interfaces/include/trolley_interfaces/trolley_interfaces\n'}
[1.690649] (trolley_interfaces) StdoutLine: {'line': b'-- Up-to-date: /home/zuiken/Documents/ichosai_2026_trolley/ros2_ws/src/install/trolley_interfaces/include/trolley_interfaces/trolley_interfaces/msg\n'}
[1.694327] (trolley_interfaces) StdoutLine: {'line': b'-- Up-to-date: /home/zuiken/Documents/ichosai_2026_trolley/ros2_ws/src/install/trolley_interfaces/include/trolley_interfaces/trolley_interfaces/msg/rosidl_typesupport_fastrtps_c__visibility_control.h\n'}
[1.694506] (trolley_interfaces) StdoutLine: {'line': b'-- Up-to-date: /home/zuiken/Documents/ichosai_2026_trolley/ros2_ws/src/install/trolley_interfaces/include/trolley_interfaces/trolley_interfaces/srv\n'}
[1.694622] (trolley_interfaces) StdoutLine: {'line': b'-- Up-to-date: /home/zuiken/Documents/ichosai_2026_trolley/ros2_ws/src/install/trolley_interfaces/include/trolley_interfaces/trolley_interfaces/srv/detail\n'}
[1.694720] (trolley_interfaces) StdoutLine: {'line': b'-- Up-to-date: /home/zuiken/Documents/ichosai_2026_trolley/ros2_ws/src/install/trolley_interfaces/include/trolley_interfaces/trolley_interfaces/srv/detail/set_drive_enabled__rosidl_typesupport_fastrtps_c.h\n'}
[1.694824] (trolley_interfaces) StdoutLine: {'line': b'-- Up-to-date: /home/zuiken/Documents/ichosai_2026_trolley/ros2_ws/src/install/trolley_interfaces/include/trolley_interfaces/trolley_interfaces/srv/detail/set_drive_mode__rosidl_typesupport_fastrtps_c.h\n'}
[1.694933] (trolley_interfaces) StdoutLine: {'line': b'-- Up-to-date: /home/zuiken/Documents/ichosai_2026_trolley/ros2_ws/src/install/trolley_interfaces/lib/libtrolley_interfaces__rosidl_typesupport_fastrtps_c.so\n'}
[1.695075] (trolley_interfaces) StdoutLine: {'line': b'-- Up-to-date: /home/zuiken/Documents/ichosai_2026_trolley/ros2_ws/src/install/trolley_interfaces/include/trolley_interfaces/trolley_interfaces\n'}
[1.695248] (trolley_interfaces) StdoutLine: {'line': b'-- Up-to-date: /home/zuiken/Documents/ichosai_2026_trolley/ros2_ws/src/install/trolley_interfaces/include/trolley_interfaces/trolley_interfaces/msg\n'}
[1.695376] (trolley_interfaces) StdoutLine: {'line': b'-- Up-to-date: /home/zuiken/Documents/ichosai_2026_trolley/ros2_ws/src/install/trolley_interfaces/include/trolley_interfaces/trolley_interfaces/msg/rosidl_typesupport_introspection_c__visibility_control.h\n'}
[1.695493] (trolley_interfaces) StdoutLine: {'line': b'-- Up-to-date: /home/zuiken/Documents/ichosai_2026_trolley/ros2_ws/src/install/trolley_interfaces/include/trolley_interfaces/trolley_interfaces/srv\n'}
[1.695622] (trolley_interfaces) StdoutLine: {'line': b'-- Up-to-date: /home/zuiken/Documents/ichosai_2026_trolley/ros2_ws/src/install/trolley_interfaces/include/trolley_interfaces/trolley_interfaces/srv/detail\n'}
[1.695751] (trolley_interfaces) StdoutLine: {'line': b'-- Up-to-date: /home/zuiken/Documents/ichosai_2026_trolley/ros2_ws/src/install/trolley_interfaces/include/trolley_interfaces/trolley_interfaces/srv/detail/set_drive_enabled__rosidl_typesupport_introspection_c.h\n'}
[1.695877] (trolley_interfaces) StdoutLine: {'line': b'-- Up-to-date: /home/zuiken/Documents/ichosai_2026_trolley/ros2_ws/src/install/trolley_interfaces/include/trolley_interfaces/trolley_interfaces/srv/detail/set_drive_mode__rosidl_typesupport_introspection_c.h\n'}
[1.697245] (trolley_interfaces) StdoutLine: {'line': b'-- Installing: /home/zuiken/Documents/ichosai_2026_trolley/ros2_ws/src/install/trolley_interfaces/include/trolley_interfaces/trolley_interfaces/srv/detail/set_drive_mode__type_support.c\n'}
[1.698279] (trolley_interfaces) StdoutLine: {'line': b'-- Installing: /home/zuiken/Documents/ichosai_2026_trolley/ros2_ws/src/install/trolley_interfaces/include/trolley_interfaces/trolley_interfaces/srv/detail/set_drive_enabled__type_support.c\n'}
[1.698434] (trolley_interfaces) StdoutLine: {'line': b'-- Up-to-date: /home/zuiken/Documents/ichosai_2026_trolley/ros2_ws/src/install/trolley_interfaces/lib/libtrolley_interfaces__rosidl_typesupport_introspection_c.so\n'}
[1.698557] (trolley_interfaces) StdoutLine: {'line': b'-- Up-to-date: /home/zuiken/Documents/ichosai_2026_trolley/ros2_ws/src/install/trolley_interfaces/lib/libtrolley_interfaces__rosidl_typesupport_c.so\n'}
[1.698683] (trolley_interfaces) StdoutLine: {'line': b'-- Up-to-date: /home/zuiken/Documents/ichosai_2026_trolley/ros2_ws/src/install/trolley_interfaces/include/trolley_interfaces/trolley_interfaces\n'}
[1.698841] (trolley_interfaces) StdoutLine: {'line': b'-- Up-to-date: /home/zuiken/Documents/ichosai_2026_trolley/ros2_ws/src/install/trolley_interfaces/include/trolley_interfaces/trolley_interfaces/msg\n'}
[1.698945] (trolley_interfaces) StdoutLine: {'line': b'-- Up-to-date: /home/zuiken/Documents/ichosai_2026_trolley/ros2_ws/src/install/trolley_interfaces/include/trolley_interfaces/trolley_interfaces/msg/rosidl_generator_cpp__visibility_control.hpp\n'}
[1.702195] (trolley_interfaces) StdoutLine: {'line': b'-- Up-to-date: /home/zuiken/Documents/ichosai_2026_trolley/ros2_ws/src/install/trolley_interfaces/include/trolley_interfaces/trolley_interfaces/srv\n'}
[1.702475] (trolley_interfaces) StdoutLine: {'line': b'-- Up-to-date: /home/zuiken/Documents/ichosai_2026_trolley/ros2_ws/src/install/trolley_interfaces/include/trolley_interfaces/trolley_interfaces/srv/set_drive_mode.hpp\n'}
[1.702605] (trolley_interfaces) StdoutLine: {'line': b'-- Up-to-date: /home/zuiken/Documents/ichosai_2026_trolley/ros2_ws/src/install/trolley_interfaces/include/trolley_interfaces/trolley_interfaces/srv/set_drive_enabled.hpp\n'}
[1.702734] (trolley_interfaces) StdoutLine: {'line': b'-- Up-to-date: /home/zuiken/Documents/ichosai_2026_trolley/ros2_ws/src/install/trolley_interfaces/include/trolley_interfaces/trolley_interfaces/srv/detail\n'}
[1.702845] (trolley_interfaces) StdoutLine: {'line': b'-- Up-to-date: /home/zuiken/Documents/ichosai_2026_trolley/ros2_ws/src/install/trolley_interfaces/include/trolley_interfaces/trolley_interfaces/srv/detail/set_drive_enabled__builder.hpp\n'}
[1.702949] (trolley_interfaces) StdoutLine: {'line': b'-- Up-to-date: /home/zuiken/Documents/ichosai_2026_trolley/ros2_ws/src/install/trolley_interfaces/include/trolley_interfaces/trolley_interfaces/srv/detail/set_drive_mode__traits.hpp\n'}
[1.703765] (trolley_interfaces) StdoutLine: {'line': b'-- Up-to-date: /home/zuiken/Documents/ichosai_2026_trolley/ros2_ws/src/install/trolley_interfaces/include/trolley_interfaces/trolley_interfaces/srv/detail/set_drive_enabled__struct.hpp\n'}
[1.703939] (trolley_interfaces) StdoutLine: {'line': b'-- Up-to-date: /home/zuiken/Documents/ichosai_2026_trolley/ros2_ws/src/install/trolley_interfaces/include/trolley_interfaces/trolley_interfaces/srv/detail/set_drive_mode__type_support.hpp\n'}
[1.704121] (trolley_interfaces) StdoutLine: {'line': b'-- Up-to-date: /home/zuiken/Documents/ichosai_2026_trolley/ros2_ws/src/install/trolley_interfaces/include/trolley_interfaces/trolley_interfaces/srv/detail/set_drive_mode__struct.hpp\n'}
[1.704262] (trolley_interfaces) StdoutLine: {'line': b'-- Up-to-date: /home/zuiken/Documents/ichosai_2026_trolley/ros2_ws/src/install/trolley_interfaces/include/trolley_interfaces/trolley_interfaces/srv/detail/set_drive_enabled__traits.hpp\n'}
[1.704366] (trolley_interfaces) StdoutLine: {'line': b'-- Up-to-date: /home/zuiken/Documents/ichosai_2026_trolley/ros2_ws/src/install/trolley_interfaces/include/trolley_interfaces/trolley_interfaces/srv/detail/set_drive_mode__builder.hpp\n'}
[1.704458] (trolley_interfaces) StdoutLine: {'line': b'-- Up-to-date: /home/zuiken/Documents/ichosai_2026_trolley/ros2_ws/src/install/trolley_interfaces/include/trolley_interfaces/trolley_interfaces/srv/detail/set_drive_enabled__type_support.hpp\n'}
[1.704558] (trolley_interfaces) StdoutLine: {'line': b'-- Up-to-date: /home/zuiken/Documents/ichosai_2026_trolley/ros2_ws/src/install/trolley_interfaces/include/trolley_interfaces/trolley_interfaces\n'}
[1.704656] (trolley_interfaces) StdoutLine: {'line': b'-- Up-to-date: /home/zuiken/Documents/ichosai_2026_trolley/ros2_ws/src/install/trolley_interfaces/include/trolley_interfaces/trolley_interfaces/msg\n'}
[1.704753] (trolley_interfaces) StdoutLine: {'line': b'-- Up-to-date: /home/zuiken/Documents/ichosai_2026_trolley/ros2_ws/src/install/trolley_interfaces/include/trolley_interfaces/trolley_interfaces/msg/rosidl_typesupport_fastrtps_cpp__visibility_control.h\n'}
[1.704863] (trolley_interfaces) StdoutLine: {'line': b'-- Up-to-date: /home/zuiken/Documents/ichosai_2026_trolley/ros2_ws/src/install/trolley_interfaces/include/trolley_interfaces/trolley_interfaces/srv\n'}
[1.704995] (trolley_interfaces) StdoutLine: {'line': b'-- Up-to-date: /home/zuiken/Documents/ichosai_2026_trolley/ros2_ws/src/install/trolley_interfaces/include/trolley_interfaces/trolley_interfaces/srv/detail\n'}
[1.705205] (trolley_interfaces) StdoutLine: {'line': b'-- Up-to-date: /home/zuiken/Documents/ichosai_2026_trolley/ros2_ws/src/install/trolley_interfaces/include/trolley_interfaces/trolley_interfaces/srv/detail/set_drive_mode__rosidl_typesupport_fastrtps_cpp.hpp\n'}
[1.705352] (trolley_interfaces) StdoutLine: {'line': b'-- Up-to-date: /home/zuiken/Documents/ichosai_2026_trolley/ros2_ws/src/install/trolley_interfaces/include/trolley_interfaces/trolley_interfaces/srv/detail/set_drive_enabled__rosidl_typesupport_fastrtps_cpp.hpp\n'}
[1.705468] (trolley_interfaces) StdoutLine: {'line': b'-- Up-to-date: /home/zuiken/Documents/ichosai_2026_trolley/ros2_ws/src/install/trolley_interfaces/include/trolley_interfaces/trolley_interfaces/srv/detail/dds_fastrtps\n'}
[1.705568] (trolley_interfaces) StdoutLine: {'line': b'-- Up-to-date: /home/zuiken/Documents/ichosai_2026_trolley/ros2_ws/src/install/trolley_interfaces/lib/libtrolley_interfaces__rosidl_typesupport_fastrtps_cpp.so\n'}
[1.705659] (trolley_interfaces) StdoutLine: {'line': b'-- Up-to-date: /home/zuiken/Documents/ichosai_2026_trolley/ros2_ws/src/install/trolley_interfaces/include/trolley_interfaces/trolley_interfaces\n'}
[1.705754] (trolley_interfaces) StdoutLine: {'line': b'-- Up-to-date: /home/zuiken/Documents/ichosai_2026_trolley/ros2_ws/src/install/trolley_interfaces/include/trolley_interfaces/trolley_interfaces/srv\n'}
[1.705857] (trolley_interfaces) StdoutLine: {'line': b'-- Up-to-date: /home/zuiken/Documents/ichosai_2026_trolley/ros2_ws/src/install/trolley_interfaces/include/trolley_interfaces/trolley_interfaces/srv/detail\n'}
[1.705951] (trolley_interfaces) StdoutLine: {'line': b'-- Up-to-date: /home/zuiken/Documents/ichosai_2026_trolley/ros2_ws/src/install/trolley_interfaces/include/trolley_interfaces/trolley_interfaces/srv/detail/set_drive_mode__type_support.cpp\n'}
[1.710120] (-) TimerEvent: {}
[1.710401] (trolley_interfaces) StdoutLine: {'line': b'-- Up-to-date: /home/zuiken/Documents/ichosai_2026_trolley/ros2_ws/src/install/trolley_interfaces/include/trolley_interfaces/trolley_interfaces/srv/detail/set_drive_mode__rosidl_typesupport_introspection_cpp.hpp\n'}
[1.710652] (trolley_interfaces) StdoutLine: {'line': b'-- Up-to-date: /home/zuiken/Documents/ichosai_2026_trolley/ros2_ws/src/install/trolley_interfaces/include/trolley_interfaces/trolley_interfaces/srv/detail/set_drive_enabled__type_support.cpp\n'}
[1.710772] (trolley_interfaces) StdoutLine: {'line': b'-- Up-to-date: /home/zuiken/Documents/ichosai_2026_trolley/ros2_ws/src/install/trolley_interfaces/include/trolley_interfaces/trolley_interfaces/srv/detail/set_drive_enabled__rosidl_typesupport_introspection_cpp.hpp\n'}
[1.710884] (trolley_interfaces) StdoutLine: {'line': b'-- Up-to-date: /home/zuiken/Documents/ichosai_2026_trolley/ros2_ws/src/install/trolley_interfaces/lib/libtrolley_interfaces__rosidl_typesupport_introspection_cpp.so\n'}
[1.710987] (trolley_interfaces) StdoutLine: {'line': b'-- Up-to-date: /home/zuiken/Documents/ichosai_2026_trolley/ros2_ws/src/install/trolley_interfaces/lib/libtrolley_interfaces__rosidl_typesupport_cpp.so\n'}
[1.713336] (trolley_interfaces) StdoutLine: {'line': b'-- Up-to-date: /home/zuiken/Documents/ichosai_2026_trolley/ros2_ws/src/install/trolley_interfaces/share/trolley_interfaces/environment/pythonpath.sh\n'}
[1.713616] (trolley_interfaces) StdoutLine: {'line': b'-- Up-to-date: /home/zuiken/Documents/ichosai_2026_trolley/ros2_ws/src/install/trolley_interfaces/share/trolley_interfaces/environment/pythonpath.dsv\n'}
[1.713774] (trolley_interfaces) StdoutLine: {'line': b'-- Up-to-date: /home/zuiken/Documents/ichosai_2026_trolley/ros2_ws/src/install/trolley_interfaces/lib/python3.12/site-packages/trolley_interfaces-0.0.0-py3.12.egg-info\n'}
[1.713923] (trolley_interfaces) StdoutLine: {'line': b'-- Installing: /home/zuiken/Documents/ichosai_2026_trolley/ros2_ws/src/install/trolley_interfaces/lib/python3.12/site-packages/trolley_interfaces-0.0.0-py3.12.egg-info/top_level.txt\n'}
[1.716692] (trolley_interfaces) StdoutLine: {'line': b'-- Installing: /home/zuiken/Documents/ichosai_2026_trolley/ros2_ws/src/install/trolley_interfaces/lib/python3.12/site-packages/trolley_interfaces-0.0.0-py3.12.egg-info/PKG-INFO\n'}
[1.716883] (trolley_interfaces) StdoutLine: {'line': b'-- Installing: /home/zuiken/Documents/ichosai_2026_trolley/ros2_ws/src/install/trolley_interfaces/lib/python3.12/site-packages/trolley_interfaces-0.0.0-py3.12.egg-info/SOURCES.txt\n'}
[1.717019] (trolley_interfaces) StdoutLine: {'line': b'-- Installing: /home/zuiken/Documents/ichosai_2026_trolley/ros2_ws/src/install/trolley_interfaces/lib/python3.12/site-packages/trolley_interfaces-0.0.0-py3.12.egg-info/dependency_links.txt\n'}
[1.717171] (trolley_interfaces) StdoutLine: {'line': b'-- Up-to-date: /home/zuiken/Documents/ichosai_2026_trolley/ros2_ws/src/install/trolley_interfaces/lib/python3.12/site-packages/trolley_interfaces\n'}
[1.717308] (trolley_interfaces) StdoutLine: {'line': b'-- Up-to-date: /home/zuiken/Documents/ichosai_2026_trolley/ros2_ws/src/install/trolley_interfaces/lib/python3.12/site-packages/trolley_interfaces/trolley_interfaces_s__rosidl_typesupport_introspection_c.so\n'}
[1.717422] (trolley_interfaces) StdoutLine: {'line': b'-- Up-to-date: /home/zuiken/Documents/ichosai_2026_trolley/ros2_ws/src/install/trolley_interfaces/lib/python3.12/site-packages/trolley_interfaces/__init__.py\n'}
[1.717569] (trolley_interfaces) StdoutLine: {'line': b'-- Up-to-date: /home/zuiken/Documents/ichosai_2026_trolley/ros2_ws/src/install/trolley_interfaces/lib/python3.12/site-packages/trolley_interfaces/_trolley_interfaces_s.ep.rosidl_typesupport_introspection_c.c\n'}
[1.717670] (trolley_interfaces) StdoutLine: {'line': b'-- Up-to-date: /home/zuiken/Documents/ichosai_2026_trolley/ros2_ws/src/install/trolley_interfaces/lib/python3.12/site-packages/trolley_interfaces/srv\n'}
[1.717766] (trolley_interfaces) StdoutLine: {'line': b'-- Up-to-date: /home/zuiken/Documents/ichosai_2026_trolley/ros2_ws/src/install/trolley_interfaces/lib/python3.12/site-packages/trolley_interfaces/srv/_set_drive_enabled.py\n'}
[1.717876] (trolley_interfaces) StdoutLine: {'line': b'-- Up-to-date: /home/zuiken/Documents/ichosai_2026_trolley/ros2_ws/src/install/trolley_interfaces/lib/python3.12/site-packages/trolley_interfaces/srv/__init__.py\n'}
[1.717985] (trolley_interfaces) StdoutLine: {'line': b'-- Up-to-date: /home/zuiken/Documents/ichosai_2026_trolley/ros2_ws/src/install/trolley_interfaces/lib/python3.12/site-packages/trolley_interfaces/srv/_set_drive_mode_s.c\n'}
[1.718145] (trolley_interfaces) StdoutLine: {'line': b'-- Up-to-date: /home/zuiken/Documents/ichosai_2026_trolley/ros2_ws/src/install/trolley_interfaces/lib/python3.12/site-packages/trolley_interfaces/srv/_set_drive_mode.py\n'}
[1.718270] (trolley_interfaces) StdoutLine: {'line': b'-- Up-to-date: /home/zuiken/Documents/ichosai_2026_trolley/ros2_ws/src/install/trolley_interfaces/lib/python3.12/site-packages/trolley_interfaces/srv/_set_drive_enabled_s.c\n'}
[1.718368] (trolley_interfaces) StdoutLine: {'line': b'-- Up-to-date: /home/zuiken/Documents/ichosai_2026_trolley/ros2_ws/src/install/trolley_interfaces/lib/python3.12/site-packages/trolley_interfaces/trolley_interfaces_s__rosidl_typesupport_c.so\n'}
[1.718475] (trolley_interfaces) StdoutLine: {'line': b'-- Up-to-date: /home/zuiken/Documents/ichosai_2026_trolley/ros2_ws/src/install/trolley_interfaces/lib/python3.12/site-packages/trolley_interfaces/trolley_interfaces_s__rosidl_typesupport_fastrtps_c.so\n'}
[1.718585] (trolley_interfaces) StdoutLine: {'line': b'-- Up-to-date: /home/zuiken/Documents/ichosai_2026_trolley/ros2_ws/src/install/trolley_interfaces/lib/python3.12/site-packages/trolley_interfaces/_trolley_interfaces_s.ep.rosidl_typesupport_c.c\n'}
[1.718696] (trolley_interfaces) StdoutLine: {'line': b'-- Up-to-date: /home/zuiken/Documents/ichosai_2026_trolley/ros2_ws/src/install/trolley_interfaces/lib/python3.12/site-packages/trolley_interfaces/_trolley_interfaces_s.ep.rosidl_typesupport_fastrtps_c.c\n'}
[1.756149] (trolley_interfaces) StdoutLine: {'line': b"Listing '/home/zuiken/Documents/ichosai_2026_trolley/ros2_ws/src/install/trolley_interfaces/lib/python3.12/site-packages/trolley_interfaces'...\n"}
[1.756537] (trolley_interfaces) StdoutLine: {'line': b"Listing '/home/zuiken/Documents/ichosai_2026_trolley/ros2_ws/src/install/trolley_interfaces/lib/python3.12/site-packages/trolley_interfaces/srv'...\n"}
[1.766135] (trolley_interfaces) StdoutLine: {'line': b'-- Up-to-date: /home/zuiken/Documents/ichosai_2026_trolley/ros2_ws/src/install/trolley_interfaces/lib/python3.12/site-packages/trolley_interfaces/trolley_interfaces_s__rosidl_typesupport_fastrtps_c.so\n'}
[1.766644] (trolley_interfaces) StdoutLine: {'line': b'-- Up-to-date: /home/zuiken/Documents/ichosai_2026_trolley/ros2_ws/src/install/trolley_interfaces/lib/python3.12/site-packages/trolley_interfaces/trolley_interfaces_s__rosidl_typesupport_introspection_c.so\n'}
[1.767189] (trolley_interfaces) StdoutLine: {'line': b'-- Up-to-date: /home/zuiken/Documents/ichosai_2026_trolley/ros2_ws/src/install/trolley_interfaces/lib/python3.12/site-packages/trolley_interfaces/trolley_interfaces_s__rosidl_typesupport_c.so\n'}
[1.767733] (trolley_interfaces) StdoutLine: {'line': b'-- Up-to-date: /home/zuiken/Documents/ichosai_2026_trolley/ros2_ws/src/install/trolley_interfaces/lib/libtrolley_interfaces__rosidl_generator_py.so\n'}
[1.768075] (trolley_interfaces) StdoutLine: {'line': b'-- Up-to-date: /home/zuiken/Documents/ichosai_2026_trolley/ros2_ws/src/install/trolley_interfaces/share/ament_index/resource_index/rust_packages/trolley_interfaces\n'}
[1.768406] (trolley_interfaces) StdoutLine: {'line': b'-- Up-to-date: /home/zuiken/Documents/ichosai_2026_trolley/ros2_ws/src/install/trolley_interfaces/share/trolley_interfaces/rust\n'}
[1.769672] (trolley_interfaces) StdoutLine: {'line': b'-- Up-to-date: /home/zuiken/Documents/ichosai_2026_trolley/ros2_ws/src/install/trolley_interfaces/share/trolley_interfaces/rust/build.rs\n'}
[1.769854] (trolley_interfaces) StdoutLine: {'line': b'-- Up-to-date: /home/zuiken/Documents/ichosai_2026_trolley/ros2_ws/src/install/trolley_interfaces/share/trolley_interfaces/rust/src\n'}
[1.772184] (trolley_interfaces) StdoutLine: {'line': b'-- Up-to-date: /home/zuiken/Documents/ichosai_2026_trolley/ros2_ws/src/install/trolley_interfaces/share/trolley_interfaces/rust/src/lib.rs\n'}
[1.772432] (trolley_interfaces) StdoutLine: {'line': b'-- Up-to-date: /home/zuiken/Documents/ichosai_2026_trolley/ros2_ws/src/install/trolley_interfaces/share/trolley_interfaces/rust/src/srv\n'}
[1.772576] (trolley_interfaces) StdoutLine: {'line': b'-- Up-to-date: /home/zuiken/Documents/ichosai_2026_trolley/ros2_ws/src/install/trolley_interfaces/share/trolley_interfaces/rust/src/srv/rmw.rs\n'}
[1.772715] (trolley_interfaces) StdoutLine: {'line': b'-- Up-to-date: /home/zuiken/Documents/ichosai_2026_trolley/ros2_ws/src/install/trolley_interfaces/share/trolley_interfaces/rust/src/srv.rs\n'}
[1.772859] (trolley_interfaces) StdoutLine: {'line': b'-- Up-to-date: /home/zuiken/Documents/ichosai_2026_trolley/ros2_ws/src/install/trolley_interfaces/share/trolley_interfaces/rust/Cargo.toml\n'}
[1.772962] (trolley_interfaces) StdoutLine: {'line': b'-- Up-to-date: /home/zuiken/Documents/ichosai_2026_trolley/ros2_ws/src/install/trolley_interfaces/share/trolley_interfaces/srv/SetDriveEnabled.idl\n'}
[1.775251] (trolley_interfaces) StdoutLine: {'line': b'-- Up-to-date: /home/zuiken/Documents/ichosai_2026_trolley/ros2_ws/src/install/trolley_interfaces/share/trolley_interfaces/srv/SetDriveMode.idl\n'}
[1.775565] (trolley_interfaces) StdoutLine: {'line': b'-- Up-to-date: /home/zuiken/Documents/ichosai_2026_trolley/ros2_ws/src/install/trolley_interfaces/share/trolley_interfaces/srv/SetDriveEnabled.srv\n'}
[1.775773] (trolley_interfaces) StdoutLine: {'line': b'-- Up-to-date: /home/zuiken/Documents/ichosai_2026_trolley/ros2_ws/src/install/trolley_interfaces/share/trolley_interfaces/srv/SetDriveMode.srv\n'}
[1.776001] (trolley_interfaces) StdoutLine: {'line': b'-- Up-to-date: /home/zuiken/Documents/ichosai_2026_trolley/ros2_ws/src/install/trolley_interfaces/share/ament_index/resource_index/package_run_dependencies/trolley_interfaces\n'}
[1.778374] (trolley_interfaces) StdoutLine: {'line': b'-- Up-to-date: /home/zuiken/Documents/ichosai_2026_trolley/ros2_ws/src/install/trolley_interfaces/share/ament_index/resource_index/parent_prefix_path/trolley_interfaces\n'}
[1.778572] (trolley_interfaces) StdoutLine: {'line': b'-- Up-to-date: /home/zuiken/Documents/ichosai_2026_trolley/ros2_ws/src/install/trolley_interfaces/share/trolley_interfaces/environment/ament_prefix_path.sh\n'}
[1.778689] (trolley_interfaces) StdoutLine: {'line': b'-- Up-to-date: /home/zuiken/Documents/ichosai_2026_trolley/ros2_ws/src/install/trolley_interfaces/share/trolley_interfaces/environment/ament_prefix_path.dsv\n'}
[1.778795] (trolley_interfaces) StdoutLine: {'line': b'-- Up-to-date: /home/zuiken/Documents/ichosai_2026_trolley/ros2_ws/src/install/trolley_interfaces/share/trolley_interfaces/environment/path.sh\n'}
[1.778896] (trolley_interfaces) StdoutLine: {'line': b'-- Up-to-date: /home/zuiken/Documents/ichosai_2026_trolley/ros2_ws/src/install/trolley_interfaces/share/trolley_interfaces/environment/path.dsv\n'}
[1.778994] (trolley_interfaces) StdoutLine: {'line': b'-- Up-to-date: /home/zuiken/Documents/ichosai_2026_trolley/ros2_ws/src/install/trolley_interfaces/share/trolley_interfaces/local_setup.bash\n'}
[1.779146] (trolley_interfaces) StdoutLine: {'line': b'-- Up-to-date: /home/zuiken/Documents/ichosai_2026_trolley/ros2_ws/src/install/trolley_interfaces/share/trolley_interfaces/local_setup.sh\n'}
[1.779256] (trolley_interfaces) StdoutLine: {'line': b'-- Up-to-date: /home/zuiken/Documents/ichosai_2026_trolley/ros2_ws/src/install/trolley_interfaces/share/trolley_interfaces/local_setup.zsh\n'}
[1.779358] (trolley_interfaces) StdoutLine: {'line': b'-- Up-to-date: /home/zuiken/Documents/ichosai_2026_trolley/ros2_ws/src/install/trolley_interfaces/share/trolley_interfaces/local_setup.dsv\n'}
[1.779453] (trolley_interfaces) StdoutLine: {'line': b'-- Installing: /home/zuiken/Documents/ichosai_2026_trolley/ros2_ws/src/install/trolley_interfaces/share/trolley_interfaces/package.dsv\n'}
[1.779572] (trolley_interfaces) StdoutLine: {'line': b'-- Up-to-date: /home/zuiken/Documents/ichosai_2026_trolley/ros2_ws/src/install/trolley_interfaces/share/ament_index/resource_index/packages/trolley_interfaces\n'}
[1.779684] (trolley_interfaces) StdoutLine: {'line': b'-- Up-to-date: /home/zuiken/Documents/ichosai_2026_trolley/ros2_ws/src/install/trolley_interfaces/share/trolley_interfaces/cmake/export_trolley_interfaces__rosidl_generator_cExport.cmake\n'}
[1.779780] (trolley_interfaces) StdoutLine: {'line': b'-- Up-to-date: /home/zuiken/Documents/ichosai_2026_trolley/ros2_ws/src/install/trolley_interfaces/share/trolley_interfaces/cmake/export_trolley_interfaces__rosidl_generator_cExport-noconfig.cmake\n'}
[1.779872] (trolley_interfaces) StdoutLine: {'line': b'-- Up-to-date: /home/zuiken/Documents/ichosai_2026_trolley/ros2_ws/src/install/trolley_interfaces/share/trolley_interfaces/cmake/export_trolley_interfaces__rosidl_typesupport_fastrtps_cExport.cmake\n'}
[1.779963] (trolley_interfaces) StdoutLine: {'line': b'-- Up-to-date: /home/zuiken/Documents/ichosai_2026_trolley/ros2_ws/src/install/trolley_interfaces/share/trolley_interfaces/cmake/export_trolley_interfaces__rosidl_typesupport_fastrtps_cExport-noconfig.cmake\n'}
[1.780082] (trolley_interfaces) StdoutLine: {'line': b'-- Up-to-date: /home/zuiken/Documents/ichosai_2026_trolley/ros2_ws/src/install/trolley_interfaces/share/trolley_interfaces/cmake/trolley_interfaces__rosidl_typesupport_introspection_cExport.cmake\n'}
[1.780182] (trolley_interfaces) StdoutLine: {'line': b'-- Up-to-date: /home/zuiken/Documents/ichosai_2026_trolley/ros2_ws/src/install/trolley_interfaces/share/trolley_interfaces/cmake/trolley_interfaces__rosidl_typesupport_introspection_cExport-noconfig.cmake\n'}
[1.780299] (trolley_interfaces) StdoutLine: {'line': b'-- Up-to-date: /home/zuiken/Documents/ichosai_2026_trolley/ros2_ws/src/install/trolley_interfaces/share/trolley_interfaces/cmake/trolley_interfaces__rosidl_typesupport_cExport.cmake\n'}
[1.780397] (trolley_interfaces) StdoutLine: {'line': b'-- Up-to-date: /home/zuiken/Documents/ichosai_2026_trolley/ros2_ws/src/install/trolley_interfaces/share/trolley_interfaces/cmake/trolley_interfaces__rosidl_typesupport_cExport-noconfig.cmake\n'}
[1.780518] (trolley_interfaces) StdoutLine: {'line': b'-- Up-to-date: /home/zuiken/Documents/ichosai_2026_trolley/ros2_ws/src/install/trolley_interfaces/share/trolley_interfaces/cmake/export_trolley_interfaces__rosidl_generator_cppExport.cmake\n'}
[1.780629] (trolley_interfaces) StdoutLine: {'line': b'-- Up-to-date: /home/zuiken/Documents/ichosai_2026_trolley/ros2_ws/src/install/trolley_interfaces/share/trolley_interfaces/cmake/export_trolley_interfaces__rosidl_typesupport_fastrtps_cppExport.cmake\n'}
[1.780752] (trolley_interfaces) StdoutLine: {'line': b'-- Up-to-date: /home/zuiken/Documents/ichosai_2026_trolley/ros2_ws/src/install/trolley_interfaces/share/trolley_interfaces/cmake/export_trolley_interfaces__rosidl_typesupport_fastrtps_cppExport-noconfig.cmake\n'}
[1.780850] (trolley_interfaces) StdoutLine: {'line': b'-- Up-to-date: /home/zuiken/Documents/ichosai_2026_trolley/ros2_ws/src/install/trolley_interfaces/share/trolley_interfaces/cmake/trolley_interfaces__rosidl_typesupport_introspection_cppExport.cmake\n'}
[1.780948] (trolley_interfaces) StdoutLine: {'line': b'-- Up-to-date: /home/zuiken/Documents/ichosai_2026_trolley/ros2_ws/src/install/trolley_interfaces/share/trolley_interfaces/cmake/trolley_interfaces__rosidl_typesupport_introspection_cppExport-noconfig.cmake\n'}
[1.781962] (trolley_interfaces) StdoutLine: {'line': b'-- Up-to-date: /home/zuiken/Documents/ichosai_2026_trolley/ros2_ws/src/install/trolley_interfaces/share/trolley_interfaces/cmake/trolley_interfaces__rosidl_typesupport_cppExport.cmake\n'}
[1.785700] (trolley_interfaces) StdoutLine: {'line': b'-- Up-to-date: /home/zuiken/Documents/ichosai_2026_trolley/ros2_ws/src/install/trolley_interfaces/share/trolley_interfaces/cmake/trolley_interfaces__rosidl_typesupport_cppExport-noconfig.cmake\n'}
[1.785874] (trolley_interfaces) StdoutLine: {'line': b'-- Up-to-date: /home/zuiken/Documents/ichosai_2026_trolley/ros2_ws/src/install/trolley_interfaces/share/trolley_interfaces/cmake/export_trolley_interfaces__rosidl_generator_pyExport.cmake\n'}
[1.786010] (trolley_interfaces) StdoutLine: {'line': b'-- Up-to-date: /home/zuiken/Documents/ichosai_2026_trolley/ros2_ws/src/install/trolley_interfaces/share/trolley_interfaces/cmake/export_trolley_interfaces__rosidl_generator_pyExport-noconfig.cmake\n'}
[1.786195] (trolley_interfaces) StdoutLine: {'line': b'-- Up-to-date: /home/zuiken/Documents/ichosai_2026_trolley/ros2_ws/src/install/trolley_interfaces/share/trolley_interfaces/cmake/rosidl_cmake-extras.cmake\n'}
[1.786331] (trolley_interfaces) StdoutLine: {'line': b'-- Up-to-date: /home/zuiken/Documents/ichosai_2026_trolley/ros2_ws/src/install/trolley_interfaces/share/trolley_interfaces/cmake/ament_cmake_export_dependencies-extras.cmake\n'}
[1.786460] (trolley_interfaces) StdoutLine: {'line': b'-- Up-to-date: /home/zuiken/Documents/ichosai_2026_trolley/ros2_ws/src/install/trolley_interfaces/share/trolley_interfaces/cmake/ament_cmake_export_include_directories-extras.cmake\n'}
[1.786604] (trolley_interfaces) StdoutLine: {'line': b'-- Up-to-date: /home/zuiken/Documents/ichosai_2026_trolley/ros2_ws/src/install/trolley_interfaces/share/trolley_interfaces/cmake/ament_cmake_export_libraries-extras.cmake\n'}
[1.786743] (trolley_interfaces) StdoutLine: {'line': b'-- Up-to-date: /home/zuiken/Documents/ichosai_2026_trolley/ros2_ws/src/install/trolley_interfaces/share/trolley_interfaces/cmake/ament_cmake_export_targets-extras.cmake\n'}
[1.786879] (trolley_interfaces) StdoutLine: {'line': b'-- Up-to-date: /home/zuiken/Documents/ichosai_2026_trolley/ros2_ws/src/install/trolley_interfaces/share/trolley_interfaces/cmake/rosidl_cmake_export_typesupport_targets-extras.cmake\n'}
[1.787019] (trolley_interfaces) StdoutLine: {'line': b'-- Up-to-date: /home/zuiken/Documents/ichosai_2026_trolley/ros2_ws/src/install/trolley_interfaces/share/trolley_interfaces/cmake/rosidl_cmake_export_typesupport_libraries-extras.cmake\n'}
[1.787207] (trolley_interfaces) StdoutLine: {'line': b'-- Up-to-date: /home/zuiken/Documents/ichosai_2026_trolley/ros2_ws/src/install/trolley_interfaces/share/trolley_interfaces/cmake/rosidl_cmake_aggregate_target-extras.cmake\n'}
[1.787349] (trolley_interfaces) StdoutLine: {'line': b'-- Up-to-date: /home/zuiken/Documents/ichosai_2026_trolley/ros2_ws/src/install/trolley_interfaces/share/trolley_interfaces/cmake/trolley_interfacesConfig.cmake\n'}
[1.787473] (trolley_interfaces) StdoutLine: {'line': b'-- Up-to-date: /home/zuiken/Documents/ichosai_2026_trolley/ros2_ws/src/install/trolley_interfaces/share/trolley_interfaces/cmake/trolley_interfacesConfig-version.cmake\n'}
[1.787597] (trolley_interfaces) StdoutLine: {'line': b'-- Up-to-date: /home/zuiken/Documents/ichosai_2026_trolley/ros2_ws/src/install/trolley_interfaces/share/trolley_interfaces/package.xml\n'}
[1.787722] (trolley_interfaces) CommandEnded: {'returncode': 0}
[1.813290] (-) TimerEvent: {}
[1.845622] (trolley_interfaces) JobEnded: {'identifier': 'trolley_interfaces', 'rc': 0}
[1.847183] (trolley_api) JobStarted: {'identifier': 'trolley_api'}
[1.913398] (-) TimerEvent: {}
[2.013785] (-) TimerEvent: {}
[2.115412] (-) TimerEvent: {}
[2.215845] (-) TimerEvent: {}
[2.317415] (-) TimerEvent: {}
[2.417834] (-) TimerEvent: {}
[2.520378] (-) TimerEvent: {}
[2.622132] (-) TimerEvent: {}
[2.722548] (-) TimerEvent: {}
[2.786196] (joy_teleop) Command: {'cmd': ['/usr/bin/python3', '-W', 'ignore:setup.py install is deprecated', '-W', 'ignore:easy_install command is deprecated', 'setup.py', 'egg_info', '--egg-base', '../build/joy_teleop', 'build', '--build-base', '/home/zuiken/Documents/ichosai_2026_trolley/ros2_ws/src/build/joy_teleop/build', 'install', '--record', '/home/zuiken/Documents/ichosai_2026_trolley/ros2_ws/src/build/joy_teleop/install.log', '--install-scripts', '$base/lib/joy_teleop', '--single-version-externally-managed', 'install_data'], 'cwd': '/home/zuiken/Documents/ichosai_2026_trolley/ros2_ws/src/joy_teleop', 'env': {'LESSOPEN': '| /usr/bin/lesspipe %s', 'USER': 'zuiken', 'SSH_CLIENT': '192.168.0.101 64908 22', 'XDG_SESSION_TYPE': 'tty', 'GIT_ASKPASS': '/home/zuiken/.vscode-server/cli/servers/Stable-a44adf7f53e00964ab890f9f8758a334f1fc15bc/server/extensions/git/dist/askpass.sh', 'SHLVL': '1', 'LD_LIBRARY_PATH': '/home/zuiken/Documents/ichosai_2026_trolley/ros2_ws/src/install/trolley_interfaces/lib:/opt/ros/jazzy/opt/rviz_ogre_vendor/lib:/opt/ros/jazzy/lib/aarch64-linux-gnu:/opt/ros/jazzy/opt/gz_math_vendor/lib:/opt/ros/jazzy/opt/gz_utils_vendor/lib:/opt/ros/jazzy/opt/gz_cmake_vendor/lib:/opt/ros/jazzy/lib', 'BROWSER': '/home/zuiken/.vscode-server/cli/servers/Stable-a44adf7f53e00964ab890f9f8758a334f1fc15bc/server/bin/helpers/browser.sh', 'HOME': '/home/zuiken', 'OLDPWD': '/home/zuiken/Documents/ichosai_2026_trolley/ros2_ws', 'TERM_PROGRAM_VERSION': '1.136.1', 'VSCODE_IPC_HOOK_CLI': '/run/user/1000/vscode-ipc-e0b83720-7306-4e86-b336-6b5d163a5894.sock', 'ROS_PYTHON_VERSION': '3', 'VSCODE_GIT_ASKPASS_MAIN': '/home/zuiken/.vscode-server/cli/servers/Stable-a44adf7f53e00964ab890f9f8758a334f1fc15bc/server/extensions/git/dist/askpass-main.js', 'VSCODE_GIT_ASKPASS_NODE': '/home/zuiken/.vscode-server/cli/servers/Stable-a44adf7f53e00964ab890f9f8758a334f1fc15bc/server/node', 'VSCODE_PYTHON_AUTOACTIVATE_GUARD': '1', 'DBUS_SESSION_BUS_ADDRESS': 'unix:path=/run/user/1000/bus', 'COLORTERM': 'truecolor', 'DEBUGINFOD_URLS': 'https://debuginfod.ubuntu.com', 'COLCON_PREFIX_PATH': '/home/zuiken/Documents/ichosai_2026_trolley/ros2_ws/src/install', 'ROS_DISTRO': 'jazzy', 'LOGNAME': 'zuiken', '_': '/usr/bin/colcon', 'ROS_VERSION': '2', 'XDG_SESSION_CLASS': 'user', 'TERM': 'xterm-256color', 'XDG_SESSION_ID': '58', 'PATH': '/home/zuiken/.vscode-server/data/User/globalStorage/github.copilot-chat/debugCommand:/home/zuiken/.vscode-server/data/User/globalStorage/github.copilot-chat/copilotCli:/home/zuiken/.vscode-server/cli/servers/Stable-a44adf7f53e00964ab890f9f8758a334f1fc15bc/server/bin/remote-cli:/home/zuiken/.local/bin:/opt/ros/jazzy/bin:/usr/local/sbin:/usr/local/bin:/usr/sbin:/usr/bin:/sbin:/bin:/usr/games:/usr/local/games:/snap/bin', 'XDG_RUNTIME_DIR': '/run/user/1000', 'LANG': 'C.UTF-8', 'LS_COLORS': 'rs=0:di=01;34:ln=01;36:mh=00:pi=40;33:so=01;35:do=01;35:bd=40;33;01:cd=40;33;01:or=40;31;01:mi=00:su=37;41:sg=30;43:ca=00:tw=30;42:ow=34;42:st=37;44:ex=01;32:*.tar=01;31:*.tgz=01;31:*.arc=01;31:*.arj=01;31:*.taz=01;31:*.lha=01;31:*.lz4=01;31:*.lzh=01;31:*.lzma=01;31:*.tlz=01;31:*.txz=01;31:*.tzo=01;31:*.t7z=01;31:*.zip=01;31:*.z=01;31:*.dz=01;31:*.gz=01;31:*.lrz=01;31:*.lz=01;31:*.lzo=01;31:*.xz=01;31:*.zst=01;31:*.tzst=01;31:*.bz2=01;31:*.bz=01;31:*.tbz=01;31:*.tbz2=01;31:*.tz=01;31:*.deb=01;31:*.rpm=01;31:*.jar=01;31:*.war=01;31:*.ear=01;31:*.sar=01;31:*.rar=01;31:*.alz=01;31:*.ace=01;31:*.zoo=01;31:*.cpio=01;31:*.7z=01;31:*.rz=01;31:*.cab=01;31:*.wim=01;31:*.swm=01;31:*.dwm=01;31:*.esd=01;31:*.avif=01;35:*.jpg=01;35:*.jpeg=01;35:*.mjpg=01;35:*.mjpeg=01;35:*.gif=01;35:*.bmp=01;35:*.pbm=01;35:*.pgm=01;35:*.ppm=01;35:*.tga=01;35:*.xbm=01;35:*.xpm=01;35:*.tif=01;35:*.tiff=01;35:*.png=01;35:*.svg=01;35:*.svgz=01;35:*.mng=01;35:*.pcx=01;35:*.mov=01;35:*.mpg=01;35:*.mpeg=01;35:*.m2v=01;35:*.mkv=01;35:*.webm=01;35:*.webp=01;35:*.ogm=01;35:*.mp4=01;35:*.m4v=01;35:*.mp4v=01;35:*.vob=01;35:*.qt=01;35:*.nuv=01;35:*.wmv=01;35:*.asf=01;35:*.rm=01;35:*.rmvb=01;35:*.flc=01;35:*.avi=01;35:*.fli=01;35:*.flv=01;35:*.gl=01;35:*.dl=01;35:*.xcf=01;35:*.xwd=01;35:*.yuv=01;35:*.cgm=01;35:*.emf=01;35:*.ogv=01;35:*.ogx=01;35:*.aac=00;36:*.au=00;36:*.flac=00;36:*.m4a=00;36:*.mid=00;36:*.midi=00;36:*.mka=00;36:*.mp3=00;36:*.mpc=00;36:*.ogg=00;36:*.ra=00;36:*.wav=00;36:*.oga=00;36:*.opus=00;36:*.spx=00;36:*.xspf=00;36:*~=00;90:*#=00;90:*.bak=00;90:*.crdownload=00;90:*.dpkg-dist=00;90:*.dpkg-new=00;90:*.dpkg-old=00;90:*.dpkg-tmp=00;90:*.old=00;90:*.orig=00;90:*.part=00;90:*.rej=00;90:*.rpmnew=00;90:*.rpmorig=00;90:*.rpmsave=00;90:*.swp=00;90:*.tmp=00;90:*.ucf-dist=00;90:*.ucf-new=00;90:*.ucf-old=00;90:', 'VSCODE_GIT_IPC_HANDLE': '/run/user/1000/vscode-git-3264b45195.sock', 'TERM_PROGRAM': 'vscode', 'AMENT_PREFIX_PATH': '/home/zuiken/Documents/ichosai_2026_trolley/ros2_ws/src/install/trolley_drive:/home/zuiken/Documents/ichosai_2026_trolley/ros2_ws/src/install/trolley_api:/home/zuiken/Documents/ichosai_2026_trolley/ros2_ws/src/install/trolley_interfaces:/home/zuiken/Documents/ichosai_2026_trolley/ros2_ws/src/install/trolley_cmd_mux:/home/zuiken/Documents/ichosai_2026_trolley/ros2_ws/src/install/trolley_bringup:/home/zuiken/Documents/ichosai_2026_trolley/ros2_ws/src/install/joy_teleop:/opt/ros/jazzy', 'SHELL': '/bin/bash', 'LESSCLOSE': '/usr/bin/lesspipe %s %s', 'ROS_AUTOMATIC_DISCOVERY_RANGE': 'SUBNET', 'VSCODE_GIT_ASKPASS_EXTRA_ARGS': '', 'PWD': '/home/zuiken/Documents/ichosai_2026_trolley/ros2_ws/src/build/joy_teleop', 'COPILOT_DEBUG_NONCE': '588d225576d72e8c3f0154716e9a6b5b', 'SSH_CONNECTION': '192.168.0.101 64908 192.168.0.102 22', 'XDG_DATA_DIRS': '/usr/share/gnome:/usr/local/share:/usr/share:/var/lib/snapd/desktop', 'PYTHONPATH': '/home/zuiken/Documents/ichosai_2026_trolley/ros2_ws/src/build/joy_teleop/prefix_override:/usr/lib/python3/dist-packages/colcon_core/task/python/colcon_distutils_commands:/home/zuiken/Documents/ichosai_2026_trolley/ros2_ws/src/install/joy_teleop/lib/python3.12/site-packages:/home/zuiken/Documents/ichosai_2026_trolley/ros2_ws/src/install/trolley_drive/lib/python3.12/site-packages:/home/zuiken/Documents/ichosai_2026_trolley/ros2_ws/src/install/trolley_api/lib/python3.12/site-packages:/home/zuiken/Documents/ichosai_2026_trolley/ros2_ws/src/install/trolley_interfaces/lib/python3.12/site-packages:/home/zuiken/Documents/ichosai_2026_trolley/ros2_ws/src/install/trolley_cmd_mux/lib/python3.12/site-packages:/home/zuiken/Documents/ichosai_2026_trolley/ros2_ws/src/install/trolley_bringup/lib/python3.12/site-packages:/home/zuiken/Documents/ichosai_2026_trolley/ros2_ws/src/install/joy_teleop/lib/python3.12/site-packages:/opt/ros/jazzy/lib/python3.12/site-packages', 'COLCON': '1', 'CMAKE_PREFIX_PATH': '/home/zuiken/Documents/ichosai_2026_trolley/ros2_ws/src/install/trolley_interfaces:/opt/ros/jazzy/opt/gz_math_vendor:/opt/ros/jazzy/opt/gz_utils_vendor:/opt/ros/jazzy/opt/gz_cmake_vendor'}, 'shell': False}
[2.825142] (-) TimerEvent: {}
[2.849238] (trolley_bringup) Command: {'cmd': ['/usr/bin/python3', '-W', 'ignore:setup.py install is deprecated', '-W', 'ignore:easy_install command is deprecated', 'setup.py', 'egg_info', '--egg-base', '../build/trolley_bringup', 'build', '--build-base', '/home/zuiken/Documents/ichosai_2026_trolley/ros2_ws/src/build/trolley_bringup/build', 'install', '--record', '/home/zuiken/Documents/ichosai_2026_trolley/ros2_ws/src/build/trolley_bringup/install.log', '--install-scripts', '$base/lib/trolley_bringup', '--single-version-externally-managed', 'install_data'], 'cwd': '/home/zuiken/Documents/ichosai_2026_trolley/ros2_ws/src/trolley_bringup', 'env': {'LESSOPEN': '| /usr/bin/lesspipe %s', 'USER': 'zuiken', 'SSH_CLIENT': '192.168.0.101 64908 22', 'XDG_SESSION_TYPE': 'tty', 'GIT_ASKPASS': '/home/zuiken/.vscode-server/cli/servers/Stable-a44adf7f53e00964ab890f9f8758a334f1fc15bc/server/extensions/git/dist/askpass.sh', 'SHLVL': '1', 'LD_LIBRARY_PATH': '/home/zuiken/Documents/ichosai_2026_trolley/ros2_ws/src/install/trolley_interfaces/lib:/opt/ros/jazzy/opt/rviz_ogre_vendor/lib:/opt/ros/jazzy/lib/aarch64-linux-gnu:/opt/ros/jazzy/opt/gz_math_vendor/lib:/opt/ros/jazzy/opt/gz_utils_vendor/lib:/opt/ros/jazzy/opt/gz_cmake_vendor/lib:/opt/ros/jazzy/lib', 'BROWSER': '/home/zuiken/.vscode-server/cli/servers/Stable-a44adf7f53e00964ab890f9f8758a334f1fc15bc/server/bin/helpers/browser.sh', 'HOME': '/home/zuiken', 'OLDPWD': '/home/zuiken/Documents/ichosai_2026_trolley/ros2_ws', 'TERM_PROGRAM_VERSION': '1.136.1', 'VSCODE_IPC_HOOK_CLI': '/run/user/1000/vscode-ipc-e0b83720-7306-4e86-b336-6b5d163a5894.sock', 'ROS_PYTHON_VERSION': '3', 'VSCODE_GIT_ASKPASS_MAIN': '/home/zuiken/.vscode-server/cli/servers/Stable-a44adf7f53e00964ab890f9f8758a334f1fc15bc/server/extensions/git/dist/askpass-main.js', 'VSCODE_GIT_ASKPASS_NODE': '/home/zuiken/.vscode-server/cli/servers/Stable-a44adf7f53e00964ab890f9f8758a334f1fc15bc/server/node', 'VSCODE_PYTHON_AUTOACTIVATE_GUARD': '1', 'DBUS_SESSION_BUS_ADDRESS': 'unix:path=/run/user/1000/bus', 'COLORTERM': 'truecolor', 'DEBUGINFOD_URLS': 'https://debuginfod.ubuntu.com', 'COLCON_PREFIX_PATH': '/home/zuiken/Documents/ichosai_2026_trolley/ros2_ws/src/install', 'ROS_DISTRO': 'jazzy', 'LOGNAME': 'zuiken', '_': '/usr/bin/colcon', 'ROS_VERSION': '2', 'XDG_SESSION_CLASS': 'user', 'TERM': 'xterm-256color', 'XDG_SESSION_ID': '58', 'PATH': '/home/zuiken/.vscode-server/data/User/globalStorage/github.copilot-chat/debugCommand:/home/zuiken/.vscode-server/data/User/globalStorage/github.copilot-chat/copilotCli:/home/zuiken/.vscode-server/cli/servers/Stable-a44adf7f53e00964ab890f9f8758a334f1fc15bc/server/bin/remote-cli:/home/zuiken/.local/bin:/opt/ros/jazzy/bin:/usr/local/sbin:/usr/local/bin:/usr/sbin:/usr/bin:/sbin:/bin:/usr/games:/usr/local/games:/snap/bin', 'XDG_RUNTIME_DIR': '/run/user/1000', 'LANG': 'C.UTF-8', 'LS_COLORS': 'rs=0:di=01;34:ln=01;36:mh=00:pi=40;33:so=01;35:do=01;35:bd=40;33;01:cd=40;33;01:or=40;31;01:mi=00:su=37;41:sg=30;43:ca=00:tw=30;42:ow=34;42:st=37;44:ex=01;32:*.tar=01;31:*.tgz=01;31:*.arc=01;31:*.arj=01;31:*.taz=01;31:*.lha=01;31:*.lz4=01;31:*.lzh=01;31:*.lzma=01;31:*.tlz=01;31:*.txz=01;31:*.tzo=01;31:*.t7z=01;31:*.zip=01;31:*.z=01;31:*.dz=01;31:*.gz=01;31:*.lrz=01;31:*.lz=01;31:*.lzo=01;31:*.xz=01;31:*.zst=01;31:*.tzst=01;31:*.bz2=01;31:*.bz=01;31:*.tbz=01;31:*.tbz2=01;31:*.tz=01;31:*.deb=01;31:*.rpm=01;31:*.jar=01;31:*.war=01;31:*.ear=01;31:*.sar=01;31:*.rar=01;31:*.alz=01;31:*.ace=01;31:*.zoo=01;31:*.cpio=01;31:*.7z=01;31:*.rz=01;31:*.cab=01;31:*.wim=01;31:*.swm=01;31:*.dwm=01;31:*.esd=01;31:*.avif=01;35:*.jpg=01;35:*.jpeg=01;35:*.mjpg=01;35:*.mjpeg=01;35:*.gif=01;35:*.bmp=01;35:*.pbm=01;35:*.pgm=01;35:*.ppm=01;35:*.tga=01;35:*.xbm=01;35:*.xpm=01;35:*.tif=01;35:*.tiff=01;35:*.png=01;35:*.svg=01;35:*.svgz=01;35:*.mng=01;35:*.pcx=01;35:*.mov=01;35:*.mpg=01;35:*.mpeg=01;35:*.m2v=01;35:*.mkv=01;35:*.webm=01;35:*.webp=01;35:*.ogm=01;35:*.mp4=01;35:*.m4v=01;35:*.mp4v=01;35:*.vob=01;35:*.qt=01;35:*.nuv=01;35:*.wmv=01;35:*.asf=01;35:*.rm=01;35:*.rmvb=01;35:*.flc=01;35:*.avi=01;35:*.fli=01;35:*.flv=01;35:*.gl=01;35:*.dl=01;35:*.xcf=01;35:*.xwd=01;35:*.yuv=01;35:*.cgm=01;35:*.emf=01;35:*.ogv=01;35:*.ogx=01;35:*.aac=00;36:*.au=00;36:*.flac=00;36:*.m4a=00;36:*.mid=00;36:*.midi=00;36:*.mka=00;36:*.mp3=00;36:*.mpc=00;36:*.ogg=00;36:*.ra=00;36:*.wav=00;36:*.oga=00;36:*.opus=00;36:*.spx=00;36:*.xspf=00;36:*~=00;90:*#=00;90:*.bak=00;90:*.crdownload=00;90:*.dpkg-dist=00;90:*.dpkg-new=00;90:*.dpkg-old=00;90:*.dpkg-tmp=00;90:*.old=00;90:*.orig=00;90:*.part=00;90:*.rej=00;90:*.rpmnew=00;90:*.rpmorig=00;90:*.rpmsave=00;90:*.swp=00;90:*.tmp=00;90:*.ucf-dist=00;90:*.ucf-new=00;90:*.ucf-old=00;90:', 'VSCODE_GIT_IPC_HANDLE': '/run/user/1000/vscode-git-3264b45195.sock', 'TERM_PROGRAM': 'vscode', 'AMENT_PREFIX_PATH': '/home/zuiken/Documents/ichosai_2026_trolley/ros2_ws/src/install/trolley_drive:/home/zuiken/Documents/ichosai_2026_trolley/ros2_ws/src/install/trolley_api:/home/zuiken/Documents/ichosai_2026_trolley/ros2_ws/src/install/trolley_interfaces:/home/zuiken/Documents/ichosai_2026_trolley/ros2_ws/src/install/trolley_cmd_mux:/home/zuiken/Documents/ichosai_2026_trolley/ros2_ws/src/install/trolley_bringup:/home/zuiken/Documents/ichosai_2026_trolley/ros2_ws/src/install/joy_teleop:/opt/ros/jazzy', 'SHELL': '/bin/bash', 'LESSCLOSE': '/usr/bin/lesspipe %s %s', 'ROS_AUTOMATIC_DISCOVERY_RANGE': 'SUBNET', 'VSCODE_GIT_ASKPASS_EXTRA_ARGS': '', 'PWD': '/home/zuiken/Documents/ichosai_2026_trolley/ros2_ws/src/build/trolley_bringup', 'COPILOT_DEBUG_NONCE': '588d225576d72e8c3f0154716e9a6b5b', 'SSH_CONNECTION': '192.168.0.101 64908 192.168.0.102 22', 'XDG_DATA_DIRS': '/usr/share/gnome:/usr/local/share:/usr/share:/var/lib/snapd/desktop', 'PYTHONPATH': '/home/zuiken/Documents/ichosai_2026_trolley/ros2_ws/src/build/trolley_bringup/prefix_override:/usr/lib/python3/dist-packages/colcon_core/task/python/colcon_distutils_commands:/home/zuiken/Documents/ichosai_2026_trolley/ros2_ws/src/install/trolley_bringup/lib/python3.12/site-packages:/home/zuiken/Documents/ichosai_2026_trolley/ros2_ws/src/install/trolley_drive/lib/python3.12/site-packages:/home/zuiken/Documents/ichosai_2026_trolley/ros2_ws/src/install/trolley_api/lib/python3.12/site-packages:/home/zuiken/Documents/ichosai_2026_trolley/ros2_ws/src/install/trolley_interfaces/lib/python3.12/site-packages:/home/zuiken/Documents/ichosai_2026_trolley/ros2_ws/src/install/trolley_cmd_mux/lib/python3.12/site-packages:/home/zuiken/Documents/ichosai_2026_trolley/ros2_ws/src/install/trolley_bringup/lib/python3.12/site-packages:/home/zuiken/Documents/ichosai_2026_trolley/ros2_ws/src/install/joy_teleop/lib/python3.12/site-packages:/opt/ros/jazzy/lib/python3.12/site-packages', 'COLCON': '1', 'CMAKE_PREFIX_PATH': '/home/zuiken/Documents/ichosai_2026_trolley/ros2_ws/src/install/trolley_interfaces:/opt/ros/jazzy/opt/gz_math_vendor:/opt/ros/jazzy/opt/gz_utils_vendor:/opt/ros/jazzy/opt/gz_cmake_vendor'}, 'shell': False}
[2.862836] (trolley_cmd_mux) Command: {'cmd': ['/usr/bin/python3', '-W', 'ignore:setup.py install is deprecated', '-W', 'ignore:easy_install command is deprecated', 'setup.py', 'egg_info', '--egg-base', '../build/trolley_cmd_mux', 'build', '--build-base', '/home/zuiken/Documents/ichosai_2026_trolley/ros2_ws/src/build/trolley_cmd_mux/build', 'install', '--record', '/home/zuiken/Documents/ichosai_2026_trolley/ros2_ws/src/build/trolley_cmd_mux/install.log', '--install-scripts', '$base/lib/trolley_cmd_mux', '--single-version-externally-managed', 'install_data'], 'cwd': '/home/zuiken/Documents/ichosai_2026_trolley/ros2_ws/src/trolley_cmd_mux', 'env': {'LESSOPEN': '| /usr/bin/lesspipe %s', 'USER': 'zuiken', 'SSH_CLIENT': '192.168.0.101 64908 22', 'XDG_SESSION_TYPE': 'tty', 'GIT_ASKPASS': '/home/zuiken/.vscode-server/cli/servers/Stable-a44adf7f53e00964ab890f9f8758a334f1fc15bc/server/extensions/git/dist/askpass.sh', 'SHLVL': '1', 'LD_LIBRARY_PATH': '/home/zuiken/Documents/ichosai_2026_trolley/ros2_ws/src/install/trolley_interfaces/lib:/opt/ros/jazzy/opt/rviz_ogre_vendor/lib:/opt/ros/jazzy/lib/aarch64-linux-gnu:/opt/ros/jazzy/opt/gz_math_vendor/lib:/opt/ros/jazzy/opt/gz_utils_vendor/lib:/opt/ros/jazzy/opt/gz_cmake_vendor/lib:/opt/ros/jazzy/lib', 'BROWSER': '/home/zuiken/.vscode-server/cli/servers/Stable-a44adf7f53e00964ab890f9f8758a334f1fc15bc/server/bin/helpers/browser.sh', 'HOME': '/home/zuiken', 'OLDPWD': '/home/zuiken/Documents/ichosai_2026_trolley/ros2_ws', 'TERM_PROGRAM_VERSION': '1.136.1', 'VSCODE_IPC_HOOK_CLI': '/run/user/1000/vscode-ipc-e0b83720-7306-4e86-b336-6b5d163a5894.sock', 'ROS_PYTHON_VERSION': '3', 'VSCODE_GIT_ASKPASS_MAIN': '/home/zuiken/.vscode-server/cli/servers/Stable-a44adf7f53e00964ab890f9f8758a334f1fc15bc/server/extensions/git/dist/askpass-main.js', 'VSCODE_GIT_ASKPASS_NODE': '/home/zuiken/.vscode-server/cli/servers/Stable-a44adf7f53e00964ab890f9f8758a334f1fc15bc/server/node', 'VSCODE_PYTHON_AUTOACTIVATE_GUARD': '1', 'DBUS_SESSION_BUS_ADDRESS': 'unix:path=/run/user/1000/bus', 'COLORTERM': 'truecolor', 'DEBUGINFOD_URLS': 'https://debuginfod.ubuntu.com', 'COLCON_PREFIX_PATH': '/home/zuiken/Documents/ichosai_2026_trolley/ros2_ws/src/install', 'ROS_DISTRO': 'jazzy', 'LOGNAME': 'zuiken', '_': '/usr/bin/colcon', 'ROS_VERSION': '2', 'XDG_SESSION_CLASS': 'user', 'TERM': 'xterm-256color', 'XDG_SESSION_ID': '58', 'PATH': '/home/zuiken/.vscode-server/data/User/globalStorage/github.copilot-chat/debugCommand:/home/zuiken/.vscode-server/data/User/globalStorage/github.copilot-chat/copilotCli:/home/zuiken/.vscode-server/cli/servers/Stable-a44adf7f53e00964ab890f9f8758a334f1fc15bc/server/bin/remote-cli:/home/zuiken/.local/bin:/opt/ros/jazzy/bin:/usr/local/sbin:/usr/local/bin:/usr/sbin:/usr/bin:/sbin:/bin:/usr/games:/usr/local/games:/snap/bin', 'XDG_RUNTIME_DIR': '/run/user/1000', 'LANG': 'C.UTF-8', 'LS_COLORS': 'rs=0:di=01;34:ln=01;36:mh=00:pi=40;33:so=01;35:do=01;35:bd=40;33;01:cd=40;33;01:or=40;31;01:mi=00:su=37;41:sg=30;43:ca=00:tw=30;42:ow=34;42:st=37;44:ex=01;32:*.tar=01;31:*.tgz=01;31:*.arc=01;31:*.arj=01;31:*.taz=01;31:*.lha=01;31:*.lz4=01;31:*.lzh=01;31:*.lzma=01;31:*.tlz=01;31:*.txz=01;31:*.tzo=01;31:*.t7z=01;31:*.zip=01;31:*.z=01;31:*.dz=01;31:*.gz=01;31:*.lrz=01;31:*.lz=01;31:*.lzo=01;31:*.xz=01;31:*.zst=01;31:*.tzst=01;31:*.bz2=01;31:*.bz=01;31:*.tbz=01;31:*.tbz2=01;31:*.tz=01;31:*.deb=01;31:*.rpm=01;31:*.jar=01;31:*.war=01;31:*.ear=01;31:*.sar=01;31:*.rar=01;31:*.alz=01;31:*.ace=01;31:*.zoo=01;31:*.cpio=01;31:*.7z=01;31:*.rz=01;31:*.cab=01;31:*.wim=01;31:*.swm=01;31:*.dwm=01;31:*.esd=01;31:*.avif=01;35:*.jpg=01;35:*.jpeg=01;35:*.mjpg=01;35:*.mjpeg=01;35:*.gif=01;35:*.bmp=01;35:*.pbm=01;35:*.pgm=01;35:*.ppm=01;35:*.tga=01;35:*.xbm=01;35:*.xpm=01;35:*.tif=01;35:*.tiff=01;35:*.png=01;35:*.svg=01;35:*.svgz=01;35:*.mng=01;35:*.pcx=01;35:*.mov=01;35:*.mpg=01;35:*.mpeg=01;35:*.m2v=01;35:*.mkv=01;35:*.webm=01;35:*.webp=01;35:*.ogm=01;35:*.mp4=01;35:*.m4v=01;35:*.mp4v=01;35:*.vob=01;35:*.qt=01;35:*.nuv=01;35:*.wmv=01;35:*.asf=01;35:*.rm=01;35:*.rmvb=01;35:*.flc=01;35:*.avi=01;35:*.fli=01;35:*.flv=01;35:*.gl=01;35:*.dl=01;35:*.xcf=01;35:*.xwd=01;35:*.yuv=01;35:*.cgm=01;35:*.emf=01;35:*.ogv=01;35:*.ogx=01;35:*.aac=00;36:*.au=00;36:*.flac=00;36:*.m4a=00;36:*.mid=00;36:*.midi=00;36:*.mka=00;36:*.mp3=00;36:*.mpc=00;36:*.ogg=00;36:*.ra=00;36:*.wav=00;36:*.oga=00;36:*.opus=00;36:*.spx=00;36:*.xspf=00;36:*~=00;90:*#=00;90:*.bak=00;90:*.crdownload=00;90:*.dpkg-dist=00;90:*.dpkg-new=00;90:*.dpkg-old=00;90:*.dpkg-tmp=00;90:*.old=00;90:*.orig=00;90:*.part=00;90:*.rej=00;90:*.rpmnew=00;90:*.rpmorig=00;90:*.rpmsave=00;90:*.swp=00;90:*.tmp=00;90:*.ucf-dist=00;90:*.ucf-new=00;90:*.ucf-old=00;90:', 'VSCODE_GIT_IPC_HANDLE': '/run/user/1000/vscode-git-3264b45195.sock', 'TERM_PROGRAM': 'vscode', 'AMENT_PREFIX_PATH': '/home/zuiken/Documents/ichosai_2026_trolley/ros2_ws/src/install/trolley_drive:/home/zuiken/Documents/ichosai_2026_trolley/ros2_ws/src/install/trolley_api:/home/zuiken/Documents/ichosai_2026_trolley/ros2_ws/src/install/trolley_interfaces:/home/zuiken/Documents/ichosai_2026_trolley/ros2_ws/src/install/trolley_cmd_mux:/home/zuiken/Documents/ichosai_2026_trolley/ros2_ws/src/install/trolley_bringup:/home/zuiken/Documents/ichosai_2026_trolley/ros2_ws/src/install/joy_teleop:/opt/ros/jazzy', 'SHELL': '/bin/bash', 'LESSCLOSE': '/usr/bin/lesspipe %s %s', 'ROS_AUTOMATIC_DISCOVERY_RANGE': 'SUBNET', 'VSCODE_GIT_ASKPASS_EXTRA_ARGS': '', 'PWD': '/home/zuiken/Documents/ichosai_2026_trolley/ros2_ws/src/build/trolley_cmd_mux', 'COPILOT_DEBUG_NONCE': '588d225576d72e8c3f0154716e9a6b5b', 'SSH_CONNECTION': '192.168.0.101 64908 192.168.0.102 22', 'XDG_DATA_DIRS': '/usr/share/gnome:/usr/local/share:/usr/share:/var/lib/snapd/desktop', 'PYTHONPATH': '/home/zuiken/Documents/ichosai_2026_trolley/ros2_ws/src/build/trolley_cmd_mux/prefix_override:/usr/lib/python3/dist-packages/colcon_core/task/python/colcon_distutils_commands:/home/zuiken/Documents/ichosai_2026_trolley/ros2_ws/src/install/trolley_cmd_mux/lib/python3.12/site-packages:/home/zuiken/Documents/ichosai_2026_trolley/ros2_ws/src/install/trolley_drive/lib/python3.12/site-packages:/home/zuiken/Documents/ichosai_2026_trolley/ros2_ws/src/install/trolley_api/lib/python3.12/site-packages:/home/zuiken/Documents/ichosai_2026_trolley/ros2_ws/src/install/trolley_interfaces/lib/python3.12/site-packages:/home/zuiken/Documents/ichosai_2026_trolley/ros2_ws/src/install/trolley_cmd_mux/lib/python3.12/site-packages:/home/zuiken/Documents/ichosai_2026_trolley/ros2_ws/src/install/trolley_bringup/lib/python3.12/site-packages:/home/zuiken/Documents/ichosai_2026_trolley/ros2_ws/src/install/joy_teleop/lib/python3.12/site-packages:/opt/ros/jazzy/lib/python3.12/site-packages', 'COLCON': '1', 'CMAKE_PREFIX_PATH': '/home/zuiken/Documents/ichosai_2026_trolley/ros2_ws/src/install/trolley_interfaces:/opt/ros/jazzy/opt/gz_math_vendor:/opt/ros/jazzy/opt/gz_utils_vendor:/opt/ros/jazzy/opt/gz_cmake_vendor'}, 'shell': False}
[2.925265] (-) TimerEvent: {}
[3.027114] (-) TimerEvent: {}
[3.127463] (-) TimerEvent: {}
[3.229100] (-) TimerEvent: {}
[3.271448] (joy_teleop) StdoutLine: {'line': b'running egg_info\n'}
[3.307101] (joy_teleop) StdoutLine: {'line': b'writing ../build/joy_teleop/joy_teleop.egg-info/PKG-INFO\n'}
[3.307440] (joy_teleop) StdoutLine: {'line': b'writing dependency_links to ../build/joy_teleop/joy_teleop.egg-info/dependency_links.txt\n'}
[3.307584] (joy_teleop) StdoutLine: {'line': b'writing entry points to ../build/joy_teleop/joy_teleop.egg-info/entry_points.txt\n'}
[3.307711] (joy_teleop) StdoutLine: {'line': b'writing requirements to ../build/joy_teleop/joy_teleop.egg-info/requires.txt\n'}
[3.307820] (joy_teleop) StdoutLine: {'line': b'writing top-level names to ../build/joy_teleop/joy_teleop.egg-info/top_level.txt\n'}
[3.317011] (trolley_cmd_mux) StdoutLine: {'line': b'running egg_info\n'}
[3.327636] (trolley_bringup) StdoutLine: {'line': b'running egg_info\n'}
[3.329204] (-) TimerEvent: {}
[3.353287] (trolley_cmd_mux) StdoutLine: {'line': b'writing ../build/trolley_cmd_mux/trolley_cmd_mux.egg-info/PKG-INFO\n'}
[3.354248] (trolley_cmd_mux) StdoutLine: {'line': b'writing dependency_links to ../build/trolley_cmd_mux/trolley_cmd_mux.egg-info/dependency_links.txt\n'}
[3.354961] (trolley_cmd_mux) StdoutLine: {'line': b'writing entry points to ../build/trolley_cmd_mux/trolley_cmd_mux.egg-info/entry_points.txt\n'}
[3.355508] (trolley_cmd_mux) StdoutLine: {'line': b'writing requirements to ../build/trolley_cmd_mux/trolley_cmd_mux.egg-info/requires.txt\n'}
[3.355941] (trolley_cmd_mux) StdoutLine: {'line': b'writing top-level names to ../build/trolley_cmd_mux/trolley_cmd_mux.egg-info/top_level.txt\n'}
[3.365980] (trolley_bringup) StdoutLine: {'line': b'writing ../build/trolley_bringup/trolley_bringup.egg-info/PKG-INFO\n'}
[3.368018] (trolley_bringup) StdoutLine: {'line': b'writing dependency_links to ../build/trolley_bringup/trolley_bringup.egg-info/dependency_links.txt\n'}
[3.368546] (trolley_bringup) StdoutLine: {'line': b'writing requirements to ../build/trolley_bringup/trolley_bringup.egg-info/requires.txt\n'}
[3.371114] (trolley_bringup) StdoutLine: {'line': b'writing top-level names to ../build/trolley_bringup/trolley_bringup.egg-info/top_level.txt\n'}
[3.375175] (trolley_api) Command: {'cmd': ['/usr/bin/python3', '-W', 'ignore:setup.py install is deprecated', '-W', 'ignore:easy_install command is deprecated', 'setup.py', 'egg_info', '--egg-base', '../build/trolley_api', 'build', '--build-base', '/home/zuiken/Documents/ichosai_2026_trolley/ros2_ws/src/build/trolley_api/build', 'install', '--record', '/home/zuiken/Documents/ichosai_2026_trolley/ros2_ws/src/build/trolley_api/install.log', '--install-scripts', '$base/lib/trolley_api', '--single-version-externally-managed', 'install_data'], 'cwd': '/home/zuiken/Documents/ichosai_2026_trolley/ros2_ws/src/trolley_api', 'env': {'LESSOPEN': '| /usr/bin/lesspipe %s', 'USER': 'zuiken', 'SSH_CLIENT': '192.168.0.101 64908 22', 'XDG_SESSION_TYPE': 'tty', 'GIT_ASKPASS': '/home/zuiken/.vscode-server/cli/servers/Stable-a44adf7f53e00964ab890f9f8758a334f1fc15bc/server/extensions/git/dist/askpass.sh', 'SHLVL': '1', 'LD_LIBRARY_PATH': '/home/zuiken/Documents/ichosai_2026_trolley/ros2_ws/src/install/trolley_interfaces/lib:/opt/ros/jazzy/opt/rviz_ogre_vendor/lib:/opt/ros/jazzy/lib/aarch64-linux-gnu:/opt/ros/jazzy/opt/gz_math_vendor/lib:/opt/ros/jazzy/opt/gz_utils_vendor/lib:/opt/ros/jazzy/opt/gz_cmake_vendor/lib:/opt/ros/jazzy/lib', 'BROWSER': '/home/zuiken/.vscode-server/cli/servers/Stable-a44adf7f53e00964ab890f9f8758a334f1fc15bc/server/bin/helpers/browser.sh', 'HOME': '/home/zuiken', 'OLDPWD': '/home/zuiken/Documents/ichosai_2026_trolley/ros2_ws', 'TERM_PROGRAM_VERSION': '1.136.1', 'VSCODE_IPC_HOOK_CLI': '/run/user/1000/vscode-ipc-e0b83720-7306-4e86-b336-6b5d163a5894.sock', 'ROS_PYTHON_VERSION': '3', 'VSCODE_GIT_ASKPASS_MAIN': '/home/zuiken/.vscode-server/cli/servers/Stable-a44adf7f53e00964ab890f9f8758a334f1fc15bc/server/extensions/git/dist/askpass-main.js', 'VSCODE_GIT_ASKPASS_NODE': '/home/zuiken/.vscode-server/cli/servers/Stable-a44adf7f53e00964ab890f9f8758a334f1fc15bc/server/node', 'VSCODE_PYTHON_AUTOACTIVATE_GUARD': '1', 'DBUS_SESSION_BUS_ADDRESS': 'unix:path=/run/user/1000/bus', 'COLORTERM': 'truecolor', 'DEBUGINFOD_URLS': 'https://debuginfod.ubuntu.com', 'COLCON_PREFIX_PATH': '/home/zuiken/Documents/ichosai_2026_trolley/ros2_ws/src/install', 'ROS_DISTRO': 'jazzy', 'LOGNAME': 'zuiken', '_': '/usr/bin/colcon', 'ROS_VERSION': '2', 'XDG_SESSION_CLASS': 'user', 'TERM': 'xterm-256color', 'XDG_SESSION_ID': '58', 'PATH': '/home/zuiken/.vscode-server/data/User/globalStorage/github.copilot-chat/debugCommand:/home/zuiken/.vscode-server/data/User/globalStorage/github.copilot-chat/copilotCli:/home/zuiken/.vscode-server/cli/servers/Stable-a44adf7f53e00964ab890f9f8758a334f1fc15bc/server/bin/remote-cli:/home/zuiken/.local/bin:/opt/ros/jazzy/bin:/usr/local/sbin:/usr/local/bin:/usr/sbin:/usr/bin:/sbin:/bin:/usr/games:/usr/local/games:/snap/bin', 'XDG_RUNTIME_DIR': '/run/user/1000', 'LANG': 'C.UTF-8', 'LS_COLORS': 'rs=0:di=01;34:ln=01;36:mh=00:pi=40;33:so=01;35:do=01;35:bd=40;33;01:cd=40;33;01:or=40;31;01:mi=00:su=37;41:sg=30;43:ca=00:tw=30;42:ow=34;42:st=37;44:ex=01;32:*.tar=01;31:*.tgz=01;31:*.arc=01;31:*.arj=01;31:*.taz=01;31:*.lha=01;31:*.lz4=01;31:*.lzh=01;31:*.lzma=01;31:*.tlz=01;31:*.txz=01;31:*.tzo=01;31:*.t7z=01;31:*.zip=01;31:*.z=01;31:*.dz=01;31:*.gz=01;31:*.lrz=01;31:*.lz=01;31:*.lzo=01;31:*.xz=01;31:*.zst=01;31:*.tzst=01;31:*.bz2=01;31:*.bz=01;31:*.tbz=01;31:*.tbz2=01;31:*.tz=01;31:*.deb=01;31:*.rpm=01;31:*.jar=01;31:*.war=01;31:*.ear=01;31:*.sar=01;31:*.rar=01;31:*.alz=01;31:*.ace=01;31:*.zoo=01;31:*.cpio=01;31:*.7z=01;31:*.rz=01;31:*.cab=01;31:*.wim=01;31:*.swm=01;31:*.dwm=01;31:*.esd=01;31:*.avif=01;35:*.jpg=01;35:*.jpeg=01;35:*.mjpg=01;35:*.mjpeg=01;35:*.gif=01;35:*.bmp=01;35:*.pbm=01;35:*.pgm=01;35:*.ppm=01;35:*.tga=01;35:*.xbm=01;35:*.xpm=01;35:*.tif=01;35:*.tiff=01;35:*.png=01;35:*.svg=01;35:*.svgz=01;35:*.mng=01;35:*.pcx=01;35:*.mov=01;35:*.mpg=01;35:*.mpeg=01;35:*.m2v=01;35:*.mkv=01;35:*.webm=01;35:*.webp=01;35:*.ogm=01;35:*.mp4=01;35:*.m4v=01;35:*.mp4v=01;35:*.vob=01;35:*.qt=01;35:*.nuv=01;35:*.wmv=01;35:*.asf=01;35:*.rm=01;35:*.rmvb=01;35:*.flc=01;35:*.avi=01;35:*.fli=01;35:*.flv=01;35:*.gl=01;35:*.dl=01;35:*.xcf=01;35:*.xwd=01;35:*.yuv=01;35:*.cgm=01;35:*.emf=01;35:*.ogv=01;35:*.ogx=01;35:*.aac=00;36:*.au=00;36:*.flac=00;36:*.m4a=00;36:*.mid=00;36:*.midi=00;36:*.mka=00;36:*.mp3=00;36:*.mpc=00;36:*.ogg=00;36:*.ra=00;36:*.wav=00;36:*.oga=00;36:*.opus=00;36:*.spx=00;36:*.xspf=00;36:*~=00;90:*#=00;90:*.bak=00;90:*.crdownload=00;90:*.dpkg-dist=00;90:*.dpkg-new=00;90:*.dpkg-old=00;90:*.dpkg-tmp=00;90:*.old=00;90:*.orig=00;90:*.part=00;90:*.rej=00;90:*.rpmnew=00;90:*.rpmorig=00;90:*.rpmsave=00;90:*.swp=00;90:*.tmp=00;90:*.ucf-dist=00;90:*.ucf-new=00;90:*.ucf-old=00;90:', 'VSCODE_GIT_IPC_HANDLE': '/run/user/1000/vscode-git-3264b45195.sock', 'TERM_PROGRAM': 'vscode', 'AMENT_PREFIX_PATH': '/home/zuiken/Documents/ichosai_2026_trolley/ros2_ws/src/install/trolley_drive:/home/zuiken/Documents/ichosai_2026_trolley/ros2_ws/src/install/trolley_api:/home/zuiken/Documents/ichosai_2026_trolley/ros2_ws/src/install/trolley_interfaces:/home/zuiken/Documents/ichosai_2026_trolley/ros2_ws/src/install/trolley_cmd_mux:/home/zuiken/Documents/ichosai_2026_trolley/ros2_ws/src/install/trolley_bringup:/home/zuiken/Documents/ichosai_2026_trolley/ros2_ws/src/install/joy_teleop:/opt/ros/jazzy', 'SHELL': '/bin/bash', 'LESSCLOSE': '/usr/bin/lesspipe %s %s', 'ROS_AUTOMATIC_DISCOVERY_RANGE': 'SUBNET', 'VSCODE_GIT_ASKPASS_EXTRA_ARGS': '', 'PWD': '/home/zuiken/Documents/ichosai_2026_trolley/ros2_ws/src/build/trolley_api', 'COPILOT_DEBUG_NONCE': '588d225576d72e8c3f0154716e9a6b5b', 'SSH_CONNECTION': '192.168.0.101 64908 192.168.0.102 22', 'XDG_DATA_DIRS': '/usr/share/gnome:/usr/local/share:/usr/share:/var/lib/snapd/desktop', 'PYTHONPATH': '/home/zuiken/Documents/ichosai_2026_trolley/ros2_ws/src/build/trolley_api/prefix_override:/usr/lib/python3/dist-packages/colcon_core/task/python/colcon_distutils_commands:/home/zuiken/Documents/ichosai_2026_trolley/ros2_ws/src/install/trolley_api/lib/python3.12/site-packages:/home/zuiken/Documents/ichosai_2026_trolley/ros2_ws/src/install/trolley_interfaces/lib/python3.12/site-packages:/home/zuiken/Documents/ichosai_2026_trolley/ros2_ws/src/install/trolley_drive/lib/python3.12/site-packages:/home/zuiken/Documents/ichosai_2026_trolley/ros2_ws/src/install/trolley_api/lib/python3.12/site-packages:/home/zuiken/Documents/ichosai_2026_trolley/ros2_ws/src/install/trolley_cmd_mux/lib/python3.12/site-packages:/home/zuiken/Documents/ichosai_2026_trolley/ros2_ws/src/install/trolley_bringup/lib/python3.12/site-packages:/home/zuiken/Documents/ichosai_2026_trolley/ros2_ws/src/install/joy_teleop/lib/python3.12/site-packages:/opt/ros/jazzy/lib/python3.12/site-packages', 'COLCON': '1', 'CMAKE_PREFIX_PATH': '/home/zuiken/Documents/ichosai_2026_trolley/ros2_ws/src/install/trolley_interfaces:/opt/ros/jazzy/opt/gz_math_vendor:/opt/ros/jazzy/opt/gz_utils_vendor:/opt/ros/jazzy/opt/gz_cmake_vendor'}, 'shell': False}
[3.388118] (joy_teleop) StdoutLine: {'line': b"reading manifest file '../build/joy_teleop/joy_teleop.egg-info/SOURCES.txt'\n"}
[3.388876] (joy_teleop) StdoutLine: {'line': b"writing manifest file '../build/joy_teleop/joy_teleop.egg-info/SOURCES.txt'\n"}
[3.389035] (joy_teleop) StdoutLine: {'line': b'running build\n'}
[3.389179] (joy_teleop) StdoutLine: {'line': b'running build_py\n'}
[3.389280] (joy_teleop) StdoutLine: {'line': b'running install\n'}
[3.399055] (joy_teleop) StdoutLine: {'line': b'running install_lib\n'}
[3.425497] (trolley_cmd_mux) StdoutLine: {'line': b"reading manifest file '../build/trolley_cmd_mux/trolley_cmd_mux.egg-info/SOURCES.txt'\n"}
[3.427096] (trolley_cmd_mux) StdoutLine: {'line': b"writing manifest file '../build/trolley_cmd_mux/trolley_cmd_mux.egg-info/SOURCES.txt'\n"}
[3.427557] (trolley_cmd_mux) StdoutLine: {'line': b'running build\n'}
[3.427877] (trolley_cmd_mux) StdoutLine: {'line': b'running build_py\n'}
[3.431158] (-) TimerEvent: {}
[3.431372] (trolley_cmd_mux) StdoutLine: {'line': b'running install\n'}
[3.433461] (trolley_bringup) StdoutLine: {'line': b"reading manifest file '../build/trolley_bringup/trolley_bringup.egg-info/SOURCES.txt'\n"}
[3.434920] (trolley_bringup) StdoutLine: {'line': b"writing manifest file '../build/trolley_bringup/trolley_bringup.egg-info/SOURCES.txt'\n"}
[3.435420] (trolley_bringup) StdoutLine: {'line': b'running build\n'}
[3.435708] (trolley_bringup) StdoutLine: {'line': b'running build_py\n'}
[3.436064] (trolley_bringup) StdoutLine: {'line': b'running install\n'}
[3.438677] (joy_teleop) StdoutLine: {'line': b'running install_data\n'}
[3.438848] (joy_teleop) StdoutLine: {'line': b'running install_egg_info\n'}
[3.441361] (trolley_cmd_mux) StdoutLine: {'line': b'running install_lib\n'}
[3.447710] (trolley_bringup) StdoutLine: {'line': b'running install_lib\n'}
[3.475647] (joy_teleop) StdoutLine: {'line': b"removing '/home/zuiken/Documents/ichosai_2026_trolley/ros2_ws/src/install/joy_teleop/lib/python3.12/site-packages/joy_teleop-0.0.0-py3.12.egg-info' (and everything under it)\n"}
[3.475910] (joy_teleop) StdoutLine: {'line': b'Copying ../build/joy_teleop/joy_teleop.egg-info to /home/zuiken/Documents/ichosai_2026_trolley/ros2_ws/src/install/joy_teleop/lib/python3.12/site-packages/joy_teleop-0.0.0-py3.12.egg-info\n'}
[3.476140] (joy_teleop) StdoutLine: {'line': b'running install_scripts\n'}
[3.476386] (trolley_cmd_mux) StdoutLine: {'line': b'running install_data\n'}
[3.476513] (trolley_cmd_mux) StdoutLine: {'line': b'running install_egg_info\n'}
[3.482078] (trolley_bringup) StdoutLine: {'line': b'running install_data\n'}
[3.485156] (trolley_bringup) StdoutLine: {'line': b'running install_egg_info\n'}
[3.508269] (trolley_cmd_mux) StdoutLine: {'line': b"removing '/home/zuiken/Documents/ichosai_2026_trolley/ros2_ws/src/install/trolley_cmd_mux/lib/python3.12/site-packages/trolley_cmd_mux-0.0.0-py3.12.egg-info' (and everything under it)\n"}
[3.512113] (trolley_cmd_mux) StdoutLine: {'line': b'Copying ../build/trolley_cmd_mux/trolley_cmd_mux.egg-info to /home/zuiken/Documents/ichosai_2026_trolley/ros2_ws/src/install/trolley_cmd_mux/lib/python3.12/site-packages/trolley_cmd_mux-0.0.0-py3.12.egg-info\n'}
[3.512467] (trolley_cmd_mux) StdoutLine: {'line': b'running install_scripts\n'}
[3.518057] (trolley_bringup) StdoutLine: {'line': b"removing '/home/zuiken/Documents/ichosai_2026_trolley/ros2_ws/src/install/trolley_bringup/lib/python3.12/site-packages/trolley_bringup-0.0.0-py3.12.egg-info' (and everything under it)\n"}
[3.520120] (trolley_bringup) StdoutLine: {'line': b'Copying ../build/trolley_bringup/trolley_bringup.egg-info to /home/zuiken/Documents/ichosai_2026_trolley/ros2_ws/src/install/trolley_bringup/lib/python3.12/site-packages/trolley_bringup-0.0.0-py3.12.egg-info\n'}
[3.520457] (trolley_bringup) StdoutLine: {'line': b'running install_scripts\n'}
[3.531255] (-) TimerEvent: {}
[3.631622] (-) TimerEvent: {}
[3.695737] (joy_teleop) StdoutLine: {'line': b'Installing joy_teleop script to /home/zuiken/Documents/ichosai_2026_trolley/ros2_ws/src/install/joy_teleop/lib/joy_teleop\n'}
[3.699137] (joy_teleop) StdoutLine: {'line': b"writing list of installed files to '/home/zuiken/Documents/ichosai_2026_trolley/ros2_ws/src/build/joy_teleop/install.log'\n"}
[3.731755] (-) TimerEvent: {}
[3.743103] (trolley_cmd_mux) StdoutLine: {'line': b'Installing cmd_vel_mux script to /home/zuiken/Documents/ichosai_2026_trolley/ros2_ws/src/install/trolley_cmd_mux/lib/trolley_cmd_mux\n'}
[3.744384] (trolley_cmd_mux) StdoutLine: {'line': b"writing list of installed files to '/home/zuiken/Documents/ichosai_2026_trolley/ros2_ws/src/build/trolley_cmd_mux/install.log'\n"}
[3.773606] (trolley_bringup) StdoutLine: {'line': b"writing list of installed files to '/home/zuiken/Documents/ichosai_2026_trolley/ros2_ws/src/build/trolley_bringup/install.log'\n"}
[3.817546] (joy_teleop) CommandEnded: {'returncode': 0}
[3.831857] (-) TimerEvent: {}
[3.847434] (joy_teleop) JobEnded: {'identifier': 'joy_teleop', 'rc': 0}
[3.851810] (trolley_drive) JobStarted: {'identifier': 'trolley_drive'}
[3.874697] (trolley_cmd_mux) CommandEnded: {'returncode': 0}
[3.896690] (trolley_cmd_mux) JobEnded: {'identifier': 'trolley_cmd_mux', 'rc': 0}
[3.906454] (trolley_api) StdoutLine: {'line': b'running egg_info\n'}
[3.931963] (-) TimerEvent: {}
[3.934749] (trolley_api) StdoutLine: {'line': b'writing ../build/trolley_api/trolley_api.egg-info/PKG-INFO\n'}
[3.935242] (trolley_api) StdoutLine: {'line': b'writing dependency_links to ../build/trolley_api/trolley_api.egg-info/dependency_links.txt\n'}
[3.935589] (trolley_api) StdoutLine: {'line': b'writing entry points to ../build/trolley_api/trolley_api.egg-info/entry_points.txt\n'}
[3.935853] (trolley_api) StdoutLine: {'line': b'writing requirements to ../build/trolley_api/trolley_api.egg-info/requires.txt\n'}
[3.936155] (trolley_api) StdoutLine: {'line': b'writing top-level names to ../build/trolley_api/trolley_api.egg-info/top_level.txt\n'}
[3.993595] (trolley_api) StdoutLine: {'line': b"reading manifest file '../build/trolley_api/trolley_api.egg-info/SOURCES.txt'\n"}
[3.994933] (trolley_api) StdoutLine: {'line': b"writing manifest file '../build/trolley_api/trolley_api.egg-info/SOURCES.txt'\n"}
[3.995367] (trolley_api) StdoutLine: {'line': b'running build\n'}
[3.996063] (trolley_api) StdoutLine: {'line': b'running build_py\n'}
[3.996489] (trolley_api) StdoutLine: {'line': b'running install\n'}
[4.005794] (trolley_api) StdoutLine: {'line': b'running install_lib\n'}
[4.032061] (-) TimerEvent: {}
[4.033870] (trolley_api) StdoutLine: {'line': b'running install_data\n'}
[4.034273] (trolley_api) StdoutLine: {'line': b'running install_egg_info\n'}
[4.065283] (trolley_api) StdoutLine: {'line': b"removing '/home/zuiken/Documents/ichosai_2026_trolley/ros2_ws/src/install/trolley_api/lib/python3.12/site-packages/trolley_api-0.0.0-py3.12.egg-info' (and everything under it)\n"}
[4.066319] (trolley_api) StdoutLine: {'line': b'Copying ../build/trolley_api/trolley_api.egg-info to /home/zuiken/Documents/ichosai_2026_trolley/ros2_ws/src/install/trolley_api/lib/python3.12/site-packages/trolley_api-0.0.0-py3.12.egg-info\n'}
[4.067220] (trolley_api) StdoutLine: {'line': b'running install_scripts\n'}
[4.132151] (-) TimerEvent: {}
[4.232601] (-) TimerEvent: {}
[4.250223] (trolley_bringup) CommandEnded: {'returncode': 0}
[4.260756] (trolley_bringup) JobEnded: {'identifier': 'trolley_bringup', 'rc': 0}
[4.264190] (trolley_api) StdoutLine: {'line': b'Installing api_server script to /home/zuiken/Documents/ichosai_2026_trolley/ros2_ws/src/install/trolley_api/lib/trolley_api\n'}
[4.267674] (trolley_api) StdoutLine: {'line': b"writing list of installed files to '/home/zuiken/Documents/ichosai_2026_trolley/ros2_ws/src/build/trolley_api/install.log'\n"}
[4.332722] (-) TimerEvent: {}
[4.354921] (trolley_api) CommandEnded: {'returncode': 0}
[4.364550] (trolley_api) JobEnded: {'identifier': 'trolley_api', 'rc': 0}
[4.432821] (-) TimerEvent: {}
[4.533186] (-) TimerEvent: {}
[4.633500] (-) TimerEvent: {}
[4.733821] (-) TimerEvent: {}
[4.834185] (-) TimerEvent: {}
[4.934501] (-) TimerEvent: {}
[5.034810] (-) TimerEvent: {}
[5.135154] (-) TimerEvent: {}
[5.154568] (trolley_drive) Command: {'cmd': ['/usr/bin/python3', '-W', 'ignore:setup.py install is deprecated', '-W', 'ignore:easy_install command is deprecated', 'setup.py', 'egg_info', '--egg-base', '../build/trolley_drive', 'build', '--build-base', '/home/zuiken/Documents/ichosai_2026_trolley/ros2_ws/src/build/trolley_drive/build', 'install', '--record', '/home/zuiken/Documents/ichosai_2026_trolley/ros2_ws/src/build/trolley_drive/install.log', '--install-scripts', '$base/lib/trolley_drive', '--single-version-externally-managed', 'install_data'], 'cwd': '/home/zuiken/Documents/ichosai_2026_trolley/ros2_ws/src/trolley_drive', 'env': {'LESSOPEN': '| /usr/bin/lesspipe %s', 'USER': 'zuiken', 'SSH_CLIENT': '192.168.0.101 64908 22', 'XDG_SESSION_TYPE': 'tty', 'GIT_ASKPASS': '/home/zuiken/.vscode-server/cli/servers/Stable-a44adf7f53e00964ab890f9f8758a334f1fc15bc/server/extensions/git/dist/askpass.sh', 'SHLVL': '1', 'LD_LIBRARY_PATH': '/home/zuiken/Documents/ichosai_2026_trolley/ros2_ws/src/install/trolley_interfaces/lib:/opt/ros/jazzy/opt/rviz_ogre_vendor/lib:/opt/ros/jazzy/lib/aarch64-linux-gnu:/opt/ros/jazzy/opt/gz_math_vendor/lib:/opt/ros/jazzy/opt/gz_utils_vendor/lib:/opt/ros/jazzy/opt/gz_cmake_vendor/lib:/opt/ros/jazzy/lib', 'BROWSER': '/home/zuiken/.vscode-server/cli/servers/Stable-a44adf7f53e00964ab890f9f8758a334f1fc15bc/server/bin/helpers/browser.sh', 'HOME': '/home/zuiken', 'OLDPWD': '/home/zuiken/Documents/ichosai_2026_trolley/ros2_ws', 'TERM_PROGRAM_VERSION': '1.136.1', 'VSCODE_IPC_HOOK_CLI': '/run/user/1000/vscode-ipc-e0b83720-7306-4e86-b336-6b5d163a5894.sock', 'ROS_PYTHON_VERSION': '3', 'VSCODE_GIT_ASKPASS_MAIN': '/home/zuiken/.vscode-server/cli/servers/Stable-a44adf7f53e00964ab890f9f8758a334f1fc15bc/server/extensions/git/dist/askpass-main.js', 'VSCODE_GIT_ASKPASS_NODE': '/home/zuiken/.vscode-server/cli/servers/Stable-a44adf7f53e00964ab890f9f8758a334f1fc15bc/server/node', 'VSCODE_PYTHON_AUTOACTIVATE_GUARD': '1', 'DBUS_SESSION_BUS_ADDRESS': 'unix:path=/run/user/1000/bus', 'COLORTERM': 'truecolor', 'DEBUGINFOD_URLS': 'https://debuginfod.ubuntu.com', 'COLCON_PREFIX_PATH': '/home/zuiken/Documents/ichosai_2026_trolley/ros2_ws/src/install', 'ROS_DISTRO': 'jazzy', 'LOGNAME': 'zuiken', '_': '/usr/bin/colcon', 'ROS_VERSION': '2', 'XDG_SESSION_CLASS': 'user', 'TERM': 'xterm-256color', 'XDG_SESSION_ID': '58', 'PATH': '/home/zuiken/.vscode-server/data/User/globalStorage/github.copilot-chat/debugCommand:/home/zuiken/.vscode-server/data/User/globalStorage/github.copilot-chat/copilotCli:/home/zuiken/.vscode-server/cli/servers/Stable-a44adf7f53e00964ab890f9f8758a334f1fc15bc/server/bin/remote-cli:/home/zuiken/.local/bin:/opt/ros/jazzy/bin:/usr/local/sbin:/usr/local/bin:/usr/sbin:/usr/bin:/sbin:/bin:/usr/games:/usr/local/games:/snap/bin', 'XDG_RUNTIME_DIR': '/run/user/1000', 'LANG': 'C.UTF-8', 'LS_COLORS': 'rs=0:di=01;34:ln=01;36:mh=00:pi=40;33:so=01;35:do=01;35:bd=40;33;01:cd=40;33;01:or=40;31;01:mi=00:su=37;41:sg=30;43:ca=00:tw=30;42:ow=34;42:st=37;44:ex=01;32:*.tar=01;31:*.tgz=01;31:*.arc=01;31:*.arj=01;31:*.taz=01;31:*.lha=01;31:*.lz4=01;31:*.lzh=01;31:*.lzma=01;31:*.tlz=01;31:*.txz=01;31:*.tzo=01;31:*.t7z=01;31:*.zip=01;31:*.z=01;31:*.dz=01;31:*.gz=01;31:*.lrz=01;31:*.lz=01;31:*.lzo=01;31:*.xz=01;31:*.zst=01;31:*.tzst=01;31:*.bz2=01;31:*.bz=01;31:*.tbz=01;31:*.tbz2=01;31:*.tz=01;31:*.deb=01;31:*.rpm=01;31:*.jar=01;31:*.war=01;31:*.ear=01;31:*.sar=01;31:*.rar=01;31:*.alz=01;31:*.ace=01;31:*.zoo=01;31:*.cpio=01;31:*.7z=01;31:*.rz=01;31:*.cab=01;31:*.wim=01;31:*.swm=01;31:*.dwm=01;31:*.esd=01;31:*.avif=01;35:*.jpg=01;35:*.jpeg=01;35:*.mjpg=01;35:*.mjpeg=01;35:*.gif=01;35:*.bmp=01;35:*.pbm=01;35:*.pgm=01;35:*.ppm=01;35:*.tga=01;35:*.xbm=01;35:*.xpm=01;35:*.tif=01;35:*.tiff=01;35:*.png=01;35:*.svg=01;35:*.svgz=01;35:*.mng=01;35:*.pcx=01;35:*.mov=01;35:*.mpg=01;35:*.mpeg=01;35:*.m2v=01;35:*.mkv=01;35:*.webm=01;35:*.webp=01;35:*.ogm=01;35:*.mp4=01;35:*.m4v=01;35:*.mp4v=01;35:*.vob=01;35:*.qt=01;35:*.nuv=01;35:*.wmv=01;35:*.asf=01;35:*.rm=01;35:*.rmvb=01;35:*.flc=01;35:*.avi=01;35:*.fli=01;35:*.flv=01;35:*.gl=01;35:*.dl=01;35:*.xcf=01;35:*.xwd=01;35:*.yuv=01;35:*.cgm=01;35:*.emf=01;35:*.ogv=01;35:*.ogx=01;35:*.aac=00;36:*.au=00;36:*.flac=00;36:*.m4a=00;36:*.mid=00;36:*.midi=00;36:*.mka=00;36:*.mp3=00;36:*.mpc=00;36:*.ogg=00;36:*.ra=00;36:*.wav=00;36:*.oga=00;36:*.opus=00;36:*.spx=00;36:*.xspf=00;36:*~=00;90:*#=00;90:*.bak=00;90:*.crdownload=00;90:*.dpkg-dist=00;90:*.dpkg-new=00;90:*.dpkg-old=00;90:*.dpkg-tmp=00;90:*.old=00;90:*.orig=00;90:*.part=00;90:*.rej=00;90:*.rpmnew=00;90:*.rpmorig=00;90:*.rpmsave=00;90:*.swp=00;90:*.tmp=00;90:*.ucf-dist=00;90:*.ucf-new=00;90:*.ucf-old=00;90:', 'VSCODE_GIT_IPC_HANDLE': '/run/user/1000/vscode-git-3264b45195.sock', 'TERM_PROGRAM': 'vscode', 'AMENT_PREFIX_PATH': '/home/zuiken/Documents/ichosai_2026_trolley/ros2_ws/src/install/trolley_drive:/home/zuiken/Documents/ichosai_2026_trolley/ros2_ws/src/install/trolley_api:/home/zuiken/Documents/ichosai_2026_trolley/ros2_ws/src/install/trolley_interfaces:/home/zuiken/Documents/ichosai_2026_trolley/ros2_ws/src/install/trolley_cmd_mux:/home/zuiken/Documents/ichosai_2026_trolley/ros2_ws/src/install/trolley_bringup:/home/zuiken/Documents/ichosai_2026_trolley/ros2_ws/src/install/joy_teleop:/opt/ros/jazzy', 'SHELL': '/bin/bash', 'LESSCLOSE': '/usr/bin/lesspipe %s %s', 'ROS_AUTOMATIC_DISCOVERY_RANGE': 'SUBNET', 'VSCODE_GIT_ASKPASS_EXTRA_ARGS': '', 'PWD': '/home/zuiken/Documents/ichosai_2026_trolley/ros2_ws/src/build/trolley_drive', 'COPILOT_DEBUG_NONCE': '588d225576d72e8c3f0154716e9a6b5b', 'SSH_CONNECTION': '192.168.0.101 64908 192.168.0.102 22', 'XDG_DATA_DIRS': '/usr/share/gnome:/usr/local/share:/usr/share:/var/lib/snapd/desktop', 'PYTHONPATH': '/home/zuiken/Documents/ichosai_2026_trolley/ros2_ws/src/build/trolley_drive/prefix_override:/usr/lib/python3/dist-packages/colcon_core/task/python/colcon_distutils_commands:/home/zuiken/Documents/ichosai_2026_trolley/ros2_ws/src/install/trolley_drive/lib/python3.12/site-packages:/home/zuiken/Documents/ichosai_2026_trolley/ros2_ws/src/install/trolley_interfaces/lib/python3.12/site-packages:/home/zuiken/Documents/ichosai_2026_trolley/ros2_ws/src/install/trolley_drive/lib/python3.12/site-packages:/home/zuiken/Documents/ichosai_2026_trolley/ros2_ws/src/install/trolley_api/lib/python3.12/site-packages:/home/zuiken/Documents/ichosai_2026_trolley/ros2_ws/src/install/trolley_cmd_mux/lib/python3.12/site-packages:/home/zuiken/Documents/ichosai_2026_trolley/ros2_ws/src/install/trolley_bringup/lib/python3.12/site-packages:/home/zuiken/Documents/ichosai_2026_trolley/ros2_ws/src/install/joy_teleop/lib/python3.12/site-packages:/opt/ros/jazzy/lib/python3.12/site-packages', 'COLCON': '1', 'CMAKE_PREFIX_PATH': '/home/zuiken/Documents/ichosai_2026_trolley/ros2_ws/src/install/trolley_interfaces:/opt/ros/jazzy/opt/gz_math_vendor:/opt/ros/jazzy/opt/gz_utils_vendor:/opt/ros/jazzy/opt/gz_cmake_vendor'}, 'shell': False}
[5.235244] (-) TimerEvent: {}
[5.335569] (-) TimerEvent: {}
[5.435879] (-) TimerEvent: {}
[5.525511] (trolley_drive) StdoutLine: {'line': b'running egg_info\n'}
[5.535955] (-) TimerEvent: {}
[5.552053] (trolley_drive) StdoutLine: {'line': b'writing ../build/trolley_drive/trolley_drive.egg-info/PKG-INFO\n'}
[5.552492] (trolley_drive) StdoutLine: {'line': b'writing dependency_links to ../build/trolley_drive/trolley_drive.egg-info/dependency_links.txt\n'}
[5.552827] (trolley_drive) StdoutLine: {'line': b'writing entry points to ../build/trolley_drive/trolley_drive.egg-info/entry_points.txt\n'}
[5.553074] (trolley_drive) StdoutLine: {'line': b'writing requirements to ../build/trolley_drive/trolley_drive.egg-info/requires.txt\n'}
[5.553313] (trolley_drive) StdoutLine: {'line': b'writing top-level names to ../build/trolley_drive/trolley_drive.egg-info/top_level.txt\n'}
[5.608188] (trolley_drive) StdoutLine: {'line': b"reading manifest file '../build/trolley_drive/trolley_drive.egg-info/SOURCES.txt'\n"}
[5.609350] (trolley_drive) StdoutLine: {'line': b"writing manifest file '../build/trolley_drive/trolley_drive.egg-info/SOURCES.txt'\n"}
[5.609598] (trolley_drive) StdoutLine: {'line': b'running build\n'}
[5.609806] (trolley_drive) StdoutLine: {'line': b'running build_py\n'}
[5.610133] (trolley_drive) StdoutLine: {'line': b'running install\n'}
[5.619571] (trolley_drive) StdoutLine: {'line': b'running install_lib\n'}
[5.636029] (-) TimerEvent: {}
[5.647115] (trolley_drive) StdoutLine: {'line': b'running install_data\n'}
[5.647402] (trolley_drive) StdoutLine: {'line': b'running install_egg_info\n'}
[5.675660] (trolley_drive) StdoutLine: {'line': b"removing '/home/zuiken/Documents/ichosai_2026_trolley/ros2_ws/src/install/trolley_drive/lib/python3.12/site-packages/trolley_drive-0.0.0-py3.12.egg-info' (and everything under it)\n"}
[5.676559] (trolley_drive) StdoutLine: {'line': b'Copying ../build/trolley_drive/trolley_drive.egg-info to /home/zuiken/Documents/ichosai_2026_trolley/ros2_ws/src/install/trolley_drive/lib/python3.12/site-packages/trolley_drive-0.0.0-py3.12.egg-info\n'}
[5.677772] (trolley_drive) StdoutLine: {'line': b'running install_scripts\n'}
[5.736133] (-) TimerEvent: {}
[5.836446] (-) TimerEvent: {}
[5.865285] (trolley_drive) StdoutLine: {'line': b'Installing drive_node script to /home/zuiken/Documents/ichosai_2026_trolley/ros2_ws/src/install/trolley_drive/lib/trolley_drive\n'}
[5.865905] (trolley_drive) StdoutLine: {'line': b"writing list of installed files to '/home/zuiken/Documents/ichosai_2026_trolley/ros2_ws/src/build/trolley_drive/install.log'\n"}
[5.936560] (-) TimerEvent: {}
[5.939036] (trolley_drive) CommandEnded: {'returncode': 0}
[5.947742] (trolley_drive) JobEnded: {'identifier': 'trolley_drive', 'rc': 0}
[5.949162] (-) EventReactorShutdown: {}
