[0.000000] (-) TimerEvent: {}
[0.000375] (joy_teleop) JobQueued: {'identifier': 'joy_teleop', 'dependencies': OrderedDict()}
[0.000708] (trolley_bringup) JobQueued: {'identifier': 'trolley_bringup', 'dependencies': OrderedDict()}
[0.000858] (trolley_cmd_mux) JobQueued: {'identifier': 'trolley_cmd_mux', 'dependencies': OrderedDict()}
[0.000880] (trolley_interfaces) JobQueued: {'identifier': 'trolley_interfaces', 'dependencies': OrderedDict()}
[0.001082] (trolley_api) JobQueued: {'identifier': 'trolley_api', 'dependencies': OrderedDict({'trolley_interfaces': '/home/zuiken/Documents/ichosai_2026_trolley/ros2_ws/src/install/trolley_interfaces'})}
[0.001111] (trolley_drive) JobQueued: {'identifier': 'trolley_drive', 'dependencies': OrderedDict({'trolley_interfaces': '/home/zuiken/Documents/ichosai_2026_trolley/ros2_ws/src/install/trolley_interfaces'})}
[0.001226] (trolley_interfaces) JobStarted: {'identifier': 'trolley_interfaces'}
[0.008724] (joy_teleop) JobStarted: {'identifier': 'joy_teleop'}
[0.016405] (trolley_bringup) JobStarted: {'identifier': 'trolley_bringup'}
[0.024619] (trolley_cmd_mux) JobStarted: {'identifier': 'trolley_cmd_mux'}
[0.033950] (trolley_interfaces) JobProgress: {'identifier': 'trolley_interfaces', 'progress': 'cmake'}
[0.034891] (trolley_interfaces) JobProgress: {'identifier': 'trolley_interfaces', 'progress': 'build'}
[0.035666] (trolley_interfaces) Command: {'cmd': ['/usr/bin/cmake', '--build', '/home/zuiken/Documents/ichosai_2026_trolley/ros2_ws/src/build/trolley_interfaces', '--', '-j4', '-l4'], 'cwd': '/home/zuiken/Documents/ichosai_2026_trolley/ros2_ws/src/build/trolley_interfaces', 'env': OrderedDict({'LESSOPEN': '| /usr/bin/lesspipe %s', 'USER': 'zuiken', 'SSH_CLIENT': 'fe80::6602:f97c:cba5:7eae%wlan0 59220 22', 'XDG_SESSION_TYPE': 'tty', 'GIT_ASKPASS': '/home/zuiken/.vscode-server/cli/servers/Stable-a44adf7f53e00964ab890f9f8758a334f1fc15bc/server/extensions/git/dist/askpass.sh', 'SHLVL': '1', 'LD_LIBRARY_PATH': '/home/zuiken/Documents/ichosai_2026_trolley/ros2_ws/src/install/trolley_interfaces/lib:/opt/ros/jazzy/opt/rviz_ogre_vendor/lib:/opt/ros/jazzy/lib/aarch64-linux-gnu:/opt/ros/jazzy/opt/gz_math_vendor/lib:/opt/ros/jazzy/opt/gz_utils_vendor/lib:/opt/ros/jazzy/opt/gz_cmake_vendor/lib:/opt/ros/jazzy/lib', 'BROWSER': '/home/zuiken/.vscode-server/cli/servers/Stable-a44adf7f53e00964ab890f9f8758a334f1fc15bc/server/bin/helpers/browser.sh', 'HOME': '/home/zuiken', 'OLDPWD': '/home/zuiken/Documents/ichosai_2026_trolley/ros2_ws', 'TERM_PROGRAM_VERSION': '1.136.1', 'VSCODE_IPC_HOOK_CLI': '/run/user/1000/vscode-ipc-c36184e9-140e-4b1b-9d23-fae309b2ab8d.sock', 'ROS_PYTHON_VERSION': '3', 'VSCODE_GIT_ASKPASS_MAIN': '/home/zuiken/.vscode-server/cli/servers/Stable-a44adf7f53e00964ab890f9f8758a334f1fc15bc/server/extensions/git/dist/askpass-main.js', 'VSCODE_GIT_ASKPASS_NODE': '/home/zuiken/.vscode-server/cli/servers/Stable-a44adf7f53e00964ab890f9f8758a334f1fc15bc/server/node', 'VSCODE_PYTHON_AUTOACTIVATE_GUARD': '1', 'DBUS_SESSION_BUS_ADDRESS': 'unix:path=/run/user/1000/bus', 'COLORTERM': 'truecolor', 'COLCON_PREFIX_PATH': '/home/zuiken/Documents/ichosai_2026_trolley/ros2_ws/src/install', 'ROS_DISTRO': 'jazzy', 'LOGNAME': 'zuiken', '_': '/usr/bin/colcon', 'ROS_VERSION': '2', 'XDG_SESSION_CLASS': 'user', 'TERM': 'xterm-256color', 'XDG_SESSION_ID': '3', 'PATH': '/opt/ros/jazzy/bin:/home/zuiken/.vscode-server/data/User/globalStorage/github.copilot-chat/debugCommand:/home/zuiken/.vscode-server/data/User/globalStorage/github.copilot-chat/copilotCli:/home/zuiken/.vscode-server/cli/servers/Stable-a44adf7f53e00964ab890f9f8758a334f1fc15bc/server/bin/remote-cli:/usr/local/sbin:/usr/local/bin:/usr/sbin:/usr/bin:/sbin:/bin:/usr/games:/usr/local/games:/snap/bin', 'XDG_RUNTIME_DIR': '/run/user/1000', 'LANG': 'C.UTF-8', 'LS_COLORS': 'rs=0:di=01;34:ln=01;36:mh=00:pi=40;33:so=01;35:do=01;35:bd=40;33;01:cd=40;33;01:or=40;31;01:mi=00:su=37;41:sg=30;43:ca=00:tw=30;42:ow=34;42:st=37;44:ex=01;32:*.tar=01;31:*.tgz=01;31:*.arc=01;31:*.arj=01;31:*.taz=01;31:*.lha=01;31:*.lz4=01;31:*.lzh=01;31:*.lzma=01;31:*.tlz=01;31:*.txz=01;31:*.tzo=01;31:*.t7z=01;31:*.zip=01;31:*.z=01;31:*.dz=01;31:*.gz=01;31:*.lrz=01;31:*.lz=01;31:*.lzo=01;31:*.xz=01;31:*.zst=01;31:*.tzst=01;31:*.bz2=01;31:*.bz=01;31:*.tbz=01;31:*.tbz2=01;31:*.tz=01;31:*.deb=01;31:*.rpm=01;31:*.jar=01;31:*.war=01;31:*.ear=01;31:*.sar=01;31:*.rar=01;31:*.alz=01;31:*.ace=01;31:*.zoo=01;31:*.cpio=01;31:*.7z=01;31:*.rz=01;31:*.cab=01;31:*.wim=01;31:*.swm=01;31:*.dwm=01;31:*.esd=01;31:*.avif=01;35:*.jpg=01;35:*.jpeg=01;35:*.mjpg=01;35:*.mjpeg=01;35:*.gif=01;35:*.bmp=01;35:*.pbm=01;35:*.pgm=01;35:*.ppm=01;35:*.tga=01;35:*.xbm=01;35:*.xpm=01;35:*.tif=01;35:*.tiff=01;35:*.png=01;35:*.svg=01;35:*.svgz=01;35:*.mng=01;35:*.pcx=01;35:*.mov=01;35:*.mpg=01;35:*.mpeg=01;35:*.m2v=01;35:*.mkv=01;35:*.webm=01;35:*.webp=01;35:*.ogm=01;35:*.mp4=01;35:*.m4v=01;35:*.mp4v=01;35:*.vob=01;35:*.qt=01;35:*.nuv=01;35:*.wmv=01;35:*.asf=01;35:*.rm=01;35:*.rmvb=01;35:*.flc=01;35:*.avi=01;35:*.fli=01;35:*.flv=01;35:*.gl=01;35:*.dl=01;35:*.xcf=01;35:*.xwd=01;35:*.yuv=01;35:*.cgm=01;35:*.emf=01;35:*.ogv=01;35:*.ogx=01;35:*.aac=00;36:*.au=00;36:*.flac=00;36:*.m4a=00;36:*.mid=00;36:*.midi=00;36:*.mka=00;36:*.mp3=00;36:*.mpc=00;36:*.ogg=00;36:*.ra=00;36:*.wav=00;36:*.oga=00;36:*.opus=00;36:*.spx=00;36:*.xspf=00;36:*~=00;90:*#=00;90:*.bak=00;90:*.crdownload=00;90:*.dpkg-dist=00;90:*.dpkg-new=00;90:*.dpkg-old=00;90:*.dpkg-tmp=00;90:*.old=00;90:*.orig=00;90:*.part=00;90:*.rej=00;90:*.rpmnew=00;90:*.rpmorig=00;90:*.rpmsave=00;90:*.swp=00;90:*.tmp=00;90:*.ucf-dist=00;90:*.ucf-new=00;90:*.ucf-old=00;90:', 'VSCODE_GIT_IPC_HANDLE': '/run/user/1000/vscode-git-3264b45195.sock', 'TERM_PROGRAM': 'vscode', 'AMENT_PREFIX_PATH': '/home/zuiken/Documents/ichosai_2026_trolley/ros2_ws/src/install/trolley_drive:/home/zuiken/Documents/ichosai_2026_trolley/ros2_ws/src/install/trolley_api:/home/zuiken/Documents/ichosai_2026_trolley/ros2_ws/src/install/trolley_interfaces:/home/zuiken/Documents/ichosai_2026_trolley/ros2_ws/src/install/trolley_cmd_mux:/home/zuiken/Documents/ichosai_2026_trolley/ros2_ws/src/install/trolley_bringup:/home/zuiken/Documents/ichosai_2026_trolley/ros2_ws/src/install/joy_teleop:/opt/ros/jazzy', 'SHELL': '/bin/bash', 'LESSCLOSE': '/usr/bin/lesspipe %s %s', 'ROS_AUTOMATIC_DISCOVERY_RANGE': 'SUBNET', 'VSCODE_GIT_ASKPASS_EXTRA_ARGS': '', 'PWD': '/home/zuiken/Documents/ichosai_2026_trolley/ros2_ws/src/build/trolley_interfaces', 'COPILOT_DEBUG_NONCE': '588d225576d72e8c3f0154716e9a6b5b', 'SSH_CONNECTION': 'fe80::6602:f97c:cba5:7eae%wlan0 59220 fe80::54fc:92a4:ab0f:dff3%wlan0 22', 'PYTHONPATH': '/home/zuiken/Documents/ichosai_2026_trolley/ros2_ws/src/install/trolley_drive/lib/python3.12/site-packages:/home/zuiken/Documents/ichosai_2026_trolley/ros2_ws/src/install/trolley_api/lib/python3.12/site-packages:/home/zuiken/Documents/ichosai_2026_trolley/ros2_ws/src/install/trolley_interfaces/lib/python3.12/site-packages:/home/zuiken/Documents/ichosai_2026_trolley/ros2_ws/src/install/trolley_cmd_mux/lib/python3.12/site-packages:/home/zuiken/Documents/ichosai_2026_trolley/ros2_ws/src/install/trolley_bringup/lib/python3.12/site-packages:/home/zuiken/Documents/ichosai_2026_trolley/ros2_ws/src/install/joy_teleop/lib/python3.12/site-packages:/opt/ros/jazzy/lib/python3.12/site-packages', 'COLCON': '1', 'CMAKE_PREFIX_PATH': '/home/zuiken/Documents/ichosai_2026_trolley/ros2_ws/src/install/trolley_interfaces:/opt/ros/jazzy/opt/gz_math_vendor:/opt/ros/jazzy/opt/gz_utils_vendor:/opt/ros/jazzy/opt/gz_cmake_vendor:/home/zuiken/Documents/ichosai_2026_trolley/ros2_ws/src/install/trolley_drive:/home/zuiken/Documents/ichosai_2026_trolley/ros2_ws/src/install/trolley_api:/home/zuiken/Documents/ichosai_2026_trolley/ros2_ws/src/install/trolley_cmd_mux:/home/zuiken/Documents/ichosai_2026_trolley/ros2_ws/src/install/trolley_bringup:/home/zuiken/Documents/ichosai_2026_trolley/ros2_ws/src/install/joy_teleop:/opt/ros/jazzy'}), 'shell': False}
[0.099893] (-) TimerEvent: {}
[0.201777] (-) TimerEvent: {}
[0.302311] (-) TimerEvent: {}
[0.402710] (-) TimerEvent: {}
[0.504781] (-) TimerEvent: {}
[0.605304] (-) TimerEvent: {}
[0.705751] (-) TimerEvent: {}
[0.806213] (-) TimerEvent: {}
[0.906779] (-) TimerEvent: {}
[1.007359] (-) TimerEvent: {}
[1.034029] (trolley_interfaces) StdoutLine: {'line': b'[  4%] Built target trolley_interfaces__rs\n'}
[1.035104] (trolley_interfaces) StdoutLine: {'line': b'[  4%] Built target trolley_interfaces__rosidl_generator_type_description\n'}
[1.035518] (trolley_interfaces) StdoutLine: {'line': b'[  4%] Built target ament_cmake_python_copy_trolley_interfaces\n'}
[1.035749] (trolley_interfaces) StdoutLine: {'line': b'[  8%] Built target trolley_interfaces__cpp\n'}
[1.036154] (trolley_interfaces) StdoutLine: {'line': b'[ 24%] Built target trolley_interfaces__rosidl_generator_c\n'}
[1.036556] (trolley_interfaces) StdoutLine: {'line': b'[ 33%] Built target trolley_interfaces__rosidl_typesupport_fastrtps_cpp\n'}
[1.037314] (trolley_interfaces) StdoutLine: {'line': b'[ 42%] Built target trolley_interfaces__rosidl_typesupport_cpp\n'}
[1.037535] (trolley_interfaces) StdoutLine: {'line': b'[ 51%] Built target trolley_interfaces__rosidl_typesupport_introspection_cpp\n'}
[1.037836] (trolley_interfaces) StdoutLine: {'line': b'[ 60%] Built target trolley_interfaces__rosidl_typesupport_introspection_c\n'}
[1.038165] (trolley_interfaces) StdoutLine: {'line': b'[ 68%] Built target trolley_interfaces__rosidl_typesupport_c\n'}
[1.038566] (trolley_interfaces) StdoutLine: {'line': b'[ 77%] Built target trolley_interfaces__rosidl_typesupport_fastrtps_c\n'}
[1.038896] (trolley_interfaces) StdoutLine: {'line': b'[ 77%] Built target trolley_interfaces\n'}
[1.039043] (trolley_interfaces) StdoutLine: {'line': b'[ 80%] Built target trolley_interfaces__py\n'}
[1.039181] (trolley_interfaces) StdoutLine: {'line': b'[ 86%] Built target trolley_interfaces__rosidl_generator_py\n'}
[1.039461] (trolley_interfaces) StdoutLine: {'line': b'[ 91%] Built target trolley_interfaces_s__rosidl_typesupport_introspection_c\n'}
[1.039689] (trolley_interfaces) StdoutLine: {'line': b'[ 95%] Built target trolley_interfaces_s__rosidl_typesupport_c\n'}
[1.039865] (trolley_interfaces) StdoutLine: {'line': b'[100%] Built target trolley_interfaces_s__rosidl_typesupport_fastrtps_c\n'}
[1.040007] (trolley_interfaces) StdoutLine: {'line': b'running egg_info\n'}
[1.040144] (trolley_interfaces) StdoutLine: {'line': b'writing trolley_interfaces.egg-info/PKG-INFO\n'}
[1.040275] (trolley_interfaces) StdoutLine: {'line': b'writing dependency_links to trolley_interfaces.egg-info/dependency_links.txt\n'}
[1.040380] (trolley_interfaces) StdoutLine: {'line': b'writing top-level names to trolley_interfaces.egg-info/top_level.txt\n'}
[1.040481] (trolley_interfaces) StdoutLine: {'line': b"reading manifest file 'trolley_interfaces.egg-info/SOURCES.txt'\n"}
[1.040583] (trolley_interfaces) StdoutLine: {'line': b"writing manifest file 'trolley_interfaces.egg-info/SOURCES.txt'\n"}
[1.040708] (trolley_interfaces) StdoutLine: {'line': b'[100%] Built target ament_cmake_python_build_trolley_interfaces_egg\n'}
[1.040830] (trolley_interfaces) CommandEnded: {'returncode': 0}
[1.041210] (trolley_interfaces) JobProgress: {'identifier': 'trolley_interfaces', 'progress': 'install'}
[1.055653] (trolley_interfaces) Command: {'cmd': ['/usr/bin/cmake', '--install', '/home/zuiken/Documents/ichosai_2026_trolley/ros2_ws/src/build/trolley_interfaces'], 'cwd': '/home/zuiken/Documents/ichosai_2026_trolley/ros2_ws/src/build/trolley_interfaces', 'env': OrderedDict({'LESSOPEN': '| /usr/bin/lesspipe %s', 'USER': 'zuiken', 'SSH_CLIENT': 'fe80::6602:f97c:cba5:7eae%wlan0 59220 22', 'XDG_SESSION_TYPE': 'tty', 'GIT_ASKPASS': '/home/zuiken/.vscode-server/cli/servers/Stable-a44adf7f53e00964ab890f9f8758a334f1fc15bc/server/extensions/git/dist/askpass.sh', 'SHLVL': '1', 'LD_LIBRARY_PATH': '/home/zuiken/Documents/ichosai_2026_trolley/ros2_ws/src/install/trolley_interfaces/lib:/opt/ros/jazzy/opt/rviz_ogre_vendor/lib:/opt/ros/jazzy/lib/aarch64-linux-gnu:/opt/ros/jazzy/opt/gz_math_vendor/lib:/opt/ros/jazzy/opt/gz_utils_vendor/lib:/opt/ros/jazzy/opt/gz_cmake_vendor/lib:/opt/ros/jazzy/lib', 'BROWSER': '/home/zuiken/.vscode-server/cli/servers/Stable-a44adf7f53e00964ab890f9f8758a334f1fc15bc/server/bin/helpers/browser.sh', 'HOME': '/home/zuiken', 'OLDPWD': '/home/zuiken/Documents/ichosai_2026_trolley/ros2_ws', 'TERM_PROGRAM_VERSION': '1.136.1', 'VSCODE_IPC_HOOK_CLI': '/run/user/1000/vscode-ipc-c36184e9-140e-4b1b-9d23-fae309b2ab8d.sock', 'ROS_PYTHON_VERSION': '3', 'VSCODE_GIT_ASKPASS_MAIN': '/home/zuiken/.vscode-server/cli/servers/Stable-a44adf7f53e00964ab890f9f8758a334f1fc15bc/server/extensions/git/dist/askpass-main.js', 'VSCODE_GIT_ASKPASS_NODE': '/home/zuiken/.vscode-server/cli/servers/Stable-a44adf7f53e00964ab890f9f8758a334f1fc15bc/server/node', 'VSCODE_PYTHON_AUTOACTIVATE_GUARD': '1', 'DBUS_SESSION_BUS_ADDRESS': 'unix:path=/run/user/1000/bus', 'COLORTERM': 'truecolor', 'COLCON_PREFIX_PATH': '/home/zuiken/Documents/ichosai_2026_trolley/ros2_ws/src/install', 'ROS_DISTRO': 'jazzy', 'LOGNAME': 'zuiken', '_': '/usr/bin/colcon', 'ROS_VERSION': '2', 'XDG_SESSION_CLASS': 'user', 'TERM': 'xterm-256color', 'XDG_SESSION_ID': '3', 'PATH': '/opt/ros/jazzy/bin:/home/zuiken/.vscode-server/data/User/globalStorage/github.copilot-chat/debugCommand:/home/zuiken/.vscode-server/data/User/globalStorage/github.copilot-chat/copilotCli:/home/zuiken/.vscode-server/cli/servers/Stable-a44adf7f53e00964ab890f9f8758a334f1fc15bc/server/bin/remote-cli:/usr/local/sbin:/usr/local/bin:/usr/sbin:/usr/bin:/sbin:/bin:/usr/games:/usr/local/games:/snap/bin', 'XDG_RUNTIME_DIR': '/run/user/1000', 'LANG': 'C.UTF-8', 'LS_COLORS': 'rs=0:di=01;34:ln=01;36:mh=00:pi=40;33:so=01;35:do=01;35:bd=40;33;01:cd=40;33;01:or=40;31;01:mi=00:su=37;41:sg=30;43:ca=00:tw=30;42:ow=34;42:st=37;44:ex=01;32:*.tar=01;31:*.tgz=01;31:*.arc=01;31:*.arj=01;31:*.taz=01;31:*.lha=01;31:*.lz4=01;31:*.lzh=01;31:*.lzma=01;31:*.tlz=01;31:*.txz=01;31:*.tzo=01;31:*.t7z=01;31:*.zip=01;31:*.z=01;31:*.dz=01;31:*.gz=01;31:*.lrz=01;31:*.lz=01;31:*.lzo=01;31:*.xz=01;31:*.zst=01;31:*.tzst=01;31:*.bz2=01;31:*.bz=01;31:*.tbz=01;31:*.tbz2=01;31:*.tz=01;31:*.deb=01;31:*.rpm=01;31:*.jar=01;31:*.war=01;31:*.ear=01;31:*.sar=01;31:*.rar=01;31:*.alz=01;31:*.ace=01;31:*.zoo=01;31:*.cpio=01;31:*.7z=01;31:*.rz=01;31:*.cab=01;31:*.wim=01;31:*.swm=01;31:*.dwm=01;31:*.esd=01;31:*.avif=01;35:*.jpg=01;35:*.jpeg=01;35:*.mjpg=01;35:*.mjpeg=01;35:*.gif=01;35:*.bmp=01;35:*.pbm=01;35:*.pgm=01;35:*.ppm=01;35:*.tga=01;35:*.xbm=01;35:*.xpm=01;35:*.tif=01;35:*.tiff=01;35:*.png=01;35:*.svg=01;35:*.svgz=01;35:*.mng=01;35:*.pcx=01;35:*.mov=01;35:*.mpg=01;35:*.mpeg=01;35:*.m2v=01;35:*.mkv=01;35:*.webm=01;35:*.webp=01;35:*.ogm=01;35:*.mp4=01;35:*.m4v=01;35:*.mp4v=01;35:*.vob=01;35:*.qt=01;35:*.nuv=01;35:*.wmv=01;35:*.asf=01;35:*.rm=01;35:*.rmvb=01;35:*.flc=01;35:*.avi=01;35:*.fli=01;35:*.flv=01;35:*.gl=01;35:*.dl=01;35:*.xcf=01;35:*.xwd=01;35:*.yuv=01;35:*.cgm=01;35:*.emf=01;35:*.ogv=01;35:*.ogx=01;35:*.aac=00;36:*.au=00;36:*.flac=00;36:*.m4a=00;36:*.mid=00;36:*.midi=00;36:*.mka=00;36:*.mp3=00;36:*.mpc=00;36:*.ogg=00;36:*.ra=00;36:*.wav=00;36:*.oga=00;36:*.opus=00;36:*.spx=00;36:*.xspf=00;36:*~=00;90:*#=00;90:*.bak=00;90:*.crdownload=00;90:*.dpkg-dist=00;90:*.dpkg-new=00;90:*.dpkg-old=00;90:*.dpkg-tmp=00;90:*.old=00;90:*.orig=00;90:*.part=00;90:*.rej=00;90:*.rpmnew=00;90:*.rpmorig=00;90:*.rpmsave=00;90:*.swp=00;90:*.tmp=00;90:*.ucf-dist=00;90:*.ucf-new=00;90:*.ucf-old=00;90:', 'VSCODE_GIT_IPC_HANDLE': '/run/user/1000/vscode-git-3264b45195.sock', 'TERM_PROGRAM': 'vscode', 'AMENT_PREFIX_PATH': '/home/zuiken/Documents/ichosai_2026_trolley/ros2_ws/src/install/trolley_drive:/home/zuiken/Documents/ichosai_2026_trolley/ros2_ws/src/install/trolley_api:/home/zuiken/Documents/ichosai_2026_trolley/ros2_ws/src/install/trolley_interfaces:/home/zuiken/Documents/ichosai_2026_trolley/ros2_ws/src/install/trolley_cmd_mux:/home/zuiken/Documents/ichosai_2026_trolley/ros2_ws/src/install/trolley_bringup:/home/zuiken/Documents/ichosai_2026_trolley/ros2_ws/src/install/joy_teleop:/opt/ros/jazzy', 'SHELL': '/bin/bash', 'LESSCLOSE': '/usr/bin/lesspipe %s %s', 'ROS_AUTOMATIC_DISCOVERY_RANGE': 'SUBNET', 'VSCODE_GIT_ASKPASS_EXTRA_ARGS': '', 'PWD': '/home/zuiken/Documents/ichosai_2026_trolley/ros2_ws/src/build/trolley_interfaces', 'COPILOT_DEBUG_NONCE': '588d225576d72e8c3f0154716e9a6b5b', 'SSH_CONNECTION': 'fe80::6602:f97c:cba5:7eae%wlan0 59220 fe80::54fc:92a4:ab0f:dff3%wlan0 22', 'PYTHONPATH': '/home/zuiken/Documents/ichosai_2026_trolley/ros2_ws/src/install/trolley_drive/lib/python3.12/site-packages:/home/zuiken/Documents/ichosai_2026_trolley/ros2_ws/src/install/trolley_api/lib/python3.12/site-packages:/home/zuiken/Documents/ichosai_2026_trolley/ros2_ws/src/install/trolley_interfaces/lib/python3.12/site-packages:/home/zuiken/Documents/ichosai_2026_trolley/ros2_ws/src/install/trolley_cmd_mux/lib/python3.12/site-packages:/home/zuiken/Documents/ichosai_2026_trolley/ros2_ws/src/install/trolley_bringup/lib/python3.12/site-packages:/home/zuiken/Documents/ichosai_2026_trolley/ros2_ws/src/install/joy_teleop/lib/python3.12/site-packages:/opt/ros/jazzy/lib/python3.12/site-packages', 'COLCON': '1', 'CMAKE_PREFIX_PATH': '/home/zuiken/Documents/ichosai_2026_trolley/ros2_ws/src/install/trolley_interfaces:/opt/ros/jazzy/opt/gz_math_vendor:/opt/ros/jazzy/opt/gz_utils_vendor:/opt/ros/jazzy/opt/gz_cmake_vendor:/home/zuiken/Documents/ichosai_2026_trolley/ros2_ws/src/install/trolley_drive:/home/zuiken/Documents/ichosai_2026_trolley/ros2_ws/src/install/trolley_api:/home/zuiken/Documents/ichosai_2026_trolley/ros2_ws/src/install/trolley_cmd_mux:/home/zuiken/Documents/ichosai_2026_trolley/ros2_ws/src/install/trolley_bringup:/home/zuiken/Documents/ichosai_2026_trolley/ros2_ws/src/install/joy_teleop:/opt/ros/jazzy'}), 'shell': False}
[1.107455] (-) TimerEvent: {}
[1.207853] (-) TimerEvent: {}
[1.308215] (-) TimerEvent: {}
[1.402218] (trolley_interfaces) StdoutLine: {'line': b'-- Install configuration: ""\n'}
[1.402991] (trolley_interfaces) StdoutLine: {'line': b'-- Up-to-date: /home/zuiken/Documents/ichosai_2026_trolley/ros2_ws/src/install/trolley_interfaces/share/ament_index/resource_index/rosidl_interfaces/trolley_interfaces\n'}
[1.403147] (trolley_interfaces) StdoutLine: {'line': b'-- Up-to-date: /home/zuiken/Documents/ichosai_2026_trolley/ros2_ws/src/install/trolley_interfaces/share/trolley_interfaces/srv/SetDriveEnabled.json\n'}
[1.403446] (trolley_interfaces) StdoutLine: {'line': b'-- Up-to-date: /home/zuiken/Documents/ichosai_2026_trolley/ros2_ws/src/install/trolley_interfaces/share/trolley_interfaces/srv/SetDriveMode.json\n'}
[1.403991] (trolley_interfaces) StdoutLine: {'line': b'-- Up-to-date: /home/zuiken/Documents/ichosai_2026_trolley/ros2_ws/src/install/trolley_interfaces/include/trolley_interfaces/trolley_interfaces\n'}
[1.404107] (trolley_interfaces) StdoutLine: {'line': b'-- Up-to-date: /home/zuiken/Documents/ichosai_2026_trolley/ros2_ws/src/install/trolley_interfaces/include/trolley_interfaces/trolley_interfaces/msg\n'}
[1.404208] (trolley_interfaces) StdoutLine: {'line': b'-- Up-to-date: /home/zuiken/Documents/ichosai_2026_trolley/ros2_ws/src/install/trolley_interfaces/include/trolley_interfaces/trolley_interfaces/msg/rosidl_generator_c__visibility_control.h\n'}
[1.404295] (trolley_interfaces) StdoutLine: {'line': b'-- Up-to-date: /home/zuiken/Documents/ichosai_2026_trolley/ros2_ws/src/install/trolley_interfaces/include/trolley_interfaces/trolley_interfaces/srv\n'}
[1.404379] (trolley_interfaces) StdoutLine: {'line': b'-- Up-to-date: /home/zuiken/Documents/ichosai_2026_trolley/ros2_ws/src/install/trolley_interfaces/include/trolley_interfaces/trolley_interfaces/srv/detail\n'}
[1.404473] (trolley_interfaces) StdoutLine: {'line': b'-- Up-to-date: /home/zuiken/Documents/ichosai_2026_trolley/ros2_ws/src/install/trolley_interfaces/include/trolley_interfaces/trolley_interfaces/srv/detail/set_drive_mode__struct.h\n'}
[1.404597] (trolley_interfaces) StdoutLine: {'line': b'-- Up-to-date: /home/zuiken/Documents/ichosai_2026_trolley/ros2_ws/src/install/trolley_interfaces/include/trolley_interfaces/trolley_interfaces/srv/detail/set_drive_enabled__struct.h\n'}
[1.404732] (trolley_interfaces) StdoutLine: {'line': b'-- Up-to-date: /home/zuiken/Documents/ichosai_2026_trolley/ros2_ws/src/install/trolley_interfaces/include/trolley_interfaces/trolley_interfaces/srv/detail/set_drive_enabled__description.c\n'}
[1.404864] (trolley_interfaces) StdoutLine: {'line': b'-- Up-to-date: /home/zuiken/Documents/ichosai_2026_trolley/ros2_ws/src/install/trolley_interfaces/include/trolley_interfaces/trolley_interfaces/srv/detail/set_drive_mode__description.c\n'}
[1.404972] (trolley_interfaces) StdoutLine: {'line': b'-- Up-to-date: /home/zuiken/Documents/ichosai_2026_trolley/ros2_ws/src/install/trolley_interfaces/include/trolley_interfaces/trolley_interfaces/srv/detail/set_drive_mode__functions.h\n'}
[1.405667] (trolley_interfaces) StdoutLine: {'line': b'-- Up-to-date: /home/zuiken/Documents/ichosai_2026_trolley/ros2_ws/src/install/trolley_interfaces/include/trolley_interfaces/trolley_interfaces/srv/detail/set_drive_enabled__type_support.h\n'}
[1.405902] (trolley_interfaces) StdoutLine: {'line': b'-- Up-to-date: /home/zuiken/Documents/ichosai_2026_trolley/ros2_ws/src/install/trolley_interfaces/include/trolley_interfaces/trolley_interfaces/srv/detail/set_drive_enabled__functions.h\n'}
[1.406074] (trolley_interfaces) StdoutLine: {'line': b'-- Up-to-date: /home/zuiken/Documents/ichosai_2026_trolley/ros2_ws/src/install/trolley_interfaces/include/trolley_interfaces/trolley_interfaces/srv/detail/set_drive_mode__functions.c\n'}
[1.406256] (trolley_interfaces) StdoutLine: {'line': b'-- Installing: /home/zuiken/Documents/ichosai_2026_trolley/ros2_ws/src/install/trolley_interfaces/include/trolley_interfaces/trolley_interfaces/srv/detail/set_drive_mode__type_support.c\n'}
[1.406381] (trolley_interfaces) StdoutLine: {'line': b'-- Installing: /home/zuiken/Documents/ichosai_2026_trolley/ros2_ws/src/install/trolley_interfaces/include/trolley_interfaces/trolley_interfaces/srv/detail/set_drive_enabled__type_support.c\n'}
[1.406493] (trolley_interfaces) StdoutLine: {'line': b'-- Up-to-date: /home/zuiken/Documents/ichosai_2026_trolley/ros2_ws/src/install/trolley_interfaces/include/trolley_interfaces/trolley_interfaces/srv/detail/set_drive_enabled__functions.c\n'}
[1.406617] (trolley_interfaces) StdoutLine: {'line': b'-- Up-to-date: /home/zuiken/Documents/ichosai_2026_trolley/ros2_ws/src/install/trolley_interfaces/include/trolley_interfaces/trolley_interfaces/srv/detail/set_drive_mode__type_support.h\n'}
[1.407057] (trolley_interfaces) StdoutLine: {'line': b'-- Up-to-date: /home/zuiken/Documents/ichosai_2026_trolley/ros2_ws/src/install/trolley_interfaces/include/trolley_interfaces/trolley_interfaces/srv/set_drive_mode.h\n'}
[1.407203] (trolley_interfaces) StdoutLine: {'line': b'-- Up-to-date: /home/zuiken/Documents/ichosai_2026_trolley/ros2_ws/src/install/trolley_interfaces/include/trolley_interfaces/trolley_interfaces/srv/set_drive_enabled.h\n'}
[1.407322] (trolley_interfaces) StdoutLine: {'line': b'-- Up-to-date: /home/zuiken/Documents/ichosai_2026_trolley/ros2_ws/src/install/trolley_interfaces/share/trolley_interfaces/environment/library_path.sh\n'}
[1.407445] (trolley_interfaces) StdoutLine: {'line': b'-- Up-to-date: /home/zuiken/Documents/ichosai_2026_trolley/ros2_ws/src/install/trolley_interfaces/share/trolley_interfaces/environment/library_path.dsv\n'}
[1.407551] (trolley_interfaces) StdoutLine: {'line': b'-- Up-to-date: /home/zuiken/Documents/ichosai_2026_trolley/ros2_ws/src/install/trolley_interfaces/lib/libtrolley_interfaces__rosidl_generator_c.so\n'}
[1.407699] (trolley_interfaces) StdoutLine: {'line': b'-- Up-to-date: /home/zuiken/Documents/ichosai_2026_trolley/ros2_ws/src/install/trolley_interfaces/include/trolley_interfaces/trolley_interfaces\n'}
[1.407846] (trolley_interfaces) StdoutLine: {'line': b'-- Up-to-date: /home/zuiken/Documents/ichosai_2026_trolley/ros2_ws/src/install/trolley_interfaces/include/trolley_interfaces/trolley_interfaces/msg\n'}
[1.407961] (trolley_interfaces) StdoutLine: {'line': b'-- Up-to-date: /home/zuiken/Documents/ichosai_2026_trolley/ros2_ws/src/install/trolley_interfaces/include/trolley_interfaces/trolley_interfaces/msg/rosidl_typesupport_fastrtps_c__visibility_control.h\n'}
[1.408088] (trolley_interfaces) StdoutLine: {'line': b'-- Up-to-date: /home/zuiken/Documents/ichosai_2026_trolley/ros2_ws/src/install/trolley_interfaces/include/trolley_interfaces/trolley_interfaces/srv\n'}
[1.408212] (-) TimerEvent: {}
[1.408853] (trolley_interfaces) StdoutLine: {'line': b'-- Up-to-date: /home/zuiken/Documents/ichosai_2026_trolley/ros2_ws/src/install/trolley_interfaces/include/trolley_interfaces/trolley_interfaces/srv/detail\n'}
[1.409221] (trolley_interfaces) StdoutLine: {'line': b'-- Up-to-date: /home/zuiken/Documents/ichosai_2026_trolley/ros2_ws/src/install/trolley_interfaces/include/trolley_interfaces/trolley_interfaces/srv/detail/set_drive_enabled__rosidl_typesupport_fastrtps_c.h\n'}
[1.409363] (trolley_interfaces) StdoutLine: {'line': b'-- Up-to-date: /home/zuiken/Documents/ichosai_2026_trolley/ros2_ws/src/install/trolley_interfaces/include/trolley_interfaces/trolley_interfaces/srv/detail/set_drive_mode__rosidl_typesupport_fastrtps_c.h\n'}
[1.409474] (trolley_interfaces) StdoutLine: {'line': b'-- Up-to-date: /home/zuiken/Documents/ichosai_2026_trolley/ros2_ws/src/install/trolley_interfaces/lib/libtrolley_interfaces__rosidl_typesupport_fastrtps_c.so\n'}
[1.409590] (trolley_interfaces) StdoutLine: {'line': b'-- Up-to-date: /home/zuiken/Documents/ichosai_2026_trolley/ros2_ws/src/install/trolley_interfaces/include/trolley_interfaces/trolley_interfaces\n'}
[1.409778] (trolley_interfaces) StdoutLine: {'line': b'-- Up-to-date: /home/zuiken/Documents/ichosai_2026_trolley/ros2_ws/src/install/trolley_interfaces/include/trolley_interfaces/trolley_interfaces/msg\n'}
[1.410034] (trolley_interfaces) StdoutLine: {'line': b'-- Up-to-date: /home/zuiken/Documents/ichosai_2026_trolley/ros2_ws/src/install/trolley_interfaces/include/trolley_interfaces/trolley_interfaces/msg/rosidl_typesupport_introspection_c__visibility_control.h\n'}
[1.410248] (trolley_interfaces) StdoutLine: {'line': b'-- Up-to-date: /home/zuiken/Documents/ichosai_2026_trolley/ros2_ws/src/install/trolley_interfaces/include/trolley_interfaces/trolley_interfaces/srv\n'}
[1.410467] (trolley_interfaces) StdoutLine: {'line': b'-- Up-to-date: /home/zuiken/Documents/ichosai_2026_trolley/ros2_ws/src/install/trolley_interfaces/include/trolley_interfaces/trolley_interfaces/srv/detail\n'}
[1.410767] (trolley_interfaces) StdoutLine: {'line': b'-- Up-to-date: /home/zuiken/Documents/ichosai_2026_trolley/ros2_ws/src/install/trolley_interfaces/include/trolley_interfaces/trolley_interfaces/srv/detail/set_drive_enabled__rosidl_typesupport_introspection_c.h\n'}
[1.411028] (trolley_interfaces) StdoutLine: {'line': b'-- Up-to-date: /home/zuiken/Documents/ichosai_2026_trolley/ros2_ws/src/install/trolley_interfaces/include/trolley_interfaces/trolley_interfaces/srv/detail/set_drive_mode__rosidl_typesupport_introspection_c.h\n'}
[1.411319] (trolley_interfaces) StdoutLine: {'line': b'-- Installing: /home/zuiken/Documents/ichosai_2026_trolley/ros2_ws/src/install/trolley_interfaces/include/trolley_interfaces/trolley_interfaces/srv/detail/set_drive_mode__type_support.c\n'}
[1.411552] (trolley_interfaces) StdoutLine: {'line': b'-- Installing: /home/zuiken/Documents/ichosai_2026_trolley/ros2_ws/src/install/trolley_interfaces/include/trolley_interfaces/trolley_interfaces/srv/detail/set_drive_enabled__type_support.c\n'}
[1.411811] (trolley_interfaces) StdoutLine: {'line': b'-- Up-to-date: /home/zuiken/Documents/ichosai_2026_trolley/ros2_ws/src/install/trolley_interfaces/lib/libtrolley_interfaces__rosidl_typesupport_introspection_c.so\n'}
[1.412055] (trolley_interfaces) StdoutLine: {'line': b'-- Up-to-date: /home/zuiken/Documents/ichosai_2026_trolley/ros2_ws/src/install/trolley_interfaces/lib/libtrolley_interfaces__rosidl_typesupport_c.so\n'}
[1.412273] (trolley_interfaces) StdoutLine: {'line': b'-- Up-to-date: /home/zuiken/Documents/ichosai_2026_trolley/ros2_ws/src/install/trolley_interfaces/include/trolley_interfaces/trolley_interfaces\n'}
[1.412501] (trolley_interfaces) StdoutLine: {'line': b'-- Up-to-date: /home/zuiken/Documents/ichosai_2026_trolley/ros2_ws/src/install/trolley_interfaces/include/trolley_interfaces/trolley_interfaces/msg\n'}
[1.412664] (trolley_interfaces) StdoutLine: {'line': b'-- Up-to-date: /home/zuiken/Documents/ichosai_2026_trolley/ros2_ws/src/install/trolley_interfaces/include/trolley_interfaces/trolley_interfaces/msg/rosidl_generator_cpp__visibility_control.hpp\n'}
[1.412827] (trolley_interfaces) StdoutLine: {'line': b'-- Up-to-date: /home/zuiken/Documents/ichosai_2026_trolley/ros2_ws/src/install/trolley_interfaces/include/trolley_interfaces/trolley_interfaces/srv\n'}
[1.412949] (trolley_interfaces) StdoutLine: {'line': b'-- Up-to-date: /home/zuiken/Documents/ichosai_2026_trolley/ros2_ws/src/install/trolley_interfaces/include/trolley_interfaces/trolley_interfaces/srv/set_drive_mode.hpp\n'}
[1.413062] (trolley_interfaces) StdoutLine: {'line': b'-- Up-to-date: /home/zuiken/Documents/ichosai_2026_trolley/ros2_ws/src/install/trolley_interfaces/include/trolley_interfaces/trolley_interfaces/srv/set_drive_enabled.hpp\n'}
[1.413168] (trolley_interfaces) StdoutLine: {'line': b'-- Up-to-date: /home/zuiken/Documents/ichosai_2026_trolley/ros2_ws/src/install/trolley_interfaces/include/trolley_interfaces/trolley_interfaces/srv/detail\n'}
[1.413277] (trolley_interfaces) StdoutLine: {'line': b'-- Up-to-date: /home/zuiken/Documents/ichosai_2026_trolley/ros2_ws/src/install/trolley_interfaces/include/trolley_interfaces/trolley_interfaces/srv/detail/set_drive_enabled__builder.hpp\n'}
[1.413389] (trolley_interfaces) StdoutLine: {'line': b'-- Up-to-date: /home/zuiken/Documents/ichosai_2026_trolley/ros2_ws/src/install/trolley_interfaces/include/trolley_interfaces/trolley_interfaces/srv/detail/set_drive_mode__traits.hpp\n'}
[1.413490] (trolley_interfaces) StdoutLine: {'line': b'-- Up-to-date: /home/zuiken/Documents/ichosai_2026_trolley/ros2_ws/src/install/trolley_interfaces/include/trolley_interfaces/trolley_interfaces/srv/detail/set_drive_enabled__struct.hpp\n'}
[1.413598] (trolley_interfaces) StdoutLine: {'line': b'-- Up-to-date: /home/zuiken/Documents/ichosai_2026_trolley/ros2_ws/src/install/trolley_interfaces/include/trolley_interfaces/trolley_interfaces/srv/detail/set_drive_mode__type_support.hpp\n'}
[1.413720] (trolley_interfaces) StdoutLine: {'line': b'-- Up-to-date: /home/zuiken/Documents/ichosai_2026_trolley/ros2_ws/src/install/trolley_interfaces/include/trolley_interfaces/trolley_interfaces/srv/detail/set_drive_mode__struct.hpp\n'}
[1.413841] (trolley_interfaces) StdoutLine: {'line': b'-- Up-to-date: /home/zuiken/Documents/ichosai_2026_trolley/ros2_ws/src/install/trolley_interfaces/include/trolley_interfaces/trolley_interfaces/srv/detail/set_drive_enabled__traits.hpp\n'}
[1.413947] (trolley_interfaces) StdoutLine: {'line': b'-- Up-to-date: /home/zuiken/Documents/ichosai_2026_trolley/ros2_ws/src/install/trolley_interfaces/include/trolley_interfaces/trolley_interfaces/srv/detail/set_drive_mode__builder.hpp\n'}
[1.414054] (trolley_interfaces) StdoutLine: {'line': b'-- Up-to-date: /home/zuiken/Documents/ichosai_2026_trolley/ros2_ws/src/install/trolley_interfaces/include/trolley_interfaces/trolley_interfaces/srv/detail/set_drive_enabled__type_support.hpp\n'}
[1.414167] (trolley_interfaces) StdoutLine: {'line': b'-- Up-to-date: /home/zuiken/Documents/ichosai_2026_trolley/ros2_ws/src/install/trolley_interfaces/include/trolley_interfaces/trolley_interfaces\n'}
[1.414285] (trolley_interfaces) StdoutLine: {'line': b'-- Up-to-date: /home/zuiken/Documents/ichosai_2026_trolley/ros2_ws/src/install/trolley_interfaces/include/trolley_interfaces/trolley_interfaces/msg\n'}
[1.414392] (trolley_interfaces) StdoutLine: {'line': b'-- Up-to-date: /home/zuiken/Documents/ichosai_2026_trolley/ros2_ws/src/install/trolley_interfaces/include/trolley_interfaces/trolley_interfaces/msg/rosidl_typesupport_fastrtps_cpp__visibility_control.h\n'}
[1.414510] (trolley_interfaces) StdoutLine: {'line': b'-- Up-to-date: /home/zuiken/Documents/ichosai_2026_trolley/ros2_ws/src/install/trolley_interfaces/include/trolley_interfaces/trolley_interfaces/srv\n'}
[1.414627] (trolley_interfaces) StdoutLine: {'line': b'-- Up-to-date: /home/zuiken/Documents/ichosai_2026_trolley/ros2_ws/src/install/trolley_interfaces/include/trolley_interfaces/trolley_interfaces/srv/detail\n'}
[1.414810] (trolley_interfaces) StdoutLine: {'line': b'-- Up-to-date: /home/zuiken/Documents/ichosai_2026_trolley/ros2_ws/src/install/trolley_interfaces/include/trolley_interfaces/trolley_interfaces/srv/detail/set_drive_mode__rosidl_typesupport_fastrtps_cpp.hpp\n'}
[1.414921] (trolley_interfaces) StdoutLine: {'line': b'-- Up-to-date: /home/zuiken/Documents/ichosai_2026_trolley/ros2_ws/src/install/trolley_interfaces/include/trolley_interfaces/trolley_interfaces/srv/detail/set_drive_enabled__rosidl_typesupport_fastrtps_cpp.hpp\n'}
[1.415023] (trolley_interfaces) StdoutLine: {'line': b'-- Up-to-date: /home/zuiken/Documents/ichosai_2026_trolley/ros2_ws/src/install/trolley_interfaces/include/trolley_interfaces/trolley_interfaces/srv/detail/dds_fastrtps\n'}
[1.415125] (trolley_interfaces) StdoutLine: {'line': b'-- Up-to-date: /home/zuiken/Documents/ichosai_2026_trolley/ros2_ws/src/install/trolley_interfaces/lib/libtrolley_interfaces__rosidl_typesupport_fastrtps_cpp.so\n'}
[1.415228] (trolley_interfaces) StdoutLine: {'line': b'-- Up-to-date: /home/zuiken/Documents/ichosai_2026_trolley/ros2_ws/src/install/trolley_interfaces/include/trolley_interfaces/trolley_interfaces\n'}
[1.415336] (trolley_interfaces) StdoutLine: {'line': b'-- Up-to-date: /home/zuiken/Documents/ichosai_2026_trolley/ros2_ws/src/install/trolley_interfaces/include/trolley_interfaces/trolley_interfaces/srv\n'}
[1.415433] (trolley_interfaces) StdoutLine: {'line': b'-- Up-to-date: /home/zuiken/Documents/ichosai_2026_trolley/ros2_ws/src/install/trolley_interfaces/include/trolley_interfaces/trolley_interfaces/srv/detail\n'}
[1.415536] (trolley_interfaces) StdoutLine: {'line': b'-- Up-to-date: /home/zuiken/Documents/ichosai_2026_trolley/ros2_ws/src/install/trolley_interfaces/include/trolley_interfaces/trolley_interfaces/srv/detail/set_drive_mode__type_support.cpp\n'}
[1.415632] (trolley_interfaces) StdoutLine: {'line': b'-- Up-to-date: /home/zuiken/Documents/ichosai_2026_trolley/ros2_ws/src/install/trolley_interfaces/include/trolley_interfaces/trolley_interfaces/srv/detail/set_drive_mode__rosidl_typesupport_introspection_cpp.hpp\n'}
[1.415753] (trolley_interfaces) StdoutLine: {'line': b'-- Up-to-date: /home/zuiken/Documents/ichosai_2026_trolley/ros2_ws/src/install/trolley_interfaces/include/trolley_interfaces/trolley_interfaces/srv/detail/set_drive_enabled__type_support.cpp\n'}
[1.415850] (trolley_interfaces) StdoutLine: {'line': b'-- Up-to-date: /home/zuiken/Documents/ichosai_2026_trolley/ros2_ws/src/install/trolley_interfaces/include/trolley_interfaces/trolley_interfaces/srv/detail/set_drive_enabled__rosidl_typesupport_introspection_cpp.hpp\n'}
[1.415943] (trolley_interfaces) StdoutLine: {'line': b'-- Up-to-date: /home/zuiken/Documents/ichosai_2026_trolley/ros2_ws/src/install/trolley_interfaces/lib/libtrolley_interfaces__rosidl_typesupport_introspection_cpp.so\n'}
[1.416032] (trolley_interfaces) StdoutLine: {'line': b'-- Up-to-date: /home/zuiken/Documents/ichosai_2026_trolley/ros2_ws/src/install/trolley_interfaces/lib/libtrolley_interfaces__rosidl_typesupport_cpp.so\n'}
[1.416120] (trolley_interfaces) StdoutLine: {'line': b'-- Up-to-date: /home/zuiken/Documents/ichosai_2026_trolley/ros2_ws/src/install/trolley_interfaces/share/trolley_interfaces/environment/pythonpath.sh\n'}
[1.416206] (trolley_interfaces) StdoutLine: {'line': b'-- Up-to-date: /home/zuiken/Documents/ichosai_2026_trolley/ros2_ws/src/install/trolley_interfaces/share/trolley_interfaces/environment/pythonpath.dsv\n'}
[1.416295] (trolley_interfaces) StdoutLine: {'line': b'-- Up-to-date: /home/zuiken/Documents/ichosai_2026_trolley/ros2_ws/src/install/trolley_interfaces/lib/python3.12/site-packages/trolley_interfaces-0.0.0-py3.12.egg-info\n'}
[1.416389] (trolley_interfaces) StdoutLine: {'line': b'-- Installing: /home/zuiken/Documents/ichosai_2026_trolley/ros2_ws/src/install/trolley_interfaces/lib/python3.12/site-packages/trolley_interfaces-0.0.0-py3.12.egg-info/top_level.txt\n'}
[1.416475] (trolley_interfaces) StdoutLine: {'line': b'-- Installing: /home/zuiken/Documents/ichosai_2026_trolley/ros2_ws/src/install/trolley_interfaces/lib/python3.12/site-packages/trolley_interfaces-0.0.0-py3.12.egg-info/PKG-INFO\n'}
[1.416592] (trolley_interfaces) StdoutLine: {'line': b'-- Installing: /home/zuiken/Documents/ichosai_2026_trolley/ros2_ws/src/install/trolley_interfaces/lib/python3.12/site-packages/trolley_interfaces-0.0.0-py3.12.egg-info/SOURCES.txt\n'}
[1.416722] (trolley_interfaces) StdoutLine: {'line': b'-- Installing: /home/zuiken/Documents/ichosai_2026_trolley/ros2_ws/src/install/trolley_interfaces/lib/python3.12/site-packages/trolley_interfaces-0.0.0-py3.12.egg-info/dependency_links.txt\n'}
[1.416854] (trolley_interfaces) StdoutLine: {'line': b'-- Up-to-date: /home/zuiken/Documents/ichosai_2026_trolley/ros2_ws/src/install/trolley_interfaces/lib/python3.12/site-packages/trolley_interfaces\n'}
[1.416965] (trolley_interfaces) StdoutLine: {'line': b'-- Up-to-date: /home/zuiken/Documents/ichosai_2026_trolley/ros2_ws/src/install/trolley_interfaces/lib/python3.12/site-packages/trolley_interfaces/trolley_interfaces_s__rosidl_typesupport_introspection_c.so\n'}
[1.417067] (trolley_interfaces) StdoutLine: {'line': b'-- Up-to-date: /home/zuiken/Documents/ichosai_2026_trolley/ros2_ws/src/install/trolley_interfaces/lib/python3.12/site-packages/trolley_interfaces/__init__.py\n'}
[1.417184] (trolley_interfaces) StdoutLine: {'line': b'-- Up-to-date: /home/zuiken/Documents/ichosai_2026_trolley/ros2_ws/src/install/trolley_interfaces/lib/python3.12/site-packages/trolley_interfaces/_trolley_interfaces_s.ep.rosidl_typesupport_introspection_c.c\n'}
[1.417274] (trolley_interfaces) StdoutLine: {'line': b'-- Up-to-date: /home/zuiken/Documents/ichosai_2026_trolley/ros2_ws/src/install/trolley_interfaces/lib/python3.12/site-packages/trolley_interfaces/srv\n'}
[1.417361] (trolley_interfaces) StdoutLine: {'line': b'-- Up-to-date: /home/zuiken/Documents/ichosai_2026_trolley/ros2_ws/src/install/trolley_interfaces/lib/python3.12/site-packages/trolley_interfaces/srv/_set_drive_enabled.py\n'}
[1.417454] (trolley_interfaces) StdoutLine: {'line': b'-- Up-to-date: /home/zuiken/Documents/ichosai_2026_trolley/ros2_ws/src/install/trolley_interfaces/lib/python3.12/site-packages/trolley_interfaces/srv/__init__.py\n'}
[1.417547] (trolley_interfaces) StdoutLine: {'line': b'-- Up-to-date: /home/zuiken/Documents/ichosai_2026_trolley/ros2_ws/src/install/trolley_interfaces/lib/python3.12/site-packages/trolley_interfaces/srv/_set_drive_mode_s.c\n'}
[1.417633] (trolley_interfaces) StdoutLine: {'line': b'-- Up-to-date: /home/zuiken/Documents/ichosai_2026_trolley/ros2_ws/src/install/trolley_interfaces/lib/python3.12/site-packages/trolley_interfaces/srv/_set_drive_mode.py\n'}
[1.417777] (trolley_interfaces) StdoutLine: {'line': b'-- Up-to-date: /home/zuiken/Documents/ichosai_2026_trolley/ros2_ws/src/install/trolley_interfaces/lib/python3.12/site-packages/trolley_interfaces/srv/_set_drive_enabled_s.c\n'}
[1.417883] (trolley_interfaces) StdoutLine: {'line': b'-- Up-to-date: /home/zuiken/Documents/ichosai_2026_trolley/ros2_ws/src/install/trolley_interfaces/lib/python3.12/site-packages/trolley_interfaces/trolley_interfaces_s__rosidl_typesupport_c.so\n'}
[1.417982] (trolley_interfaces) StdoutLine: {'line': b'-- Up-to-date: /home/zuiken/Documents/ichosai_2026_trolley/ros2_ws/src/install/trolley_interfaces/lib/python3.12/site-packages/trolley_interfaces/trolley_interfaces_s__rosidl_typesupport_fastrtps_c.so\n'}
[1.418080] (trolley_interfaces) StdoutLine: {'line': b'-- Up-to-date: /home/zuiken/Documents/ichosai_2026_trolley/ros2_ws/src/install/trolley_interfaces/lib/python3.12/site-packages/trolley_interfaces/_trolley_interfaces_s.ep.rosidl_typesupport_c.c\n'}
[1.418175] (trolley_interfaces) StdoutLine: {'line': b'-- Up-to-date: /home/zuiken/Documents/ichosai_2026_trolley/ros2_ws/src/install/trolley_interfaces/lib/python3.12/site-packages/trolley_interfaces/_trolley_interfaces_s.ep.rosidl_typesupport_fastrtps_c.c\n'}
[1.462065] (trolley_interfaces) StdoutLine: {'line': b"Listing '/home/zuiken/Documents/ichosai_2026_trolley/ros2_ws/src/install/trolley_interfaces/lib/python3.12/site-packages/trolley_interfaces'...\n"}
[1.462400] (trolley_interfaces) StdoutLine: {'line': b"Listing '/home/zuiken/Documents/ichosai_2026_trolley/ros2_ws/src/install/trolley_interfaces/lib/python3.12/site-packages/trolley_interfaces/srv'...\n"}
[1.474161] (trolley_interfaces) StdoutLine: {'line': b'-- Up-to-date: /home/zuiken/Documents/ichosai_2026_trolley/ros2_ws/src/install/trolley_interfaces/lib/python3.12/site-packages/trolley_interfaces/trolley_interfaces_s__rosidl_typesupport_fastrtps_c.so\n'}
[1.474551] (trolley_interfaces) StdoutLine: {'line': b'-- Up-to-date: /home/zuiken/Documents/ichosai_2026_trolley/ros2_ws/src/install/trolley_interfaces/lib/python3.12/site-packages/trolley_interfaces/trolley_interfaces_s__rosidl_typesupport_introspection_c.so\n'}
[1.475026] (trolley_interfaces) StdoutLine: {'line': b'-- Up-to-date: /home/zuiken/Documents/ichosai_2026_trolley/ros2_ws/src/install/trolley_interfaces/lib/python3.12/site-packages/trolley_interfaces/trolley_interfaces_s__rosidl_typesupport_c.so\n'}
[1.475423] (trolley_interfaces) StdoutLine: {'line': b'-- Up-to-date: /home/zuiken/Documents/ichosai_2026_trolley/ros2_ws/src/install/trolley_interfaces/lib/libtrolley_interfaces__rosidl_generator_py.so\n'}
[1.475713] (trolley_interfaces) StdoutLine: {'line': b'-- Up-to-date: /home/zuiken/Documents/ichosai_2026_trolley/ros2_ws/src/install/trolley_interfaces/share/ament_index/resource_index/rust_packages/trolley_interfaces\n'}
[1.475940] (trolley_interfaces) StdoutLine: {'line': b'-- Up-to-date: /home/zuiken/Documents/ichosai_2026_trolley/ros2_ws/src/install/trolley_interfaces/share/trolley_interfaces/rust\n'}
[1.476052] (trolley_interfaces) StdoutLine: {'line': b'-- Up-to-date: /home/zuiken/Documents/ichosai_2026_trolley/ros2_ws/src/install/trolley_interfaces/share/trolley_interfaces/rust/build.rs\n'}
[1.476152] (trolley_interfaces) StdoutLine: {'line': b'-- Up-to-date: /home/zuiken/Documents/ichosai_2026_trolley/ros2_ws/src/install/trolley_interfaces/share/trolley_interfaces/rust/src\n'}
[1.476256] (trolley_interfaces) StdoutLine: {'line': b'-- Up-to-date: /home/zuiken/Documents/ichosai_2026_trolley/ros2_ws/src/install/trolley_interfaces/share/trolley_interfaces/rust/src/lib.rs\n'}
[1.476399] (trolley_interfaces) StdoutLine: {'line': b'-- Up-to-date: /home/zuiken/Documents/ichosai_2026_trolley/ros2_ws/src/install/trolley_interfaces/share/trolley_interfaces/rust/src/srv\n'}
[1.476514] (trolley_interfaces) StdoutLine: {'line': b'-- Up-to-date: /home/zuiken/Documents/ichosai_2026_trolley/ros2_ws/src/install/trolley_interfaces/share/trolley_interfaces/rust/src/srv/rmw.rs\n'}
[1.476613] (trolley_interfaces) StdoutLine: {'line': b'-- Up-to-date: /home/zuiken/Documents/ichosai_2026_trolley/ros2_ws/src/install/trolley_interfaces/share/trolley_interfaces/rust/src/srv.rs\n'}
[1.476742] (trolley_interfaces) StdoutLine: {'line': b'-- Up-to-date: /home/zuiken/Documents/ichosai_2026_trolley/ros2_ws/src/install/trolley_interfaces/share/trolley_interfaces/rust/Cargo.toml\n'}
[1.476840] (trolley_interfaces) StdoutLine: {'line': b'-- Up-to-date: /home/zuiken/Documents/ichosai_2026_trolley/ros2_ws/src/install/trolley_interfaces/share/trolley_interfaces/srv/SetDriveEnabled.idl\n'}
[1.476928] (trolley_interfaces) StdoutLine: {'line': b'-- Up-to-date: /home/zuiken/Documents/ichosai_2026_trolley/ros2_ws/src/install/trolley_interfaces/share/trolley_interfaces/srv/SetDriveMode.idl\n'}
[1.477080] (trolley_interfaces) StdoutLine: {'line': b'-- Up-to-date: /home/zuiken/Documents/ichosai_2026_trolley/ros2_ws/src/install/trolley_interfaces/share/trolley_interfaces/srv/SetDriveEnabled.srv\n'}
[1.477219] (trolley_interfaces) StdoutLine: {'line': b'-- Up-to-date: /home/zuiken/Documents/ichosai_2026_trolley/ros2_ws/src/install/trolley_interfaces/share/trolley_interfaces/srv/SetDriveMode.srv\n'}
[1.477331] (trolley_interfaces) StdoutLine: {'line': b'-- Up-to-date: /home/zuiken/Documents/ichosai_2026_trolley/ros2_ws/src/install/trolley_interfaces/share/ament_index/resource_index/package_run_dependencies/trolley_interfaces\n'}
[1.477428] (trolley_interfaces) StdoutLine: {'line': b'-- Up-to-date: /home/zuiken/Documents/ichosai_2026_trolley/ros2_ws/src/install/trolley_interfaces/share/ament_index/resource_index/parent_prefix_path/trolley_interfaces\n'}
[1.477537] (trolley_interfaces) StdoutLine: {'line': b'-- Up-to-date: /home/zuiken/Documents/ichosai_2026_trolley/ros2_ws/src/install/trolley_interfaces/share/trolley_interfaces/environment/ament_prefix_path.sh\n'}
[1.477747] (trolley_interfaces) StdoutLine: {'line': b'-- Up-to-date: /home/zuiken/Documents/ichosai_2026_trolley/ros2_ws/src/install/trolley_interfaces/share/trolley_interfaces/environment/ament_prefix_path.dsv\n'}
[1.477948] (trolley_interfaces) StdoutLine: {'line': b'-- Up-to-date: /home/zuiken/Documents/ichosai_2026_trolley/ros2_ws/src/install/trolley_interfaces/share/trolley_interfaces/environment/path.sh\n'}
[1.478067] (trolley_interfaces) StdoutLine: {'line': b'-- Up-to-date: /home/zuiken/Documents/ichosai_2026_trolley/ros2_ws/src/install/trolley_interfaces/share/trolley_interfaces/environment/path.dsv\n'}
[1.478200] (trolley_interfaces) StdoutLine: {'line': b'-- Up-to-date: /home/zuiken/Documents/ichosai_2026_trolley/ros2_ws/src/install/trolley_interfaces/share/trolley_interfaces/local_setup.bash\n'}
[1.478304] (trolley_interfaces) StdoutLine: {'line': b'-- Up-to-date: /home/zuiken/Documents/ichosai_2026_trolley/ros2_ws/src/install/trolley_interfaces/share/trolley_interfaces/local_setup.sh\n'}
[1.478410] (trolley_interfaces) StdoutLine: {'line': b'-- Up-to-date: /home/zuiken/Documents/ichosai_2026_trolley/ros2_ws/src/install/trolley_interfaces/share/trolley_interfaces/local_setup.zsh\n'}
[1.478505] (trolley_interfaces) StdoutLine: {'line': b'-- Up-to-date: /home/zuiken/Documents/ichosai_2026_trolley/ros2_ws/src/install/trolley_interfaces/share/trolley_interfaces/local_setup.dsv\n'}
[1.478597] (trolley_interfaces) StdoutLine: {'line': b'-- Installing: /home/zuiken/Documents/ichosai_2026_trolley/ros2_ws/src/install/trolley_interfaces/share/trolley_interfaces/package.dsv\n'}
[1.478702] (trolley_interfaces) StdoutLine: {'line': b'-- Up-to-date: /home/zuiken/Documents/ichosai_2026_trolley/ros2_ws/src/install/trolley_interfaces/share/ament_index/resource_index/packages/trolley_interfaces\n'}
[1.478805] (trolley_interfaces) StdoutLine: {'line': b'-- Up-to-date: /home/zuiken/Documents/ichosai_2026_trolley/ros2_ws/src/install/trolley_interfaces/share/trolley_interfaces/cmake/export_trolley_interfaces__rosidl_generator_cExport.cmake\n'}
[1.478895] (trolley_interfaces) StdoutLine: {'line': b'-- Up-to-date: /home/zuiken/Documents/ichosai_2026_trolley/ros2_ws/src/install/trolley_interfaces/share/trolley_interfaces/cmake/export_trolley_interfaces__rosidl_generator_cExport-noconfig.cmake\n'}
[1.478986] (trolley_interfaces) StdoutLine: {'line': b'-- Up-to-date: /home/zuiken/Documents/ichosai_2026_trolley/ros2_ws/src/install/trolley_interfaces/share/trolley_interfaces/cmake/export_trolley_interfaces__rosidl_typesupport_fastrtps_cExport.cmake\n'}
[1.479074] (trolley_interfaces) StdoutLine: {'line': b'-- Up-to-date: /home/zuiken/Documents/ichosai_2026_trolley/ros2_ws/src/install/trolley_interfaces/share/trolley_interfaces/cmake/export_trolley_interfaces__rosidl_typesupport_fastrtps_cExport-noconfig.cmake\n'}
[1.479163] (trolley_interfaces) StdoutLine: {'line': b'-- Up-to-date: /home/zuiken/Documents/ichosai_2026_trolley/ros2_ws/src/install/trolley_interfaces/share/trolley_interfaces/cmake/trolley_interfaces__rosidl_typesupport_introspection_cExport.cmake\n'}
[1.479249] (trolley_interfaces) StdoutLine: {'line': b'-- Up-to-date: /home/zuiken/Documents/ichosai_2026_trolley/ros2_ws/src/install/trolley_interfaces/share/trolley_interfaces/cmake/trolley_interfaces__rosidl_typesupport_introspection_cExport-noconfig.cmake\n'}
[1.479345] (trolley_interfaces) StdoutLine: {'line': b'-- Up-to-date: /home/zuiken/Documents/ichosai_2026_trolley/ros2_ws/src/install/trolley_interfaces/share/trolley_interfaces/cmake/trolley_interfaces__rosidl_typesupport_cExport.cmake\n'}
[1.479433] (trolley_interfaces) StdoutLine: {'line': b'-- Up-to-date: /home/zuiken/Documents/ichosai_2026_trolley/ros2_ws/src/install/trolley_interfaces/share/trolley_interfaces/cmake/trolley_interfaces__rosidl_typesupport_cExport-noconfig.cmake\n'}
[1.479698] (trolley_interfaces) StdoutLine: {'line': b'-- Up-to-date: /home/zuiken/Documents/ichosai_2026_trolley/ros2_ws/src/install/trolley_interfaces/share/trolley_interfaces/cmake/export_trolley_interfaces__rosidl_generator_cppExport.cmake\n'}
[1.479820] (trolley_interfaces) StdoutLine: {'line': b'-- Up-to-date: /home/zuiken/Documents/ichosai_2026_trolley/ros2_ws/src/install/trolley_interfaces/share/trolley_interfaces/cmake/export_trolley_interfaces__rosidl_typesupport_fastrtps_cppExport.cmake\n'}
[1.479915] (trolley_interfaces) StdoutLine: {'line': b'-- Up-to-date: /home/zuiken/Documents/ichosai_2026_trolley/ros2_ws/src/install/trolley_interfaces/share/trolley_interfaces/cmake/export_trolley_interfaces__rosidl_typesupport_fastrtps_cppExport-noconfig.cmake\n'}
[1.480096] (trolley_interfaces) StdoutLine: {'line': b'-- Up-to-date: /home/zuiken/Documents/ichosai_2026_trolley/ros2_ws/src/install/trolley_interfaces/share/trolley_interfaces/cmake/trolley_interfaces__rosidl_typesupport_introspection_cppExport.cmake\n'}
[1.480197] (trolley_interfaces) StdoutLine: {'line': b'-- Up-to-date: /home/zuiken/Documents/ichosai_2026_trolley/ros2_ws/src/install/trolley_interfaces/share/trolley_interfaces/cmake/trolley_interfaces__rosidl_typesupport_introspection_cppExport-noconfig.cmake\n'}
[1.480288] (trolley_interfaces) StdoutLine: {'line': b'-- Up-to-date: /home/zuiken/Documents/ichosai_2026_trolley/ros2_ws/src/install/trolley_interfaces/share/trolley_interfaces/cmake/trolley_interfaces__rosidl_typesupport_cppExport.cmake\n'}
[1.480375] (trolley_interfaces) StdoutLine: {'line': b'-- Up-to-date: /home/zuiken/Documents/ichosai_2026_trolley/ros2_ws/src/install/trolley_interfaces/share/trolley_interfaces/cmake/trolley_interfaces__rosidl_typesupport_cppExport-noconfig.cmake\n'}
[1.480461] (trolley_interfaces) StdoutLine: {'line': b'-- Up-to-date: /home/zuiken/Documents/ichosai_2026_trolley/ros2_ws/src/install/trolley_interfaces/share/trolley_interfaces/cmake/export_trolley_interfaces__rosidl_generator_pyExport.cmake\n'}
[1.480547] (trolley_interfaces) StdoutLine: {'line': b'-- Up-to-date: /home/zuiken/Documents/ichosai_2026_trolley/ros2_ws/src/install/trolley_interfaces/share/trolley_interfaces/cmake/export_trolley_interfaces__rosidl_generator_pyExport-noconfig.cmake\n'}
[1.480633] (trolley_interfaces) StdoutLine: {'line': b'-- Up-to-date: /home/zuiken/Documents/ichosai_2026_trolley/ros2_ws/src/install/trolley_interfaces/share/trolley_interfaces/cmake/rosidl_cmake-extras.cmake\n'}
[1.480737] (trolley_interfaces) StdoutLine: {'line': b'-- Up-to-date: /home/zuiken/Documents/ichosai_2026_trolley/ros2_ws/src/install/trolley_interfaces/share/trolley_interfaces/cmake/ament_cmake_export_dependencies-extras.cmake\n'}
[1.480831] (trolley_interfaces) StdoutLine: {'line': b'-- Up-to-date: /home/zuiken/Documents/ichosai_2026_trolley/ros2_ws/src/install/trolley_interfaces/share/trolley_interfaces/cmake/ament_cmake_export_include_directories-extras.cmake\n'}
[1.480919] (trolley_interfaces) StdoutLine: {'line': b'-- Up-to-date: /home/zuiken/Documents/ichosai_2026_trolley/ros2_ws/src/install/trolley_interfaces/share/trolley_interfaces/cmake/ament_cmake_export_libraries-extras.cmake\n'}
[1.481005] (trolley_interfaces) StdoutLine: {'line': b'-- Up-to-date: /home/zuiken/Documents/ichosai_2026_trolley/ros2_ws/src/install/trolley_interfaces/share/trolley_interfaces/cmake/ament_cmake_export_targets-extras.cmake\n'}
[1.481091] (trolley_interfaces) StdoutLine: {'line': b'-- Up-to-date: /home/zuiken/Documents/ichosai_2026_trolley/ros2_ws/src/install/trolley_interfaces/share/trolley_interfaces/cmake/rosidl_cmake_export_typesupport_targets-extras.cmake\n'}
[1.481177] (trolley_interfaces) StdoutLine: {'line': b'-- Up-to-date: /home/zuiken/Documents/ichosai_2026_trolley/ros2_ws/src/install/trolley_interfaces/share/trolley_interfaces/cmake/rosidl_cmake_export_typesupport_libraries-extras.cmake\n'}
[1.481271] (trolley_interfaces) StdoutLine: {'line': b'-- Up-to-date: /home/zuiken/Documents/ichosai_2026_trolley/ros2_ws/src/install/trolley_interfaces/share/trolley_interfaces/cmake/rosidl_cmake_aggregate_target-extras.cmake\n'}
[1.481357] (trolley_interfaces) StdoutLine: {'line': b'-- Up-to-date: /home/zuiken/Documents/ichosai_2026_trolley/ros2_ws/src/install/trolley_interfaces/share/trolley_interfaces/cmake/trolley_interfacesConfig.cmake\n'}
[1.481441] (trolley_interfaces) StdoutLine: {'line': b'-- Up-to-date: /home/zuiken/Documents/ichosai_2026_trolley/ros2_ws/src/install/trolley_interfaces/share/trolley_interfaces/cmake/trolley_interfacesConfig-version.cmake\n'}
[1.481526] (trolley_interfaces) StdoutLine: {'line': b'-- Up-to-date: /home/zuiken/Documents/ichosai_2026_trolley/ros2_ws/src/install/trolley_interfaces/share/trolley_interfaces/package.xml\n'}
[1.508303] (-) TimerEvent: {}
[1.608667] (-) TimerEvent: {}
[1.709057] (-) TimerEvent: {}
[1.809411] (-) TimerEvent: {}
[1.909740] (-) TimerEvent: {}
[2.010052] (-) TimerEvent: {}
[2.110399] (-) TimerEvent: {}
[2.149119] (trolley_interfaces) CommandEnded: {'returncode': 0}
[2.210503] (-) TimerEvent: {}
[2.310842] (-) TimerEvent: {}
[2.411222] (-) TimerEvent: {}
[2.511579] (-) TimerEvent: {}
[2.612309] (-) TimerEvent: {}
[2.712657] (-) TimerEvent: {}
[2.782800] (trolley_interfaces) JobEnded: {'identifier': 'trolley_interfaces', 'rc': 0}
[2.783254] (trolley_api) JobStarted: {'identifier': 'trolley_api'}
[2.791354] (joy_teleop) Command: {'cmd': ['/usr/bin/python3', '-W', 'ignore:setup.py install is deprecated', '-W', 'ignore:easy_install command is deprecated', 'setup.py', 'egg_info', '--egg-base', '../build/joy_teleop', 'build', '--build-base', '/home/zuiken/Documents/ichosai_2026_trolley/ros2_ws/src/build/joy_teleop/build', 'install', '--record', '/home/zuiken/Documents/ichosai_2026_trolley/ros2_ws/src/build/joy_teleop/install.log', '--install-scripts', '$base/lib/joy_teleop', '--single-version-externally-managed', 'install_data'], 'cwd': '/home/zuiken/Documents/ichosai_2026_trolley/ros2_ws/src/joy_teleop', 'env': {'LESSOPEN': '| /usr/bin/lesspipe %s', 'USER': 'zuiken', 'SSH_CLIENT': 'fe80::6602:f97c:cba5:7eae%wlan0 59220 22', 'XDG_SESSION_TYPE': 'tty', 'GIT_ASKPASS': '/home/zuiken/.vscode-server/cli/servers/Stable-a44adf7f53e00964ab890f9f8758a334f1fc15bc/server/extensions/git/dist/askpass.sh', 'SHLVL': '1', 'LD_LIBRARY_PATH': '/home/zuiken/Documents/ichosai_2026_trolley/ros2_ws/src/install/trolley_interfaces/lib:/opt/ros/jazzy/opt/rviz_ogre_vendor/lib:/opt/ros/jazzy/lib/aarch64-linux-gnu:/opt/ros/jazzy/opt/gz_math_vendor/lib:/opt/ros/jazzy/opt/gz_utils_vendor/lib:/opt/ros/jazzy/opt/gz_cmake_vendor/lib:/opt/ros/jazzy/lib', 'BROWSER': '/home/zuiken/.vscode-server/cli/servers/Stable-a44adf7f53e00964ab890f9f8758a334f1fc15bc/server/bin/helpers/browser.sh', 'HOME': '/home/zuiken', 'OLDPWD': '/home/zuiken/Documents/ichosai_2026_trolley/ros2_ws', 'TERM_PROGRAM_VERSION': '1.136.1', 'VSCODE_IPC_HOOK_CLI': '/run/user/1000/vscode-ipc-c36184e9-140e-4b1b-9d23-fae309b2ab8d.sock', 'ROS_PYTHON_VERSION': '3', 'VSCODE_GIT_ASKPASS_MAIN': '/home/zuiken/.vscode-server/cli/servers/Stable-a44adf7f53e00964ab890f9f8758a334f1fc15bc/server/extensions/git/dist/askpass-main.js', 'VSCODE_GIT_ASKPASS_NODE': '/home/zuiken/.vscode-server/cli/servers/Stable-a44adf7f53e00964ab890f9f8758a334f1fc15bc/server/node', 'VSCODE_PYTHON_AUTOACTIVATE_GUARD': '1', 'DBUS_SESSION_BUS_ADDRESS': 'unix:path=/run/user/1000/bus', 'COLORTERM': 'truecolor', 'COLCON_PREFIX_PATH': '/home/zuiken/Documents/ichosai_2026_trolley/ros2_ws/src/install', 'ROS_DISTRO': 'jazzy', 'LOGNAME': 'zuiken', '_': '/usr/bin/colcon', 'ROS_VERSION': '2', 'XDG_SESSION_CLASS': 'user', 'TERM': 'xterm-256color', 'XDG_SESSION_ID': '3', 'PATH': '/opt/ros/jazzy/bin:/home/zuiken/.vscode-server/data/User/globalStorage/github.copilot-chat/debugCommand:/home/zuiken/.vscode-server/data/User/globalStorage/github.copilot-chat/copilotCli:/home/zuiken/.vscode-server/cli/servers/Stable-a44adf7f53e00964ab890f9f8758a334f1fc15bc/server/bin/remote-cli:/usr/local/sbin:/usr/local/bin:/usr/sbin:/usr/bin:/sbin:/bin:/usr/games:/usr/local/games:/snap/bin', 'XDG_RUNTIME_DIR': '/run/user/1000', 'LANG': 'C.UTF-8', 'LS_COLORS': 'rs=0:di=01;34:ln=01;36:mh=00:pi=40;33:so=01;35:do=01;35:bd=40;33;01:cd=40;33;01:or=40;31;01:mi=00:su=37;41:sg=30;43:ca=00:tw=30;42:ow=34;42:st=37;44:ex=01;32:*.tar=01;31:*.tgz=01;31:*.arc=01;31:*.arj=01;31:*.taz=01;31:*.lha=01;31:*.lz4=01;31:*.lzh=01;31:*.lzma=01;31:*.tlz=01;31:*.txz=01;31:*.tzo=01;31:*.t7z=01;31:*.zip=01;31:*.z=01;31:*.dz=01;31:*.gz=01;31:*.lrz=01;31:*.lz=01;31:*.lzo=01;31:*.xz=01;31:*.zst=01;31:*.tzst=01;31:*.bz2=01;31:*.bz=01;31:*.tbz=01;31:*.tbz2=01;31:*.tz=01;31:*.deb=01;31:*.rpm=01;31:*.jar=01;31:*.war=01;31:*.ear=01;31:*.sar=01;31:*.rar=01;31:*.alz=01;31:*.ace=01;31:*.zoo=01;31:*.cpio=01;31:*.7z=01;31:*.rz=01;31:*.cab=01;31:*.wim=01;31:*.swm=01;31:*.dwm=01;31:*.esd=01;31:*.avif=01;35:*.jpg=01;35:*.jpeg=01;35:*.mjpg=01;35:*.mjpeg=01;35:*.gif=01;35:*.bmp=01;35:*.pbm=01;35:*.pgm=01;35:*.ppm=01;35:*.tga=01;35:*.xbm=01;35:*.xpm=01;35:*.tif=01;35:*.tiff=01;35:*.png=01;35:*.svg=01;35:*.svgz=01;35:*.mng=01;35:*.pcx=01;35:*.mov=01;35:*.mpg=01;35:*.mpeg=01;35:*.m2v=01;35:*.mkv=01;35:*.webm=01;35:*.webp=01;35:*.ogm=01;35:*.mp4=01;35:*.m4v=01;35:*.mp4v=01;35:*.vob=01;35:*.qt=01;35:*.nuv=01;35:*.wmv=01;35:*.asf=01;35:*.rm=01;35:*.rmvb=01;35:*.flc=01;35:*.avi=01;35:*.fli=01;35:*.flv=01;35:*.gl=01;35:*.dl=01;35:*.xcf=01;35:*.xwd=01;35:*.yuv=01;35:*.cgm=01;35:*.emf=01;35:*.ogv=01;35:*.ogx=01;35:*.aac=00;36:*.au=00;36:*.flac=00;36:*.m4a=00;36:*.mid=00;36:*.midi=00;36:*.mka=00;36:*.mp3=00;36:*.mpc=00;36:*.ogg=00;36:*.ra=00;36:*.wav=00;36:*.oga=00;36:*.opus=00;36:*.spx=00;36:*.xspf=00;36:*~=00;90:*#=00;90:*.bak=00;90:*.crdownload=00;90:*.dpkg-dist=00;90:*.dpkg-new=00;90:*.dpkg-old=00;90:*.dpkg-tmp=00;90:*.old=00;90:*.orig=00;90:*.part=00;90:*.rej=00;90:*.rpmnew=00;90:*.rpmorig=00;90:*.rpmsave=00;90:*.swp=00;90:*.tmp=00;90:*.ucf-dist=00;90:*.ucf-new=00;90:*.ucf-old=00;90:', 'VSCODE_GIT_IPC_HANDLE': '/run/user/1000/vscode-git-3264b45195.sock', 'TERM_PROGRAM': 'vscode', 'AMENT_PREFIX_PATH': '/home/zuiken/Documents/ichosai_2026_trolley/ros2_ws/src/install/trolley_drive:/home/zuiken/Documents/ichosai_2026_trolley/ros2_ws/src/install/trolley_api:/home/zuiken/Documents/ichosai_2026_trolley/ros2_ws/src/install/trolley_interfaces:/home/zuiken/Documents/ichosai_2026_trolley/ros2_ws/src/install/trolley_cmd_mux:/home/zuiken/Documents/ichosai_2026_trolley/ros2_ws/src/install/trolley_bringup:/home/zuiken/Documents/ichosai_2026_trolley/ros2_ws/src/install/joy_teleop:/opt/ros/jazzy', 'SHELL': '/bin/bash', 'LESSCLOSE': '/usr/bin/lesspipe %s %s', 'ROS_AUTOMATIC_DISCOVERY_RANGE': 'SUBNET', 'VSCODE_GIT_ASKPASS_EXTRA_ARGS': '', 'PWD': '/home/zuiken/Documents/ichosai_2026_trolley/ros2_ws/src/build/joy_teleop', 'COPILOT_DEBUG_NONCE': '588d225576d72e8c3f0154716e9a6b5b', 'SSH_CONNECTION': 'fe80::6602:f97c:cba5:7eae%wlan0 59220 fe80::54fc:92a4:ab0f:dff3%wlan0 22', 'PYTHONPATH': '/home/zuiken/Documents/ichosai_2026_trolley/ros2_ws/src/build/joy_teleop/prefix_override:/usr/lib/python3/dist-packages/colcon_core/task/python/colcon_distutils_commands:/home/zuiken/Documents/ichosai_2026_trolley/ros2_ws/src/install/joy_teleop/lib/python3.12/site-packages:/home/zuiken/Documents/ichosai_2026_trolley/ros2_ws/src/install/trolley_drive/lib/python3.12/site-packages:/home/zuiken/Documents/ichosai_2026_trolley/ros2_ws/src/install/trolley_api/lib/python3.12/site-packages:/home/zuiken/Documents/ichosai_2026_trolley/ros2_ws/src/install/trolley_interfaces/lib/python3.12/site-packages:/home/zuiken/Documents/ichosai_2026_trolley/ros2_ws/src/install/trolley_cmd_mux/lib/python3.12/site-packages:/home/zuiken/Documents/ichosai_2026_trolley/ros2_ws/src/install/trolley_bringup/lib/python3.12/site-packages:/home/zuiken/Documents/ichosai_2026_trolley/ros2_ws/src/install/joy_teleop/lib/python3.12/site-packages:/opt/ros/jazzy/lib/python3.12/site-packages', 'COLCON': '1', 'CMAKE_PREFIX_PATH': '/home/zuiken/Documents/ichosai_2026_trolley/ros2_ws/src/install/trolley_interfaces:/opt/ros/jazzy/opt/gz_math_vendor:/opt/ros/jazzy/opt/gz_utils_vendor:/opt/ros/jazzy/opt/gz_cmake_vendor'}, 'shell': False}
[2.812782] (-) TimerEvent: {}
[2.913863] (-) TimerEvent: {}
[3.014250] (-) TimerEvent: {}
[3.116077] (-) TimerEvent: {}
[3.219009] (-) TimerEvent: {}
[3.315813] (joy_teleop) StdoutLine: {'line': b'running egg_info\n'}
[3.319125] (-) TimerEvent: {}
[3.348818] (joy_teleop) StdoutLine: {'line': b'writing ../build/joy_teleop/joy_teleop.egg-info/PKG-INFO\n'}
[3.615351] (-) TimerEvent: {}
[3.615883] (joy_teleop) StdoutLine: {'line': b'writing dependency_links to ../build/joy_teleop/joy_teleop.egg-info/dependency_links.txt\n'}
[3.616192] (joy_teleop) StdoutLine: {'line': b'writing entry points to ../build/joy_teleop/joy_teleop.egg-info/entry_points.txt\n'}
[3.616368] (joy_teleop) StdoutLine: {'line': b'writing requirements to ../build/joy_teleop/joy_teleop.egg-info/requires.txt\n'}
[3.616523] (joy_teleop) StdoutLine: {'line': b'writing top-level names to ../build/joy_teleop/joy_teleop.egg-info/top_level.txt\n'}
[3.674086] (joy_teleop) StdoutLine: {'line': b"reading manifest file '../build/joy_teleop/joy_teleop.egg-info/SOURCES.txt'\n"}
[3.675160] (joy_teleop) StdoutLine: {'line': b"writing manifest file '../build/joy_teleop/joy_teleop.egg-info/SOURCES.txt'\n"}
[3.675372] (joy_teleop) StdoutLine: {'line': b'running build\n'}
[3.675530] (joy_teleop) StdoutLine: {'line': b'running build_py\n'}
[3.675863] (joy_teleop) StdoutLine: {'line': b'running install\n'}
[3.685073] (joy_teleop) StdoutLine: {'line': b'running install_lib\n'}
[3.712265] (joy_teleop) StdoutLine: {'line': b'running install_data\n'}
[3.712533] (joy_teleop) StdoutLine: {'line': b'running install_egg_info\n'}
[3.715411] (-) TimerEvent: {}
[3.740898] (joy_teleop) StdoutLine: {'line': b"removing '/home/zuiken/Documents/ichosai_2026_trolley/ros2_ws/src/install/joy_teleop/lib/python3.12/site-packages/joy_teleop-0.0.0-py3.12.egg-info' (and everything under it)\n"}
[3.741451] (joy_teleop) StdoutLine: {'line': b'Copying ../build/joy_teleop/joy_teleop.egg-info to /home/zuiken/Documents/ichosai_2026_trolley/ros2_ws/src/install/joy_teleop/lib/python3.12/site-packages/joy_teleop-0.0.0-py3.12.egg-info\n'}
[3.742829] (joy_teleop) StdoutLine: {'line': b'running install_scripts\n'}
[3.760536] (trolley_bringup) Command: {'cmd': ['/usr/bin/python3', '-W', 'ignore:setup.py install is deprecated', '-W', 'ignore:easy_install command is deprecated', 'setup.py', 'egg_info', '--egg-base', '../build/trolley_bringup', 'build', '--build-base', '/home/zuiken/Documents/ichosai_2026_trolley/ros2_ws/src/build/trolley_bringup/build', 'install', '--record', '/home/zuiken/Documents/ichosai_2026_trolley/ros2_ws/src/build/trolley_bringup/install.log', '--install-scripts', '$base/lib/trolley_bringup', '--single-version-externally-managed', 'install_data'], 'cwd': '/home/zuiken/Documents/ichosai_2026_trolley/ros2_ws/src/trolley_bringup', 'env': {'LESSOPEN': '| /usr/bin/lesspipe %s', 'USER': 'zuiken', 'SSH_CLIENT': 'fe80::6602:f97c:cba5:7eae%wlan0 59220 22', 'XDG_SESSION_TYPE': 'tty', 'GIT_ASKPASS': '/home/zuiken/.vscode-server/cli/servers/Stable-a44adf7f53e00964ab890f9f8758a334f1fc15bc/server/extensions/git/dist/askpass.sh', 'SHLVL': '1', 'LD_LIBRARY_PATH': '/home/zuiken/Documents/ichosai_2026_trolley/ros2_ws/src/install/trolley_interfaces/lib:/opt/ros/jazzy/opt/rviz_ogre_vendor/lib:/opt/ros/jazzy/lib/aarch64-linux-gnu:/opt/ros/jazzy/opt/gz_math_vendor/lib:/opt/ros/jazzy/opt/gz_utils_vendor/lib:/opt/ros/jazzy/opt/gz_cmake_vendor/lib:/opt/ros/jazzy/lib', 'BROWSER': '/home/zuiken/.vscode-server/cli/servers/Stable-a44adf7f53e00964ab890f9f8758a334f1fc15bc/server/bin/helpers/browser.sh', 'HOME': '/home/zuiken', 'OLDPWD': '/home/zuiken/Documents/ichosai_2026_trolley/ros2_ws', 'TERM_PROGRAM_VERSION': '1.136.1', 'VSCODE_IPC_HOOK_CLI': '/run/user/1000/vscode-ipc-c36184e9-140e-4b1b-9d23-fae309b2ab8d.sock', 'ROS_PYTHON_VERSION': '3', 'VSCODE_GIT_ASKPASS_MAIN': '/home/zuiken/.vscode-server/cli/servers/Stable-a44adf7f53e00964ab890f9f8758a334f1fc15bc/server/extensions/git/dist/askpass-main.js', 'VSCODE_GIT_ASKPASS_NODE': '/home/zuiken/.vscode-server/cli/servers/Stable-a44adf7f53e00964ab890f9f8758a334f1fc15bc/server/node', 'VSCODE_PYTHON_AUTOACTIVATE_GUARD': '1', 'DBUS_SESSION_BUS_ADDRESS': 'unix:path=/run/user/1000/bus', 'COLORTERM': 'truecolor', 'COLCON_PREFIX_PATH': '/home/zuiken/Documents/ichosai_2026_trolley/ros2_ws/src/install', 'ROS_DISTRO': 'jazzy', 'LOGNAME': 'zuiken', '_': '/usr/bin/colcon', 'ROS_VERSION': '2', 'XDG_SESSION_CLASS': 'user', 'TERM': 'xterm-256color', 'XDG_SESSION_ID': '3', 'PATH': '/opt/ros/jazzy/bin:/home/zuiken/.vscode-server/data/User/globalStorage/github.copilot-chat/debugCommand:/home/zuiken/.vscode-server/data/User/globalStorage/github.copilot-chat/copilotCli:/home/zuiken/.vscode-server/cli/servers/Stable-a44adf7f53e00964ab890f9f8758a334f1fc15bc/server/bin/remote-cli:/usr/local/sbin:/usr/local/bin:/usr/sbin:/usr/bin:/sbin:/bin:/usr/games:/usr/local/games:/snap/bin', 'XDG_RUNTIME_DIR': '/run/user/1000', 'LANG': 'C.UTF-8', 'LS_COLORS': 'rs=0:di=01;34:ln=01;36:mh=00:pi=40;33:so=01;35:do=01;35:bd=40;33;01:cd=40;33;01:or=40;31;01:mi=00:su=37;41:sg=30;43:ca=00:tw=30;42:ow=34;42:st=37;44:ex=01;32:*.tar=01;31:*.tgz=01;31:*.arc=01;31:*.arj=01;31:*.taz=01;31:*.lha=01;31:*.lz4=01;31:*.lzh=01;31:*.lzma=01;31:*.tlz=01;31:*.txz=01;31:*.tzo=01;31:*.t7z=01;31:*.zip=01;31:*.z=01;31:*.dz=01;31:*.gz=01;31:*.lrz=01;31:*.lz=01;31:*.lzo=01;31:*.xz=01;31:*.zst=01;31:*.tzst=01;31:*.bz2=01;31:*.bz=01;31:*.tbz=01;31:*.tbz2=01;31:*.tz=01;31:*.deb=01;31:*.rpm=01;31:*.jar=01;31:*.war=01;31:*.ear=01;31:*.sar=01;31:*.rar=01;31:*.alz=01;31:*.ace=01;31:*.zoo=01;31:*.cpio=01;31:*.7z=01;31:*.rz=01;31:*.cab=01;31:*.wim=01;31:*.swm=01;31:*.dwm=01;31:*.esd=01;31:*.avif=01;35:*.jpg=01;35:*.jpeg=01;35:*.mjpg=01;35:*.mjpeg=01;35:*.gif=01;35:*.bmp=01;35:*.pbm=01;35:*.pgm=01;35:*.ppm=01;35:*.tga=01;35:*.xbm=01;35:*.xpm=01;35:*.tif=01;35:*.tiff=01;35:*.png=01;35:*.svg=01;35:*.svgz=01;35:*.mng=01;35:*.pcx=01;35:*.mov=01;35:*.mpg=01;35:*.mpeg=01;35:*.m2v=01;35:*.mkv=01;35:*.webm=01;35:*.webp=01;35:*.ogm=01;35:*.mp4=01;35:*.m4v=01;35:*.mp4v=01;35:*.vob=01;35:*.qt=01;35:*.nuv=01;35:*.wmv=01;35:*.asf=01;35:*.rm=01;35:*.rmvb=01;35:*.flc=01;35:*.avi=01;35:*.fli=01;35:*.flv=01;35:*.gl=01;35:*.dl=01;35:*.xcf=01;35:*.xwd=01;35:*.yuv=01;35:*.cgm=01;35:*.emf=01;35:*.ogv=01;35:*.ogx=01;35:*.aac=00;36:*.au=00;36:*.flac=00;36:*.m4a=00;36:*.mid=00;36:*.midi=00;36:*.mka=00;36:*.mp3=00;36:*.mpc=00;36:*.ogg=00;36:*.ra=00;36:*.wav=00;36:*.oga=00;36:*.opus=00;36:*.spx=00;36:*.xspf=00;36:*~=00;90:*#=00;90:*.bak=00;90:*.crdownload=00;90:*.dpkg-dist=00;90:*.dpkg-new=00;90:*.dpkg-old=00;90:*.dpkg-tmp=00;90:*.old=00;90:*.orig=00;90:*.part=00;90:*.rej=00;90:*.rpmnew=00;90:*.rpmorig=00;90:*.rpmsave=00;90:*.swp=00;90:*.tmp=00;90:*.ucf-dist=00;90:*.ucf-new=00;90:*.ucf-old=00;90:', 'VSCODE_GIT_IPC_HANDLE': '/run/user/1000/vscode-git-3264b45195.sock', 'TERM_PROGRAM': 'vscode', 'AMENT_PREFIX_PATH': '/home/zuiken/Documents/ichosai_2026_trolley/ros2_ws/src/install/trolley_drive:/home/zuiken/Documents/ichosai_2026_trolley/ros2_ws/src/install/trolley_api:/home/zuiken/Documents/ichosai_2026_trolley/ros2_ws/src/install/trolley_interfaces:/home/zuiken/Documents/ichosai_2026_trolley/ros2_ws/src/install/trolley_cmd_mux:/home/zuiken/Documents/ichosai_2026_trolley/ros2_ws/src/install/trolley_bringup:/home/zuiken/Documents/ichosai_2026_trolley/ros2_ws/src/install/joy_teleop:/opt/ros/jazzy', 'SHELL': '/bin/bash', 'LESSCLOSE': '/usr/bin/lesspipe %s %s', 'ROS_AUTOMATIC_DISCOVERY_RANGE': 'SUBNET', 'VSCODE_GIT_ASKPASS_EXTRA_ARGS': '', 'PWD': '/home/zuiken/Documents/ichosai_2026_trolley/ros2_ws/src/build/trolley_bringup', 'COPILOT_DEBUG_NONCE': '588d225576d72e8c3f0154716e9a6b5b', 'SSH_CONNECTION': 'fe80::6602:f97c:cba5:7eae%wlan0 59220 fe80::54fc:92a4:ab0f:dff3%wlan0 22', 'PYTHONPATH': '/home/zuiken/Documents/ichosai_2026_trolley/ros2_ws/src/build/trolley_bringup/prefix_override:/usr/lib/python3/dist-packages/colcon_core/task/python/colcon_distutils_commands:/home/zuiken/Documents/ichosai_2026_trolley/ros2_ws/src/install/trolley_bringup/lib/python3.12/site-packages:/home/zuiken/Documents/ichosai_2026_trolley/ros2_ws/src/install/trolley_drive/lib/python3.12/site-packages:/home/zuiken/Documents/ichosai_2026_trolley/ros2_ws/src/install/trolley_api/lib/python3.12/site-packages:/home/zuiken/Documents/ichosai_2026_trolley/ros2_ws/src/install/trolley_interfaces/lib/python3.12/site-packages:/home/zuiken/Documents/ichosai_2026_trolley/ros2_ws/src/install/trolley_cmd_mux/lib/python3.12/site-packages:/home/zuiken/Documents/ichosai_2026_trolley/ros2_ws/src/install/trolley_bringup/lib/python3.12/site-packages:/home/zuiken/Documents/ichosai_2026_trolley/ros2_ws/src/install/joy_teleop/lib/python3.12/site-packages:/opt/ros/jazzy/lib/python3.12/site-packages', 'COLCON': '1', 'CMAKE_PREFIX_PATH': '/home/zuiken/Documents/ichosai_2026_trolley/ros2_ws/src/install/trolley_interfaces:/opt/ros/jazzy/opt/gz_math_vendor:/opt/ros/jazzy/opt/gz_utils_vendor:/opt/ros/jazzy/opt/gz_cmake_vendor'}, 'shell': False}
[3.764293] (trolley_cmd_mux) Command: {'cmd': ['/usr/bin/python3', '-W', 'ignore:setup.py install is deprecated', '-W', 'ignore:easy_install command is deprecated', 'setup.py', 'egg_info', '--egg-base', '../build/trolley_cmd_mux', 'build', '--build-base', '/home/zuiken/Documents/ichosai_2026_trolley/ros2_ws/src/build/trolley_cmd_mux/build', 'install', '--record', '/home/zuiken/Documents/ichosai_2026_trolley/ros2_ws/src/build/trolley_cmd_mux/install.log', '--install-scripts', '$base/lib/trolley_cmd_mux', '--single-version-externally-managed', 'install_data'], 'cwd': '/home/zuiken/Documents/ichosai_2026_trolley/ros2_ws/src/trolley_cmd_mux', 'env': {'LESSOPEN': '| /usr/bin/lesspipe %s', 'USER': 'zuiken', 'SSH_CLIENT': 'fe80::6602:f97c:cba5:7eae%wlan0 59220 22', 'XDG_SESSION_TYPE': 'tty', 'GIT_ASKPASS': '/home/zuiken/.vscode-server/cli/servers/Stable-a44adf7f53e00964ab890f9f8758a334f1fc15bc/server/extensions/git/dist/askpass.sh', 'SHLVL': '1', 'LD_LIBRARY_PATH': '/home/zuiken/Documents/ichosai_2026_trolley/ros2_ws/src/install/trolley_interfaces/lib:/opt/ros/jazzy/opt/rviz_ogre_vendor/lib:/opt/ros/jazzy/lib/aarch64-linux-gnu:/opt/ros/jazzy/opt/gz_math_vendor/lib:/opt/ros/jazzy/opt/gz_utils_vendor/lib:/opt/ros/jazzy/opt/gz_cmake_vendor/lib:/opt/ros/jazzy/lib', 'BROWSER': '/home/zuiken/.vscode-server/cli/servers/Stable-a44adf7f53e00964ab890f9f8758a334f1fc15bc/server/bin/helpers/browser.sh', 'HOME': '/home/zuiken', 'OLDPWD': '/home/zuiken/Documents/ichosai_2026_trolley/ros2_ws', 'TERM_PROGRAM_VERSION': '1.136.1', 'VSCODE_IPC_HOOK_CLI': '/run/user/1000/vscode-ipc-c36184e9-140e-4b1b-9d23-fae309b2ab8d.sock', 'ROS_PYTHON_VERSION': '3', 'VSCODE_GIT_ASKPASS_MAIN': '/home/zuiken/.vscode-server/cli/servers/Stable-a44adf7f53e00964ab890f9f8758a334f1fc15bc/server/extensions/git/dist/askpass-main.js', 'VSCODE_GIT_ASKPASS_NODE': '/home/zuiken/.vscode-server/cli/servers/Stable-a44adf7f53e00964ab890f9f8758a334f1fc15bc/server/node', 'VSCODE_PYTHON_AUTOACTIVATE_GUARD': '1', 'DBUS_SESSION_BUS_ADDRESS': 'unix:path=/run/user/1000/bus', 'COLORTERM': 'truecolor', 'COLCON_PREFIX_PATH': '/home/zuiken/Documents/ichosai_2026_trolley/ros2_ws/src/install', 'ROS_DISTRO': 'jazzy', 'LOGNAME': 'zuiken', '_': '/usr/bin/colcon', 'ROS_VERSION': '2', 'XDG_SESSION_CLASS': 'user', 'TERM': 'xterm-256color', 'XDG_SESSION_ID': '3', 'PATH': '/opt/ros/jazzy/bin:/home/zuiken/.vscode-server/data/User/globalStorage/github.copilot-chat/debugCommand:/home/zuiken/.vscode-server/data/User/globalStorage/github.copilot-chat/copilotCli:/home/zuiken/.vscode-server/cli/servers/Stable-a44adf7f53e00964ab890f9f8758a334f1fc15bc/server/bin/remote-cli:/usr/local/sbin:/usr/local/bin:/usr/sbin:/usr/bin:/sbin:/bin:/usr/games:/usr/local/games:/snap/bin', 'XDG_RUNTIME_DIR': '/run/user/1000', 'LANG': 'C.UTF-8', 'LS_COLORS': 'rs=0:di=01;34:ln=01;36:mh=00:pi=40;33:so=01;35:do=01;35:bd=40;33;01:cd=40;33;01:or=40;31;01:mi=00:su=37;41:sg=30;43:ca=00:tw=30;42:ow=34;42:st=37;44:ex=01;32:*.tar=01;31:*.tgz=01;31:*.arc=01;31:*.arj=01;31:*.taz=01;31:*.lha=01;31:*.lz4=01;31:*.lzh=01;31:*.lzma=01;31:*.tlz=01;31:*.txz=01;31:*.tzo=01;31:*.t7z=01;31:*.zip=01;31:*.z=01;31:*.dz=01;31:*.gz=01;31:*.lrz=01;31:*.lz=01;31:*.lzo=01;31:*.xz=01;31:*.zst=01;31:*.tzst=01;31:*.bz2=01;31:*.bz=01;31:*.tbz=01;31:*.tbz2=01;31:*.tz=01;31:*.deb=01;31:*.rpm=01;31:*.jar=01;31:*.war=01;31:*.ear=01;31:*.sar=01;31:*.rar=01;31:*.alz=01;31:*.ace=01;31:*.zoo=01;31:*.cpio=01;31:*.7z=01;31:*.rz=01;31:*.cab=01;31:*.wim=01;31:*.swm=01;31:*.dwm=01;31:*.esd=01;31:*.avif=01;35:*.jpg=01;35:*.jpeg=01;35:*.mjpg=01;35:*.mjpeg=01;35:*.gif=01;35:*.bmp=01;35:*.pbm=01;35:*.pgm=01;35:*.ppm=01;35:*.tga=01;35:*.xbm=01;35:*.xpm=01;35:*.tif=01;35:*.tiff=01;35:*.png=01;35:*.svg=01;35:*.svgz=01;35:*.mng=01;35:*.pcx=01;35:*.mov=01;35:*.mpg=01;35:*.mpeg=01;35:*.m2v=01;35:*.mkv=01;35:*.webm=01;35:*.webp=01;35:*.ogm=01;35:*.mp4=01;35:*.m4v=01;35:*.mp4v=01;35:*.vob=01;35:*.qt=01;35:*.nuv=01;35:*.wmv=01;35:*.asf=01;35:*.rm=01;35:*.rmvb=01;35:*.flc=01;35:*.avi=01;35:*.fli=01;35:*.flv=01;35:*.gl=01;35:*.dl=01;35:*.xcf=01;35:*.xwd=01;35:*.yuv=01;35:*.cgm=01;35:*.emf=01;35:*.ogv=01;35:*.ogx=01;35:*.aac=00;36:*.au=00;36:*.flac=00;36:*.m4a=00;36:*.mid=00;36:*.midi=00;36:*.mka=00;36:*.mp3=00;36:*.mpc=00;36:*.ogg=00;36:*.ra=00;36:*.wav=00;36:*.oga=00;36:*.opus=00;36:*.spx=00;36:*.xspf=00;36:*~=00;90:*#=00;90:*.bak=00;90:*.crdownload=00;90:*.dpkg-dist=00;90:*.dpkg-new=00;90:*.dpkg-old=00;90:*.dpkg-tmp=00;90:*.old=00;90:*.orig=00;90:*.part=00;90:*.rej=00;90:*.rpmnew=00;90:*.rpmorig=00;90:*.rpmsave=00;90:*.swp=00;90:*.tmp=00;90:*.ucf-dist=00;90:*.ucf-new=00;90:*.ucf-old=00;90:', 'VSCODE_GIT_IPC_HANDLE': '/run/user/1000/vscode-git-3264b45195.sock', 'TERM_PROGRAM': 'vscode', 'AMENT_PREFIX_PATH': '/home/zuiken/Documents/ichosai_2026_trolley/ros2_ws/src/install/trolley_drive:/home/zuiken/Documents/ichosai_2026_trolley/ros2_ws/src/install/trolley_api:/home/zuiken/Documents/ichosai_2026_trolley/ros2_ws/src/install/trolley_interfaces:/home/zuiken/Documents/ichosai_2026_trolley/ros2_ws/src/install/trolley_cmd_mux:/home/zuiken/Documents/ichosai_2026_trolley/ros2_ws/src/install/trolley_bringup:/home/zuiken/Documents/ichosai_2026_trolley/ros2_ws/src/install/joy_teleop:/opt/ros/jazzy', 'SHELL': '/bin/bash', 'LESSCLOSE': '/usr/bin/lesspipe %s %s', 'ROS_AUTOMATIC_DISCOVERY_RANGE': 'SUBNET', 'VSCODE_GIT_ASKPASS_EXTRA_ARGS': '', 'PWD': '/home/zuiken/Documents/ichosai_2026_trolley/ros2_ws/src/build/trolley_cmd_mux', 'COPILOT_DEBUG_NONCE': '588d225576d72e8c3f0154716e9a6b5b', 'SSH_CONNECTION': 'fe80::6602:f97c:cba5:7eae%wlan0 59220 fe80::54fc:92a4:ab0f:dff3%wlan0 22', 'PYTHONPATH': '/home/zuiken/Documents/ichosai_2026_trolley/ros2_ws/src/build/trolley_cmd_mux/prefix_override:/usr/lib/python3/dist-packages/colcon_core/task/python/colcon_distutils_commands:/home/zuiken/Documents/ichosai_2026_trolley/ros2_ws/src/install/trolley_cmd_mux/lib/python3.12/site-packages:/home/zuiken/Documents/ichosai_2026_trolley/ros2_ws/src/install/trolley_drive/lib/python3.12/site-packages:/home/zuiken/Documents/ichosai_2026_trolley/ros2_ws/src/install/trolley_api/lib/python3.12/site-packages:/home/zuiken/Documents/ichosai_2026_trolley/ros2_ws/src/install/trolley_interfaces/lib/python3.12/site-packages:/home/zuiken/Documents/ichosai_2026_trolley/ros2_ws/src/install/trolley_cmd_mux/lib/python3.12/site-packages:/home/zuiken/Documents/ichosai_2026_trolley/ros2_ws/src/install/trolley_bringup/lib/python3.12/site-packages:/home/zuiken/Documents/ichosai_2026_trolley/ros2_ws/src/install/joy_teleop/lib/python3.12/site-packages:/opt/ros/jazzy/lib/python3.12/site-packages', 'COLCON': '1', 'CMAKE_PREFIX_PATH': '/home/zuiken/Documents/ichosai_2026_trolley/ros2_ws/src/install/trolley_interfaces:/opt/ros/jazzy/opt/gz_math_vendor:/opt/ros/jazzy/opt/gz_utils_vendor:/opt/ros/jazzy/opt/gz_cmake_vendor'}, 'shell': False}
[3.815538] (-) TimerEvent: {}
[3.917838] (-) TimerEvent: {}
[3.988345] (joy_teleop) StdoutLine: {'line': b'Installing joy_teleop script to /home/zuiken/Documents/ichosai_2026_trolley/ros2_ws/src/install/joy_teleop/lib/joy_teleop\n'}
[4.017930] (-) TimerEvent: {}
[4.058404] (joy_teleop) StdoutLine: {'line': b"writing list of installed files to '/home/zuiken/Documents/ichosai_2026_trolley/ros2_ws/src/build/joy_teleop/install.log'\n"}
[4.118086] (-) TimerEvent: {}
[4.204189] (joy_teleop) CommandEnded: {'returncode': 0}
[4.213617] (joy_teleop) JobEnded: {'identifier': 'joy_teleop', 'rc': 0}
[4.214509] (trolley_drive) JobStarted: {'identifier': 'trolley_drive'}
[4.218165] (-) TimerEvent: {}
[4.266971] (trolley_cmd_mux) StdoutLine: {'line': b'running egg_info\n'}
[4.282284] (trolley_bringup) StdoutLine: {'line': b'running egg_info\n'}
[4.294546] (trolley_cmd_mux) StdoutLine: {'line': b'writing ../build/trolley_cmd_mux/trolley_cmd_mux.egg-info/PKG-INFO\n'}
[4.313059] (trolley_bringup) StdoutLine: {'line': b'writing ../build/trolley_bringup/trolley_bringup.egg-info/PKG-INFO\n'}
[4.318273] (-) TimerEvent: {}
[4.393073] (trolley_cmd_mux) StdoutLine: {'line': b'writing dependency_links to ../build/trolley_cmd_mux/trolley_cmd_mux.egg-info/dependency_links.txt\n'}
[4.393512] (trolley_cmd_mux) StdoutLine: {'line': b'writing entry points to ../build/trolley_cmd_mux/trolley_cmd_mux.egg-info/entry_points.txt\n'}
[4.394778] (trolley_cmd_mux) StdoutLine: {'line': b'writing requirements to ../build/trolley_cmd_mux/trolley_cmd_mux.egg-info/requires.txt\n'}
[4.394973] (trolley_cmd_mux) StdoutLine: {'line': b'writing top-level names to ../build/trolley_cmd_mux/trolley_cmd_mux.egg-info/top_level.txt\n'}
[4.418367] (-) TimerEvent: {}
[4.452491] (trolley_cmd_mux) StdoutLine: {'line': b"reading manifest file '../build/trolley_cmd_mux/trolley_cmd_mux.egg-info/SOURCES.txt'\n"}
[4.453659] (trolley_cmd_mux) StdoutLine: {'line': b"writing manifest file '../build/trolley_cmd_mux/trolley_cmd_mux.egg-info/SOURCES.txt'\n"}
[4.453938] (trolley_cmd_mux) StdoutLine: {'line': b'running build\n'}
[4.454052] (trolley_cmd_mux) StdoutLine: {'line': b'running build_py\n'}
[4.454447] (trolley_cmd_mux) StdoutLine: {'line': b'running install\n'}
[4.464335] (trolley_cmd_mux) StdoutLine: {'line': b'running install_lib\n'}
[4.497869] (trolley_cmd_mux) StdoutLine: {'line': b'running install_data\n'}
[4.498164] (trolley_cmd_mux) StdoutLine: {'line': b'running install_egg_info\n'}
[4.518472] (-) TimerEvent: {}
[4.529461] (trolley_cmd_mux) StdoutLine: {'line': b"removing '/home/zuiken/Documents/ichosai_2026_trolley/ros2_ws/src/install/trolley_cmd_mux/lib/python3.12/site-packages/trolley_cmd_mux-0.0.0-py3.12.egg-info' (and everything under it)\n"}
[4.529955] (trolley_cmd_mux) StdoutLine: {'line': b'Copying ../build/trolley_cmd_mux/trolley_cmd_mux.egg-info to /home/zuiken/Documents/ichosai_2026_trolley/ros2_ws/src/install/trolley_cmd_mux/lib/python3.12/site-packages/trolley_cmd_mux-0.0.0-py3.12.egg-info\n'}
[4.531289] (trolley_cmd_mux) StdoutLine: {'line': b'running install_scripts\n'}
[4.612846] (trolley_bringup) StdoutLine: {'line': b'writing dependency_links to ../build/trolley_bringup/trolley_bringup.egg-info/dependency_links.txt\n'}
[4.613172] (trolley_bringup) StdoutLine: {'line': b'writing requirements to ../build/trolley_bringup/trolley_bringup.egg-info/requires.txt\n'}
[4.613288] (trolley_bringup) StdoutLine: {'line': b'writing top-level names to ../build/trolley_bringup/trolley_bringup.egg-info/top_level.txt\n'}
[4.620760] (-) TimerEvent: {}
[4.692655] (trolley_bringup) StdoutLine: {'line': b"reading manifest file '../build/trolley_bringup/trolley_bringup.egg-info/SOURCES.txt'\n"}
[4.694550] (trolley_bringup) StdoutLine: {'line': b"writing manifest file '../build/trolley_bringup/trolley_bringup.egg-info/SOURCES.txt'\n"}
[4.695150] (trolley_bringup) StdoutLine: {'line': b'running build\n'}
[4.695388] (trolley_bringup) StdoutLine: {'line': b'running build_py\n'}
[4.695782] (trolley_bringup) StdoutLine: {'line': b'running install\n'}
[4.711838] (trolley_bringup) StdoutLine: {'line': b'running install_lib\n'}
[4.723736] (-) TimerEvent: {}
[4.742327] (trolley_bringup) StdoutLine: {'line': b'running install_data\n'}
[4.742586] (trolley_bringup) StdoutLine: {'line': b'running install_egg_info\n'}
[4.764532] (trolley_cmd_mux) StdoutLine: {'line': b'Installing cmd_vel_mux script to /home/zuiken/Documents/ichosai_2026_trolley/ros2_ws/src/install/trolley_cmd_mux/lib/trolley_cmd_mux\n'}
[4.766853] (trolley_cmd_mux) StdoutLine: {'line': b"writing list of installed files to '/home/zuiken/Documents/ichosai_2026_trolley/ros2_ws/src/build/trolley_cmd_mux/install.log'\n"}
[4.785736] (trolley_bringup) StdoutLine: {'line': b"removing '/home/zuiken/Documents/ichosai_2026_trolley/ros2_ws/src/install/trolley_bringup/lib/python3.12/site-packages/trolley_bringup-0.0.0-py3.12.egg-info' (and everything under it)\n"}
[4.786003] (trolley_bringup) StdoutLine: {'line': b'Copying ../build/trolley_bringup/trolley_bringup.egg-info to /home/zuiken/Documents/ichosai_2026_trolley/ros2_ws/src/install/trolley_bringup/lib/python3.12/site-packages/trolley_bringup-0.0.0-py3.12.egg-info\n'}
[4.786167] (trolley_bringup) StdoutLine: {'line': b'running install_scripts\n'}
[4.823854] (-) TimerEvent: {}
[4.924903] (-) TimerEvent: {}
[5.025273] (-) TimerEvent: {}
[5.025582] (trolley_bringup) StdoutLine: {'line': b"writing list of installed files to '/home/zuiken/Documents/ichosai_2026_trolley/ros2_ws/src/build/trolley_bringup/install.log'\n"}
[5.064778] (trolley_api) Command: {'cmd': ['/usr/bin/python3', '-W', 'ignore:setup.py install is deprecated', '-W', 'ignore:easy_install command is deprecated', 'setup.py', 'egg_info', '--egg-base', '../build/trolley_api', 'build', '--build-base', '/home/zuiken/Documents/ichosai_2026_trolley/ros2_ws/src/build/trolley_api/build', 'install', '--record', '/home/zuiken/Documents/ichosai_2026_trolley/ros2_ws/src/build/trolley_api/install.log', '--install-scripts', '$base/lib/trolley_api', '--single-version-externally-managed', 'install_data'], 'cwd': '/home/zuiken/Documents/ichosai_2026_trolley/ros2_ws/src/trolley_api', 'env': {'LESSOPEN': '| /usr/bin/lesspipe %s', 'USER': 'zuiken', 'SSH_CLIENT': 'fe80::6602:f97c:cba5:7eae%wlan0 59220 22', 'XDG_SESSION_TYPE': 'tty', 'GIT_ASKPASS': '/home/zuiken/.vscode-server/cli/servers/Stable-a44adf7f53e00964ab890f9f8758a334f1fc15bc/server/extensions/git/dist/askpass.sh', 'SHLVL': '1', 'LD_LIBRARY_PATH': '/home/zuiken/Documents/ichosai_2026_trolley/ros2_ws/src/install/trolley_interfaces/lib:/opt/ros/jazzy/opt/rviz_ogre_vendor/lib:/opt/ros/jazzy/lib/aarch64-linux-gnu:/opt/ros/jazzy/opt/gz_math_vendor/lib:/opt/ros/jazzy/opt/gz_utils_vendor/lib:/opt/ros/jazzy/opt/gz_cmake_vendor/lib:/opt/ros/jazzy/lib', 'BROWSER': '/home/zuiken/.vscode-server/cli/servers/Stable-a44adf7f53e00964ab890f9f8758a334f1fc15bc/server/bin/helpers/browser.sh', 'HOME': '/home/zuiken', 'OLDPWD': '/home/zuiken/Documents/ichosai_2026_trolley/ros2_ws', 'TERM_PROGRAM_VERSION': '1.136.1', 'VSCODE_IPC_HOOK_CLI': '/run/user/1000/vscode-ipc-c36184e9-140e-4b1b-9d23-fae309b2ab8d.sock', 'ROS_PYTHON_VERSION': '3', 'VSCODE_GIT_ASKPASS_MAIN': '/home/zuiken/.vscode-server/cli/servers/Stable-a44adf7f53e00964ab890f9f8758a334f1fc15bc/server/extensions/git/dist/askpass-main.js', 'VSCODE_GIT_ASKPASS_NODE': '/home/zuiken/.vscode-server/cli/servers/Stable-a44adf7f53e00964ab890f9f8758a334f1fc15bc/server/node', 'VSCODE_PYTHON_AUTOACTIVATE_GUARD': '1', 'DBUS_SESSION_BUS_ADDRESS': 'unix:path=/run/user/1000/bus', 'COLORTERM': 'truecolor', 'COLCON_PREFIX_PATH': '/home/zuiken/Documents/ichosai_2026_trolley/ros2_ws/src/install', 'ROS_DISTRO': 'jazzy', 'LOGNAME': 'zuiken', '_': '/usr/bin/colcon', 'ROS_VERSION': '2', 'XDG_SESSION_CLASS': 'user', 'TERM': 'xterm-256color', 'XDG_SESSION_ID': '3', 'PATH': '/opt/ros/jazzy/bin:/home/zuiken/.vscode-server/data/User/globalStorage/github.copilot-chat/debugCommand:/home/zuiken/.vscode-server/data/User/globalStorage/github.copilot-chat/copilotCli:/home/zuiken/.vscode-server/cli/servers/Stable-a44adf7f53e00964ab890f9f8758a334f1fc15bc/server/bin/remote-cli:/usr/local/sbin:/usr/local/bin:/usr/sbin:/usr/bin:/sbin:/bin:/usr/games:/usr/local/games:/snap/bin', 'XDG_RUNTIME_DIR': '/run/user/1000', 'LANG': 'C.UTF-8', 'LS_COLORS': 'rs=0:di=01;34:ln=01;36:mh=00:pi=40;33:so=01;35:do=01;35:bd=40;33;01:cd=40;33;01:or=40;31;01:mi=00:su=37;41:sg=30;43:ca=00:tw=30;42:ow=34;42:st=37;44:ex=01;32:*.tar=01;31:*.tgz=01;31:*.arc=01;31:*.arj=01;31:*.taz=01;31:*.lha=01;31:*.lz4=01;31:*.lzh=01;31:*.lzma=01;31:*.tlz=01;31:*.txz=01;31:*.tzo=01;31:*.t7z=01;31:*.zip=01;31:*.z=01;31:*.dz=01;31:*.gz=01;31:*.lrz=01;31:*.lz=01;31:*.lzo=01;31:*.xz=01;31:*.zst=01;31:*.tzst=01;31:*.bz2=01;31:*.bz=01;31:*.tbz=01;31:*.tbz2=01;31:*.tz=01;31:*.deb=01;31:*.rpm=01;31:*.jar=01;31:*.war=01;31:*.ear=01;31:*.sar=01;31:*.rar=01;31:*.alz=01;31:*.ace=01;31:*.zoo=01;31:*.cpio=01;31:*.7z=01;31:*.rz=01;31:*.cab=01;31:*.wim=01;31:*.swm=01;31:*.dwm=01;31:*.esd=01;31:*.avif=01;35:*.jpg=01;35:*.jpeg=01;35:*.mjpg=01;35:*.mjpeg=01;35:*.gif=01;35:*.bmp=01;35:*.pbm=01;35:*.pgm=01;35:*.ppm=01;35:*.tga=01;35:*.xbm=01;35:*.xpm=01;35:*.tif=01;35:*.tiff=01;35:*.png=01;35:*.svg=01;35:*.svgz=01;35:*.mng=01;35:*.pcx=01;35:*.mov=01;35:*.mpg=01;35:*.mpeg=01;35:*.m2v=01;35:*.mkv=01;35:*.webm=01;35:*.webp=01;35:*.ogm=01;35:*.mp4=01;35:*.m4v=01;35:*.mp4v=01;35:*.vob=01;35:*.qt=01;35:*.nuv=01;35:*.wmv=01;35:*.asf=01;35:*.rm=01;35:*.rmvb=01;35:*.flc=01;35:*.avi=01;35:*.fli=01;35:*.flv=01;35:*.gl=01;35:*.dl=01;35:*.xcf=01;35:*.xwd=01;35:*.yuv=01;35:*.cgm=01;35:*.emf=01;35:*.ogv=01;35:*.ogx=01;35:*.aac=00;36:*.au=00;36:*.flac=00;36:*.m4a=00;36:*.mid=00;36:*.midi=00;36:*.mka=00;36:*.mp3=00;36:*.mpc=00;36:*.ogg=00;36:*.ra=00;36:*.wav=00;36:*.oga=00;36:*.opus=00;36:*.spx=00;36:*.xspf=00;36:*~=00;90:*#=00;90:*.bak=00;90:*.crdownload=00;90:*.dpkg-dist=00;90:*.dpkg-new=00;90:*.dpkg-old=00;90:*.dpkg-tmp=00;90:*.old=00;90:*.orig=00;90:*.part=00;90:*.rej=00;90:*.rpmnew=00;90:*.rpmorig=00;90:*.rpmsave=00;90:*.swp=00;90:*.tmp=00;90:*.ucf-dist=00;90:*.ucf-new=00;90:*.ucf-old=00;90:', 'VSCODE_GIT_IPC_HANDLE': '/run/user/1000/vscode-git-3264b45195.sock', 'TERM_PROGRAM': 'vscode', 'AMENT_PREFIX_PATH': '/home/zuiken/Documents/ichosai_2026_trolley/ros2_ws/src/install/trolley_drive:/home/zuiken/Documents/ichosai_2026_trolley/ros2_ws/src/install/trolley_api:/home/zuiken/Documents/ichosai_2026_trolley/ros2_ws/src/install/trolley_interfaces:/home/zuiken/Documents/ichosai_2026_trolley/ros2_ws/src/install/trolley_cmd_mux:/home/zuiken/Documents/ichosai_2026_trolley/ros2_ws/src/install/trolley_bringup:/home/zuiken/Documents/ichosai_2026_trolley/ros2_ws/src/install/joy_teleop:/opt/ros/jazzy', 'SHELL': '/bin/bash', 'LESSCLOSE': '/usr/bin/lesspipe %s %s', 'ROS_AUTOMATIC_DISCOVERY_RANGE': 'SUBNET', 'VSCODE_GIT_ASKPASS_EXTRA_ARGS': '', 'PWD': '/home/zuiken/Documents/ichosai_2026_trolley/ros2_ws/src/build/trolley_api', 'COPILOT_DEBUG_NONCE': '588d225576d72e8c3f0154716e9a6b5b', 'SSH_CONNECTION': 'fe80::6602:f97c:cba5:7eae%wlan0 59220 fe80::54fc:92a4:ab0f:dff3%wlan0 22', 'PYTHONPATH': '/home/zuiken/Documents/ichosai_2026_trolley/ros2_ws/src/build/trolley_api/prefix_override:/usr/lib/python3/dist-packages/colcon_core/task/python/colcon_distutils_commands:/home/zuiken/Documents/ichosai_2026_trolley/ros2_ws/src/install/trolley_api/lib/python3.12/site-packages:/home/zuiken/Documents/ichosai_2026_trolley/ros2_ws/src/install/trolley_interfaces/lib/python3.12/site-packages:/home/zuiken/Documents/ichosai_2026_trolley/ros2_ws/src/install/trolley_drive/lib/python3.12/site-packages:/home/zuiken/Documents/ichosai_2026_trolley/ros2_ws/src/install/trolley_api/lib/python3.12/site-packages:/home/zuiken/Documents/ichosai_2026_trolley/ros2_ws/src/install/trolley_cmd_mux/lib/python3.12/site-packages:/home/zuiken/Documents/ichosai_2026_trolley/ros2_ws/src/install/trolley_bringup/lib/python3.12/site-packages:/home/zuiken/Documents/ichosai_2026_trolley/ros2_ws/src/install/joy_teleop/lib/python3.12/site-packages:/opt/ros/jazzy/lib/python3.12/site-packages', 'COLCON': '1', 'CMAKE_PREFIX_PATH': '/home/zuiken/Documents/ichosai_2026_trolley/ros2_ws/src/install/trolley_interfaces:/opt/ros/jazzy/opt/gz_math_vendor:/opt/ros/jazzy/opt/gz_utils_vendor:/opt/ros/jazzy/opt/gz_cmake_vendor'}, 'shell': False}
[5.070088] (trolley_cmd_mux) CommandEnded: {'returncode': 0}
[5.125433] (-) TimerEvent: {}
[5.226459] (-) TimerEvent: {}
[5.326791] (-) TimerEvent: {}
[5.427110] (-) TimerEvent: {}
[5.473029] (trolley_api) StdoutLine: {'line': b'running egg_info\n'}
[5.499128] (trolley_api) StdoutLine: {'line': b'writing ../build/trolley_api/trolley_api.egg-info/PKG-INFO\n'}
[5.527218] (-) TimerEvent: {}
[5.627612] (-) TimerEvent: {}
[5.664705] (trolley_api) StdoutLine: {'line': b'writing dependency_links to ../build/trolley_api/trolley_api.egg-info/dependency_links.txt\n'}
[5.727717] (-) TimerEvent: {}
[5.817170] (trolley_cmd_mux) JobEnded: {'identifier': 'trolley_cmd_mux', 'rc': 0}
[6.005836] (-) TimerEvent: {}
[6.006028] (trolley_bringup) CommandEnded: {'returncode': 0}
[6.006457] (trolley_api) StdoutLine: {'line': b'writing entry points to ../build/trolley_api/trolley_api.egg-info/entry_points.txt\n'}
[6.105934] (-) TimerEvent: {}
[6.206279] (-) TimerEvent: {}
[6.219172] (trolley_bringup) JobEnded: {'identifier': 'trolley_bringup', 'rc': 0}
[6.636904] (-) TimerEvent: {}
[6.637103] (trolley_drive) Command: {'cmd': ['/usr/bin/python3', '-W', 'ignore:setup.py install is deprecated', '-W', 'ignore:easy_install command is deprecated', 'setup.py', 'egg_info', '--egg-base', '../build/trolley_drive', 'build', '--build-base', '/home/zuiken/Documents/ichosai_2026_trolley/ros2_ws/src/build/trolley_drive/build', 'install', '--record', '/home/zuiken/Documents/ichosai_2026_trolley/ros2_ws/src/build/trolley_drive/install.log', '--install-scripts', '$base/lib/trolley_drive', '--single-version-externally-managed', 'install_data'], 'cwd': '/home/zuiken/Documents/ichosai_2026_trolley/ros2_ws/src/trolley_drive', 'env': {'LESSOPEN': '| /usr/bin/lesspipe %s', 'USER': 'zuiken', 'SSH_CLIENT': 'fe80::6602:f97c:cba5:7eae%wlan0 59220 22', 'XDG_SESSION_TYPE': 'tty', 'GIT_ASKPASS': '/home/zuiken/.vscode-server/cli/servers/Stable-a44adf7f53e00964ab890f9f8758a334f1fc15bc/server/extensions/git/dist/askpass.sh', 'SHLVL': '1', 'LD_LIBRARY_PATH': '/home/zuiken/Documents/ichosai_2026_trolley/ros2_ws/src/install/trolley_interfaces/lib:/opt/ros/jazzy/opt/rviz_ogre_vendor/lib:/opt/ros/jazzy/lib/aarch64-linux-gnu:/opt/ros/jazzy/opt/gz_math_vendor/lib:/opt/ros/jazzy/opt/gz_utils_vendor/lib:/opt/ros/jazzy/opt/gz_cmake_vendor/lib:/opt/ros/jazzy/lib', 'BROWSER': '/home/zuiken/.vscode-server/cli/servers/Stable-a44adf7f53e00964ab890f9f8758a334f1fc15bc/server/bin/helpers/browser.sh', 'HOME': '/home/zuiken', 'OLDPWD': '/home/zuiken/Documents/ichosai_2026_trolley/ros2_ws', 'TERM_PROGRAM_VERSION': '1.136.1', 'VSCODE_IPC_HOOK_CLI': '/run/user/1000/vscode-ipc-c36184e9-140e-4b1b-9d23-fae309b2ab8d.sock', 'ROS_PYTHON_VERSION': '3', 'VSCODE_GIT_ASKPASS_MAIN': '/home/zuiken/.vscode-server/cli/servers/Stable-a44adf7f53e00964ab890f9f8758a334f1fc15bc/server/extensions/git/dist/askpass-main.js', 'VSCODE_GIT_ASKPASS_NODE': '/home/zuiken/.vscode-server/cli/servers/Stable-a44adf7f53e00964ab890f9f8758a334f1fc15bc/server/node', 'VSCODE_PYTHON_AUTOACTIVATE_GUARD': '1', 'DBUS_SESSION_BUS_ADDRESS': 'unix:path=/run/user/1000/bus', 'COLORTERM': 'truecolor', 'COLCON_PREFIX_PATH': '/home/zuiken/Documents/ichosai_2026_trolley/ros2_ws/src/install', 'ROS_DISTRO': 'jazzy', 'LOGNAME': 'zuiken', '_': '/usr/bin/colcon', 'ROS_VERSION': '2', 'XDG_SESSION_CLASS': 'user', 'TERM': 'xterm-256color', 'XDG_SESSION_ID': '3', 'PATH': '/opt/ros/jazzy/bin:/home/zuiken/.vscode-server/data/User/globalStorage/github.copilot-chat/debugCommand:/home/zuiken/.vscode-server/data/User/globalStorage/github.copilot-chat/copilotCli:/home/zuiken/.vscode-server/cli/servers/Stable-a44adf7f53e00964ab890f9f8758a334f1fc15bc/server/bin/remote-cli:/usr/local/sbin:/usr/local/bin:/usr/sbin:/usr/bin:/sbin:/bin:/usr/games:/usr/local/games:/snap/bin', 'XDG_RUNTIME_DIR': '/run/user/1000', 'LANG': 'C.UTF-8', 'LS_COLORS': 'rs=0:di=01;34:ln=01;36:mh=00:pi=40;33:so=01;35:do=01;35:bd=40;33;01:cd=40;33;01:or=40;31;01:mi=00:su=37;41:sg=30;43:ca=00:tw=30;42:ow=34;42:st=37;44:ex=01;32:*.tar=01;31:*.tgz=01;31:*.arc=01;31:*.arj=01;31:*.taz=01;31:*.lha=01;31:*.lz4=01;31:*.lzh=01;31:*.lzma=01;31:*.tlz=01;31:*.txz=01;31:*.tzo=01;31:*.t7z=01;31:*.zip=01;31:*.z=01;31:*.dz=01;31:*.gz=01;31:*.lrz=01;31:*.lz=01;31:*.lzo=01;31:*.xz=01;31:*.zst=01;31:*.tzst=01;31:*.bz2=01;31:*.bz=01;31:*.tbz=01;31:*.tbz2=01;31:*.tz=01;31:*.deb=01;31:*.rpm=01;31:*.jar=01;31:*.war=01;31:*.ear=01;31:*.sar=01;31:*.rar=01;31:*.alz=01;31:*.ace=01;31:*.zoo=01;31:*.cpio=01;31:*.7z=01;31:*.rz=01;31:*.cab=01;31:*.wim=01;31:*.swm=01;31:*.dwm=01;31:*.esd=01;31:*.avif=01;35:*.jpg=01;35:*.jpeg=01;35:*.mjpg=01;35:*.mjpeg=01;35:*.gif=01;35:*.bmp=01;35:*.pbm=01;35:*.pgm=01;35:*.ppm=01;35:*.tga=01;35:*.xbm=01;35:*.xpm=01;35:*.tif=01;35:*.tiff=01;35:*.png=01;35:*.svg=01;35:*.svgz=01;35:*.mng=01;35:*.pcx=01;35:*.mov=01;35:*.mpg=01;35:*.mpeg=01;35:*.m2v=01;35:*.mkv=01;35:*.webm=01;35:*.webp=01;35:*.ogm=01;35:*.mp4=01;35:*.m4v=01;35:*.mp4v=01;35:*.vob=01;35:*.qt=01;35:*.nuv=01;35:*.wmv=01;35:*.asf=01;35:*.rm=01;35:*.rmvb=01;35:*.flc=01;35:*.avi=01;35:*.fli=01;35:*.flv=01;35:*.gl=01;35:*.dl=01;35:*.xcf=01;35:*.xwd=01;35:*.yuv=01;35:*.cgm=01;35:*.emf=01;35:*.ogv=01;35:*.ogx=01;35:*.aac=00;36:*.au=00;36:*.flac=00;36:*.m4a=00;36:*.mid=00;36:*.midi=00;36:*.mka=00;36:*.mp3=00;36:*.mpc=00;36:*.ogg=00;36:*.ra=00;36:*.wav=00;36:*.oga=00;36:*.opus=00;36:*.spx=00;36:*.xspf=00;36:*~=00;90:*#=00;90:*.bak=00;90:*.crdownload=00;90:*.dpkg-dist=00;90:*.dpkg-new=00;90:*.dpkg-old=00;90:*.dpkg-tmp=00;90:*.old=00;90:*.orig=00;90:*.part=00;90:*.rej=00;90:*.rpmnew=00;90:*.rpmorig=00;90:*.rpmsave=00;90:*.swp=00;90:*.tmp=00;90:*.ucf-dist=00;90:*.ucf-new=00;90:*.ucf-old=00;90:', 'VSCODE_GIT_IPC_HANDLE': '/run/user/1000/vscode-git-3264b45195.sock', 'TERM_PROGRAM': 'vscode', 'AMENT_PREFIX_PATH': '/home/zuiken/Documents/ichosai_2026_trolley/ros2_ws/src/install/trolley_drive:/home/zuiken/Documents/ichosai_2026_trolley/ros2_ws/src/install/trolley_api:/home/zuiken/Documents/ichosai_2026_trolley/ros2_ws/src/install/trolley_interfaces:/home/zuiken/Documents/ichosai_2026_trolley/ros2_ws/src/install/trolley_cmd_mux:/home/zuiken/Documents/ichosai_2026_trolley/ros2_ws/src/install/trolley_bringup:/home/zuiken/Documents/ichosai_2026_trolley/ros2_ws/src/install/joy_teleop:/opt/ros/jazzy', 'SHELL': '/bin/bash', 'LESSCLOSE': '/usr/bin/lesspipe %s %s', 'ROS_AUTOMATIC_DISCOVERY_RANGE': 'SUBNET', 'VSCODE_GIT_ASKPASS_EXTRA_ARGS': '', 'PWD': '/home/zuiken/Documents/ichosai_2026_trolley/ros2_ws/src/build/trolley_drive', 'COPILOT_DEBUG_NONCE': '588d225576d72e8c3f0154716e9a6b5b', 'SSH_CONNECTION': 'fe80::6602:f97c:cba5:7eae%wlan0 59220 fe80::54fc:92a4:ab0f:dff3%wlan0 22', 'PYTHONPATH': '/home/zuiken/Documents/ichosai_2026_trolley/ros2_ws/src/build/trolley_drive/prefix_override:/usr/lib/python3/dist-packages/colcon_core/task/python/colcon_distutils_commands:/home/zuiken/Documents/ichosai_2026_trolley/ros2_ws/src/install/trolley_drive/lib/python3.12/site-packages:/home/zuiken/Documents/ichosai_2026_trolley/ros2_ws/src/install/trolley_interfaces/lib/python3.12/site-packages:/home/zuiken/Documents/ichosai_2026_trolley/ros2_ws/src/install/trolley_drive/lib/python3.12/site-packages:/home/zuiken/Documents/ichosai_2026_trolley/ros2_ws/src/install/trolley_api/lib/python3.12/site-packages:/home/zuiken/Documents/ichosai_2026_trolley/ros2_ws/src/install/trolley_cmd_mux/lib/python3.12/site-packages:/home/zuiken/Documents/ichosai_2026_trolley/ros2_ws/src/install/trolley_bringup/lib/python3.12/site-packages:/home/zuiken/Documents/ichosai_2026_trolley/ros2_ws/src/install/joy_teleop/lib/python3.12/site-packages:/opt/ros/jazzy/lib/python3.12/site-packages', 'COLCON': '1', 'CMAKE_PREFIX_PATH': '/home/zuiken/Documents/ichosai_2026_trolley/ros2_ws/src/install/trolley_interfaces:/opt/ros/jazzy/opt/gz_math_vendor:/opt/ros/jazzy/opt/gz_utils_vendor:/opt/ros/jazzy/opt/gz_cmake_vendor'}, 'shell': False}
[6.638044] (trolley_api) StdoutLine: {'line': b'writing requirements to ../build/trolley_api/trolley_api.egg-info/requires.txt\n'}
[6.638184] (trolley_api) StdoutLine: {'line': b'writing top-level names to ../build/trolley_api/trolley_api.egg-info/top_level.txt\n'}
[6.638286] (trolley_api) StdoutLine: {'line': b"reading manifest file '../build/trolley_api/trolley_api.egg-info/SOURCES.txt'\n"}
[6.638379] (trolley_api) StdoutLine: {'line': b"writing manifest file '../build/trolley_api/trolley_api.egg-info/SOURCES.txt'\n"}
[6.638471] (trolley_api) StdoutLine: {'line': b'running build\n'}
[6.638563] (trolley_api) StdoutLine: {'line': b'running build_py\n'}
[6.638660] (trolley_api) StdoutLine: {'line': b'running install\n'}
[6.638795] (trolley_api) StdoutLine: {'line': b'running install_lib\n'}
[6.638884] (trolley_api) StdoutLine: {'line': b'running install_data\n'}
[6.638968] (trolley_api) StdoutLine: {'line': b'running install_egg_info\n'}
[6.639053] (trolley_api) StdoutLine: {'line': b"removing '/home/zuiken/Documents/ichosai_2026_trolley/ros2_ws/src/install/trolley_api/lib/python3.12/site-packages/trolley_api-0.0.0-py3.12.egg-info' (and everything under it)\n"}
[6.639144] (trolley_api) StdoutLine: {'line': b'Copying ../build/trolley_api/trolley_api.egg-info to /home/zuiken/Documents/ichosai_2026_trolley/ros2_ws/src/install/trolley_api/lib/python3.12/site-packages/trolley_api-0.0.0-py3.12.egg-info\n'}
[6.639232] (trolley_api) StdoutLine: {'line': b'running install_scripts\n'}
[6.737002] (-) TimerEvent: {}
[6.748043] (trolley_api) StdoutLine: {'line': b'Installing api_server script to /home/zuiken/Documents/ichosai_2026_trolley/ros2_ws/src/install/trolley_api/lib/trolley_api\n'}
[6.767353] (trolley_drive) StdoutLine: {'line': b'running egg_info\n'}
[6.794216] (trolley_drive) StdoutLine: {'line': b'writing ../build/trolley_drive/trolley_drive.egg-info/PKG-INFO\n'}
[6.797194] (trolley_api) StdoutLine: {'line': b"writing list of installed files to '/home/zuiken/Documents/ichosai_2026_trolley/ros2_ws/src/build/trolley_api/install.log'\n"}
[6.837128] (-) TimerEvent: {}
[6.937525] (-) TimerEvent: {}
[6.948076] (trolley_drive) StdoutLine: {'line': b'writing dependency_links to ../build/trolley_drive/trolley_drive.egg-info/dependency_links.txt\n'}
[7.037647] (-) TimerEvent: {}
[7.138044] (-) TimerEvent: {}
[7.188189] (trolley_api) CommandEnded: {'returncode': 0}
[7.238152] (-) TimerEvent: {}
[7.255902] (trolley_drive) StdoutLine: {'line': b'writing entry points to ../build/trolley_drive/trolley_drive.egg-info/entry_points.txt\n'}
[7.338277] (-) TimerEvent: {}
[7.438659] (-) TimerEvent: {}
[7.539044] (-) TimerEvent: {}
[7.546552] (trolley_drive) StdoutLine: {'line': b'writing requirements to ../build/trolley_drive/trolley_drive.egg-info/requires.txt\n'}
[7.639161] (-) TimerEvent: {}
[7.739540] (-) TimerEvent: {}
[7.835753] (trolley_drive) StdoutLine: {'line': b'writing top-level names to ../build/trolley_drive/trolley_drive.egg-info/top_level.txt\n'}
[7.839610] (-) TimerEvent: {}
[7.933692] (trolley_api) JobEnded: {'identifier': 'trolley_api', 'rc': 0}
[8.233126] (-) TimerEvent: {}
[8.233348] (trolley_drive) StdoutLine: {'line': b"reading manifest file '../build/trolley_drive/trolley_drive.egg-info/SOURCES.txt'\n"}
[8.233633] (trolley_drive) StdoutLine: {'line': b"writing manifest file '../build/trolley_drive/trolley_drive.egg-info/SOURCES.txt'\n"}
[8.238479] (trolley_drive) StdoutLine: {'line': b'running build\n'}
[8.238786] (trolley_drive) StdoutLine: {'line': b'running build_py\n'}
[8.239073] (trolley_drive) StdoutLine: {'line': b'copying trolley_drive/drive_node.py -> /home/zuiken/Documents/ichosai_2026_trolley/ros2_ws/src/build/trolley_drive/build/lib/trolley_drive\n'}
[8.239824] (trolley_drive) StdoutLine: {'line': b'running install\n'}
[8.252250] (trolley_drive) StdoutLine: {'line': b'running install_lib\n'}
[8.280211] (trolley_drive) StdoutLine: {'line': b'copying /home/zuiken/Documents/ichosai_2026_trolley/ros2_ws/src/build/trolley_drive/build/lib/trolley_drive/drive_node.py -> /home/zuiken/Documents/ichosai_2026_trolley/ros2_ws/src/install/trolley_drive/lib/python3.12/site-packages/trolley_drive\n'}
[8.281192] (trolley_drive) StdoutLine: {'line': b'byte-compiling /home/zuiken/Documents/ichosai_2026_trolley/ros2_ws/src/install/trolley_drive/lib/python3.12/site-packages/trolley_drive/drive_node.py to drive_node.cpython-312.pyc\n'}
[8.283381] (trolley_drive) StdoutLine: {'line': b'running install_data\n'}
[8.283559] (trolley_drive) StdoutLine: {'line': b'running install_egg_info\n'}
[8.312328] (trolley_drive) StdoutLine: {'line': b"removing '/home/zuiken/Documents/ichosai_2026_trolley/ros2_ws/src/install/trolley_drive/lib/python3.12/site-packages/trolley_drive-0.0.0-py3.12.egg-info' (and everything under it)\n"}
[8.312862] (trolley_drive) StdoutLine: {'line': b'Copying ../build/trolley_drive/trolley_drive.egg-info to /home/zuiken/Documents/ichosai_2026_trolley/ros2_ws/src/install/trolley_drive/lib/python3.12/site-packages/trolley_drive-0.0.0-py3.12.egg-info\n'}
[8.314199] (trolley_drive) StdoutLine: {'line': b'running install_scripts\n'}
[8.333193] (-) TimerEvent: {}
[8.433448] (-) TimerEvent: {}
[8.499162] (trolley_drive) StdoutLine: {'line': b'Installing drive_node script to /home/zuiken/Documents/ichosai_2026_trolley/ros2_ws/src/install/trolley_drive/lib/trolley_drive\n'}
[8.499756] (trolley_drive) StdoutLine: {'line': b"writing list of installed files to '/home/zuiken/Documents/ichosai_2026_trolley/ros2_ws/src/build/trolley_drive/install.log'\n"}
[8.533576] (-) TimerEvent: {}
[8.586289] (trolley_drive) CommandEnded: {'returncode': 0}
[8.594591] (trolley_drive) JobEnded: {'identifier': 'trolley_drive', 'rc': 0}
[8.595932] (-) EventReactorShutdown: {}
